{
"type": "FeatureCollection",
"name": "Area_Intervenidas_Visor",
"crs": { "type": "name", "properties": { "name": "urn:ogc:def:crs:OGC:1.3:CRS84" } },
"xy_coordinate_resolution": 1e-08,
"features": [
{ "type": "Feature", "properties": { "Proyecto": "Granada 0+900", "Municipio": "El Santuario", "Sector": "R", "Matricula": "018-92739", "Terreno_Co": "056970001000000070241000000000", "Propietari": "AVICOLA SAN MARTIN S.A", "Area_Total": 38922.0, "Area_Reque": 1947.73, "Area_Sobra": 36974.27, "Etiqueta": "241" }, "geometry": { "type": "Polygon", "coordinates": [ [ [ -75.24483505, 6.1264553, 0.0 ], [ -75.24482856, 6.12652802, 0.0 ], [ -75.24480127, 6.12651829, 0.0 ], [ -75.24474886, 6.12650615, 0.0 ], [ -75.24470385, 6.12648832, 0.0 ], [ -75.24466336, 6.12646791, 0.0 ], [ -75.24462282, 6.12644763, 0.0 ], [ -75.24458129, 6.12642983, 0.0 ], [ -75.24454253, 6.12641447, 0.0 ], [ -75.2445059, 6.12639539, 0.0 ], [ -75.24446585, 6.12638751, 0.0 ], [ -75.24442499, 6.12638722, 0.0 ], [ -75.24438458, 6.12638803, 0.0 ], [ -75.2443442, 6.12638858, 0.0 ], [ -75.24430392, 6.12639271, 0.0 ], [ -75.24426361, 6.12639878, 0.0 ], [ -75.24422401, 6.12640904, 0.0 ], [ -75.24418805, 6.12642879, 0.0 ], [ -75.24415377, 6.12645051, 0.0 ], [ -75.24411889, 6.1264707, 0.0 ], [ -75.24408583, 6.12649392, 0.0 ], [ -75.24405395, 6.12651902, 0.0 ], [ -75.2440241, 6.12654678, 0.0 ], [ -75.24399057, 6.1265726, 0.0 ], [ -75.24396532, 6.12660584, 0.0 ], [ -75.24394315, 6.12664139, 0.0 ], [ -75.24392562, 6.12667947, 0.0 ], [ -75.24390927, 6.12671823, 0.0 ], [ -75.24390033, 6.12675933, 0.0 ], [ -75.24389731, 6.1268012, 0.0 ], [ -75.24389148, 6.12684242, 0.0 ], [ -75.24389126, 6.12688595, 0.0 ], [ -75.24388965, 6.12693113, 0.0 ], [ -75.24389056, 6.12697003, 0.0 ], [ -75.24384665, 6.12697729, 0.0 ], [ -75.243807, 6.12698385, 0.0 ], [ -75.24379175, 6.12698631, 0.0 ], [ -75.24378945, 6.12698668, 0.0 ], [ -75.24378894, 6.12697435, 0.0 ], [ -75.24379326, 6.12692923, 0.0 ], [ -75.24379732, 6.12688409, 0.0 ], [ -75.24379578, 6.12683675, 0.0 ], [ -75.24380886, 6.12678851, 0.0 ], [ -75.2438253, 6.12674208, 0.0 ], [ -75.24383581, 6.12669475, 0.0 ], [ -75.24384933, 6.12664787, 0.0 ], [ -75.24386815, 6.12660271, 0.0 ], [ -75.24389409, 6.12656123, 0.0 ], [ -75.2439168, 6.12651735, 0.0 ], [ -75.24394635, 6.12647772, 0.0 ], [ -75.24397842, 6.12643975, 0.0 ], [ -75.24401277, 6.12640318, 0.0 ], [ -75.24405538, 6.12637678, 0.0 ], [ -75.24409522, 6.12634616, 0.0 ], [ -75.24413924, 6.12632179, 0.0 ], [ -75.24418468, 6.12629949, 0.0 ], [ -75.24423081, 6.1262762, 0.0 ], [ -75.244281, 6.12626546, 0.0 ], [ -75.24433203, 6.12626072, 0.0 ], [ -75.24438303, 6.12625588, 0.0 ], [ -75.24443447, 6.12625498, 0.0 ], [ -75.24448662, 6.12625443, 0.0 ], [ -75.24454041, 6.12625317, 0.0 ], [ -75.24458869, 6.12627581, 0.0 ], [ -75.2446276, 6.12631352, 0.0 ], [ -75.24467878, 6.12630709, 0.0 ], [ -75.24468391, 6.12630867, 0.0 ], [ -75.24471476, 6.12635222, 0.0 ], [ -75.24473903, 6.12638649, 0.0 ], [ -75.24474168, 6.1263898, 0.0 ], [ -75.24474469, 6.12639277, 0.0 ], [ -75.24474803, 6.12639537, 0.0 ], [ -75.24483505, 6.1264553, 0.0 ] ] ] } },
{ "type": "Feature", "properties": { "Proyecto": "Granada 0+900", "Municipio": "El Santuario", "Sector": "R", "Matricula": "018-13343", "Terreno_Co": "056970001000000070270000000000", "Propietari": "MARY ZULUAGA CARDONA", "Area_Total": 31192.0, "Area_Reque": 655.53, "Area_Sobra": 30536.47, "Etiqueta": "270" }, "geometry": { "type": "Polygon", "coordinates": [ [ [ -75.2394695, 6.12952959, 0.0 ], [ -75.23934962, 6.12958289, 0.0 ], [ -75.23933518, 6.12959073, 0.0 ], [ -75.23928694, 6.12950874, 0.0 ], [ -75.23924061, 6.12941968, 0.0 ], [ -75.23917363, 6.12930096, 0.0 ], [ -75.23914127, 6.12926714, 0.0 ], [ -75.23910132, 6.12924306, 0.0 ], [ -75.23904959, 6.12922951, 0.0 ], [ -75.23902964, 6.12923061, 0.0 ], [ -75.23896293, 6.12923976, 0.0 ], [ -75.23890434, 6.12925502, 0.0 ], [ -75.23888068, 6.12926616, 0.0 ], [ -75.23883387, 6.12929384, 0.0 ], [ -75.23873743, 6.12936399, 0.0 ], [ -75.23863766, 6.12943767, 0.0 ], [ -75.23858517, 6.12946536, 0.0 ], [ -75.238532, 6.12947446, 0.0 ], [ -75.23851954, 6.12947213, 0.0 ], [ -75.23853025, 6.12946359, 0.0 ], [ -75.23857252, 6.12944511, 0.0 ], [ -75.2386102, 6.12942014, 0.0 ], [ -75.23864745, 6.12939457, 0.0 ], [ -75.23868469, 6.12936898, 0.0 ], [ -75.238722, 6.12934351, 0.0 ], [ -75.23875831, 6.1293166, 0.0 ], [ -75.23879367, 6.12928837, 0.0 ], [ -75.23881465, 6.12923984, 0.0 ], [ -75.2388774, 6.12925154, 0.0 ], [ -75.23887801, 6.12925111, 0.0 ], [ -75.23891913, 6.12922412, 0.0 ], [ -75.23896815, 6.12920512, 0.0 ], [ -75.23902026, 6.12919818, 0.0 ], [ -75.23907253, 6.12920376, 0.0 ], [ -75.23913389, 6.12919773, 0.0 ], [ -75.23917475, 6.12924001, 0.0 ], [ -75.2392077, 6.12928462, 0.0 ], [ -75.23924401, 6.12932081, 0.0 ], [ -75.23927797, 6.12935343, 0.0 ], [ -75.2393093, 6.12938756, 0.0 ], [ -75.23933098, 6.12942092, 0.0 ], [ -75.23935204, 6.12945508, 0.0 ], [ -75.23942157, 6.12945815, 0.0 ], [ -75.23944591, 6.1294954, 0.0 ], [ -75.23946098, 6.12951977, 0.0 ], [ -75.2394695, 6.12952959, 0.0 ] ] ] } },
{ "type": "Feature", "properties": { "Proyecto": "Granada 0+900", "Municipio": "El Santuario", "Sector": "R", "Matricula": "018-SM", "Terreno_Co": "056970001000000200321000000000", "Propietari": "LA NACIÓN", "Area_Total": 73920.0, "Area_Reque": 849.09, "Area_Sobra": 73070.91, "Etiqueta": "321" }, "geometry": { "type": "Polygon", "coordinates": [ [ [ -75.24363837, 6.12777365, 0.0 ], [ -75.24363944, 6.1277472, 0.0 ], [ -75.24365084, 6.12770327, 0.0 ], [ -75.24367105, 6.1276625, 0.0 ], [ -75.24367819, 6.12761703, 0.0 ], [ -75.24369403, 6.1275747, 0.0 ], [ -75.24371092, 6.12753274, 0.0 ], [ -75.24372788, 6.1274908, 0.0 ], [ -75.24374943, 6.12745052, 0.0 ], [ -75.2437645, 6.12741001, 0.0 ], [ -75.24377401, 6.12736911, 0.0 ], [ -75.24378202, 6.12732801, 0.0 ], [ -75.24378765, 6.12728654, 0.0 ], [ -75.24379082, 6.1272448, 0.0 ], [ -75.24379249, 6.12720049, 0.0 ], [ -75.24379318, 6.12715529, 0.0 ], [ -75.24379282, 6.12711007, 0.0 ], [ -75.24379232, 6.12706485, 0.0 ], [ -75.24379082, 6.1270196, 0.0 ], [ -75.24378945, 6.12698668, 0.0 ], [ -75.24379175, 6.12698631, 0.0 ], [ -75.243807, 6.12698385, 0.0 ], [ -75.24384665, 6.12697729, 0.0 ], [ -75.24389056, 6.12697003, 0.0 ], [ -75.24389071, 6.12697637, 0.0 ], [ -75.24388968, 6.12702156, 0.0 ], [ -75.24388906, 6.12702683, 0.0 ], [ -75.24388435, 6.12706667, 0.0 ], [ -75.24385996, 6.12721614, 0.0 ], [ -75.24385667, 6.12732051, 0.0 ], [ -75.2438544, 6.12739243, 0.0 ], [ -75.24385103, 6.12740381, 0.0 ], [ -75.24379358, 6.1275975, 0.0 ], [ -75.24373984, 6.12769025, 0.0 ], [ -75.24370781, 6.127786, 0.0 ], [ -75.24370491, 6.12779282, 0.0 ], [ -75.24363837, 6.12777365, 0.0 ] ] ] } },
{ "type": "Feature", "properties": { "Proyecto": "Granada 0+900", "Municipio": "El Santuario", "Sector": "R", "Matricula": "018-21496", "Terreno_Co": "056970001000000070238000000000", "Propietari": "ARACELLY ZULUAGA GOMEZ", "Area_Total": 16906.0, "Area_Reque": 131.39, "Area_Sobra": 16774.61, "Etiqueta": "238" }, "geometry": { "type": "MultiPolygon", "coordinates": [ [ [ [ -75.24492645, 6.1264083, 0.0 ], [ -75.24491179, 6.12640375, 0.0 ], [ -75.24494163, 6.12640531, 0.0 ], [ -75.24498043, 6.12639953, 0.0 ], [ -75.24501701, 6.12638527, 0.0 ], [ -75.24505138, 6.12636646, 0.0 ], [ -75.24508264, 6.12634305, 0.0 ], [ -75.24511089, 6.12631632, 0.0 ], [ -75.24512699, 6.12629764, 0.0 ], [ -75.24509256, 6.12634444, 0.0 ], [ -75.24507542, 6.12636102, 0.0 ], [ -75.24504038, 6.12638557, 0.0 ], [ -75.24502173, 6.12639366, 0.0 ], [ -75.24500805, 6.1263996, 0.0 ], [ -75.24500029, 6.12640296, 0.0 ], [ -75.24499339, 6.12640398, 0.0 ], [ -75.244975, 6.12640669, 0.0 ], [ -75.24496518, 6.12640813, 0.0 ], [ -75.24492645, 6.1264083, 0.0 ] ] ], [ [ [ -75.24587492, 6.12555253, 0.0 ], [ -75.24588022, 6.12554865, 0.0 ], [ -75.24587797, 6.12555315, 0.0 ], [ -75.24583728, 6.12559483, 0.0 ], [ -75.24583026, 6.12560202, 0.0 ], [ -75.24580135, 6.1256236, 0.0 ], [ -75.24579164, 6.12563084, 0.0 ], [ -75.24569872, 6.12570019, 0.0 ], [ -75.24565789, 6.12572932, 0.0 ], [ -75.24553784, 6.12581499, 0.0 ], [ -75.24553399, 6.12581856, 0.0 ], [ -75.24549616, 6.12585354, 0.0 ], [ -75.24546796, 6.12587963, 0.0 ], [ -75.24546188, 6.12588525, 0.0 ], [ -75.2454555, 6.12589115, 0.0 ], [ -75.24537697, 6.12596378, 0.0 ], [ -75.24537568, 6.12596497, 0.0 ], [ -75.24531186, 6.1260419, 0.0 ], [ -75.2452732, 6.1260885, 0.0 ], [ -75.24525438, 6.12611119, 0.0 ], [ -75.24524706, 6.12612224, 0.0 ], [ -75.24520313, 6.12618863, 0.0 ], [ -75.24519311, 6.12620375, 0.0 ], [ -75.24516753, 6.12624242, 0.0 ], [ -75.24516672, 6.12624363, 0.0 ], [ -75.24515012, 6.12626621, 0.0 ], [ -75.24514392, 6.12627463, 0.0 ], [ -75.24515821, 6.12625181, 0.0 ], [ -75.24518247, 6.12621367, 0.0 ], [ -75.24520741, 6.12617598, 0.0 ], [ -75.24523243, 6.12613835, 0.0 ], [ -75.24525594, 6.12609973, 0.0 ], [ -75.24528241, 6.12606113, 0.0 ], [ -75.24531094, 6.1260227, 0.0 ], [ -75.24534187, 6.1259862, 0.0 ], [ -75.24537441, 6.12595118, 0.0 ], [ -75.24540911, 6.12591836, 0.0 ], [ -75.24544448, 6.12588635, 0.0 ], [ -75.24548063, 6.12585516, 0.0 ], [ -75.24551557, 6.12582637, 0.0 ], [ -75.245551, 6.12579833, 0.0 ], [ -75.24558674, 6.12577069, 0.0 ], [ -75.24562273, 6.12574338, 0.0 ], [ -75.24565925, 6.12571675, 0.0 ], [ -75.24569516, 6.12568934, 0.0 ], [ -75.24573046, 6.12566114, 0.0 ], [ -75.24576634, 6.12563368, 0.0 ], [ -75.24580205, 6.12560601, 0.0 ], [ -75.24583836, 6.1255791, 0.0 ], [ -75.24587492, 6.12555253, 0.0 ] ] ] ] } },
{ "type": "Feature", "properties": { "Proyecto": "Granada 0+900", "Municipio": "El Santuario", "Sector": "R", "Matricula": "018-74899", "Terreno_Co": "056970001000000200014000000000", "Propietari": "ISAMAR ADRIANA QUINTERO QUINTERO", "Area_Total": 5506.0, "Area_Reque": 327.89, "Area_Sobra": 5178.11, "Etiqueta": "14" }, "geometry": { "type": "Polygon", "coordinates": [ [ [ -75.23933518, 6.12959073, 0.0 ], [ -75.23934962, 6.12958289, 0.0 ], [ -75.2394695, 6.12952959, 0.0 ], [ -75.23948018, 6.1295419, 0.0 ], [ -75.23950255, 6.12956217, 0.0 ], [ -75.23952402, 6.12961034, 0.0 ], [ -75.23955967, 6.12964145, 0.0 ], [ -75.23959725, 6.12966819, 0.0 ], [ -75.23961378, 6.12967532, 0.0 ], [ -75.2395951, 6.12968513, 0.0 ], [ -75.23954115, 6.12971255, 0.0 ], [ -75.23951659, 6.12972503, 0.0 ], [ -75.23949231, 6.1297172, 0.0 ], [ -75.23946695, 6.12970902, 0.0 ], [ -75.23943452, 6.12969308, 0.0 ], [ -75.23942977, 6.12968928, 0.0 ], [ -75.23939261, 6.12965951, 0.0 ], [ -75.23935561, 6.12961485, 0.0 ], [ -75.23933518, 6.12959073, 0.0 ] ] ] } },
{ "type": "Feature", "properties": { "Proyecto": "Granada 0+900", "Municipio": "El Santuario", "Sector": "R", "Matricula": "018-73794", "Terreno_Co": "056970001000000200013000000000", "Propietari": "JOSE ALONSO GIRALDO ARISTIZABAL", "Area_Total": 6209.0, "Area_Reque": 732.93, "Area_Sobra": 5476.07, "Etiqueta": "13" }, "geometry": { "type": "Polygon", "coordinates": [ [ [ -75.24296154, 6.12844685, 0.0 ], [ -75.24305825, 6.12851538, 0.0 ], [ -75.24305701, 6.12851643, 0.0 ], [ -75.24302858, 6.12855274, 0.0 ], [ -75.24299677, 6.12858508, 0.0 ], [ -75.24296365, 6.12861297, 0.0 ], [ -75.24293528, 6.1286434, 0.0 ], [ -75.24290908, 6.12867556, 0.0 ], [ -75.24288424, 6.1287086, 0.0 ], [ -75.24285997, 6.12874201, 0.0 ], [ -75.24283564, 6.12877943, 0.0 ], [ -75.24281184, 6.12881786, 0.0 ], [ -75.24278812, 6.12885634, 0.0 ], [ -75.24277075, 6.12888304, 0.0 ], [ -75.24276781, 6.12887906, 0.0 ], [ -75.24271485, 6.12879788, 0.0 ], [ -75.2426996, 6.1287745, 0.0 ], [ -75.24268936, 6.12875881, 0.0 ], [ -75.24268835, 6.128757, 0.0 ], [ -75.24269623, 6.12874313, 0.0 ], [ -75.24272018, 6.1287048, 0.0 ], [ -75.2427456, 6.12866661, 0.0 ], [ -75.24277247, 6.12862444, 0.0 ], [ -75.24280339, 6.12858511, 0.0 ], [ -75.24283732, 6.12854834, 0.0 ], [ -75.2428736, 6.12851393, 0.0 ], [ -75.24291017, 6.12848327, 0.0 ], [ -75.24294708, 6.12845693, 0.0 ], [ -75.24296154, 6.12844685, 0.0 ] ] ] } },
{ "type": "Feature", "properties": { "Proyecto": "Granada 0+900", "Municipio": "El Santuario", "Sector": "R", "Matricula": "018-153855", "Terreno_Co": "056970001000000200282000000000", "Propietari": "VICTOR EDUARDO ARISTIZABAL ARISTIZABAL", "Area_Total": 9451.0, "Area_Reque": 131.61, "Area_Sobra": 9319.39, "Etiqueta": "282" }, "geometry": { "type": "Polygon", "coordinates": [ [ [ -75.24385103, 6.12740381, 0.0 ], [ -75.2438544, 6.12739243, 0.0 ], [ -75.24385667, 6.12732051, 0.0 ], [ -75.24385996, 6.12721614, 0.0 ], [ -75.24387912, 6.12709871, 0.0 ], [ -75.24388435, 6.12706667, 0.0 ], [ -75.24389009, 6.12711199, 0.0 ], [ -75.24390809, 6.12715756, 0.0 ], [ -75.24390967, 6.12720281, 0.0 ], [ -75.24390701, 6.12724912, 0.0 ], [ -75.24390193, 6.12729846, 0.0 ], [ -75.24389022, 6.12734666, 0.0 ], [ -75.24385862, 6.12738959, 0.0 ], [ -75.24385537, 6.12740749, 0.0 ], [ -75.24385103, 6.12740381, 0.0 ] ] ] } },
{ "type": "Feature", "properties": { "Proyecto": "Granada 0+900", "Municipio": "El Santuario", "Sector": "R", "Matricula": "018-51823", "Terreno_Co": "056970001000000200032000000000", "Propietari": "DUVER OSVALDO BOTERO RAMIREZ", "Area_Total": 25689.0, "Area_Reque": 350.17, "Area_Sobra": 25338.83, "Etiqueta": "32" }, "geometry": { "type": "Polygon", "coordinates": [ [ [ -75.23845467, 6.12953015, 0.0 ], [ -75.23848492, 6.12955749, 0.0 ], [ -75.23849131, 6.12956499, 0.0 ], [ -75.23850848, 6.12958515, 0.0 ], [ -75.23853439, 6.12963239, 0.0 ], [ -75.23849355, 6.12964619, 0.0 ], [ -75.2384556, 6.12967076, 0.0 ], [ -75.23841779, 6.12969555, 0.0 ], [ -75.23837895, 6.12971888, 0.0 ], [ -75.23833925, 6.12974099, 0.0 ], [ -75.23830154, 6.12976592, 0.0 ], [ -75.238262, 6.12979259, 0.0 ], [ -75.23821806, 6.12981776, 0.0 ], [ -75.23821732, 6.12981813, 0.0 ], [ -75.2382024, 6.12978848, 0.0 ], [ -75.23820721, 6.12978394, 0.0 ], [ -75.23823339, 6.1297592, 0.0 ], [ -75.23827608, 6.12971884, 0.0 ], [ -75.2383245, 6.12967307, 0.0 ], [ -75.23833902, 6.12965594, 0.0 ], [ -75.23837359, 6.12961513, 0.0 ], [ -75.23841309, 6.1295591, 0.0 ], [ -75.23842304, 6.12954497, 0.0 ], [ -75.23843202, 6.12953223, 0.0 ], [ -75.23843892, 6.12952244, 0.0 ], [ -75.23844953, 6.1295255, 0.0 ], [ -75.23845467, 6.12953015, 0.0 ] ] ] } },
{ "type": "Feature", "properties": { "Proyecto": "Granada 0+900", "Municipio": "El Santuario", "Sector": "R", "Matricula": "018-64771", "Terreno_Co": "056970001000000200012000000000", "Propietari": "FRANCISCO DE PAULA GIRALDO ARISTIZABAL", "Area_Total": 12335.0, "Area_Reque": 1153.56, "Area_Sobra": 11181.44, "Etiqueta": "12" }, "geometry": { "type": "Polygon", "coordinates": [ [ [ -75.24296154, 6.12844685, 0.0 ], [ -75.24298432, 6.12843097, 0.0 ], [ -75.24302166, 6.12840514, 0.0 ], [ -75.24305918, 6.12837952, 0.0 ], [ -75.24309548, 6.12835247, 0.0 ], [ -75.24312703, 6.12831983, 0.0 ], [ -75.24316539, 6.12829519, 0.0 ], [ -75.24320507, 6.12827211, 0.0 ], [ -75.24324273, 6.12824665, 0.0 ], [ -75.24327138, 6.12821061, 0.0 ], [ -75.24330431, 6.12817958, 0.0 ], [ -75.24333724, 6.12814856, 0.0 ], [ -75.24337079, 6.12811828, 0.0 ], [ -75.24340586, 6.12808978, 0.0 ], [ -75.24344178, 6.12806228, 0.0 ], [ -75.24347798, 6.1280351, 0.0 ], [ -75.24351155, 6.12801041, 0.0 ], [ -75.24354222, 6.12798298, 0.0 ], [ -75.24356808, 6.12795083, 0.0 ], [ -75.24358321, 6.12791215, 0.0 ], [ -75.24358947, 6.12787087, 0.0 ], [ -75.24359885, 6.12782867, 0.0 ], [ -75.24363752, 6.12779454, 0.0 ], [ -75.24363837, 6.12777365, 0.0 ], [ -75.24370491, 6.12779282, 0.0 ], [ -75.24370547, 6.12779298, 0.0 ], [ -75.24370264, 6.12779814, 0.0 ], [ -75.24368726, 6.12783431, 0.0 ], [ -75.24361421, 6.12800612, 0.0 ], [ -75.24359213, 6.12805722, 0.0 ], [ -75.2435693, 6.12806822, 0.0 ], [ -75.24353568, 6.12810293, 0.0 ], [ -75.24350147, 6.12813245, 0.0 ], [ -75.24346639, 6.12816094, 0.0 ], [ -75.24343093, 6.12818898, 0.0 ], [ -75.24340102, 6.12822355, 0.0 ], [ -75.24338988, 6.12828018, 0.0 ], [ -75.24336414, 6.12831966, 0.0 ], [ -75.2433222, 6.12834009, 0.0 ], [ -75.24327828, 6.12835819, 0.0 ], [ -75.2432341, 6.12837597, 0.0 ], [ -75.24318966, 6.12839346, 0.0 ], [ -75.24315867, 6.12842676, 0.0 ], [ -75.24312518, 6.12845711, 0.0 ], [ -75.24309161, 6.12848738, 0.0 ], [ -75.24305825, 6.12851538, 0.0 ], [ -75.24296154, 6.12844685, 0.0 ] ] ] } },
{ "type": "Feature", "properties": { "Proyecto": "Granada 0+900", "Municipio": "El Santuario", "Sector": "R", "Matricula": "018-109482", "Terreno_Co": "056970001000000200287000000000", "Propietari": "LUIS DANILO BOTERO ARISTIZABAL", "Area_Total": 8708.0, "Area_Reque": 814.43, "Area_Sobra": 7893.57, "Etiqueta": "287" }, "geometry": { "type": "Polygon", "coordinates": [ [ [ -75.24248391, 6.12930544, 0.0 ], [ -75.24248243, 6.12930523, 0.0 ], [ -75.24247508, 6.12930417, 0.0 ], [ -75.24238224, 6.12929083, 0.0 ], [ -75.24238209, 6.12923961, 0.0 ], [ -75.24240803, 6.12920257, 0.0 ], [ -75.24243494, 6.12916616, 0.0 ], [ -75.24246524, 6.12913193, 0.0 ], [ -75.24249554, 6.1290977, 0.0 ], [ -75.24252798, 6.12906487, 0.0 ], [ -75.24255399, 6.12902786, 0.0 ], [ -75.24257016, 6.12898451, 0.0 ], [ -75.24258686, 6.12894149, 0.0 ], [ -75.24260521, 6.12889954, 0.0 ], [ -75.24262745, 6.1288601, 0.0 ], [ -75.24265049, 6.12882118, 0.0 ], [ -75.24267319, 6.12878364, 0.0 ], [ -75.24274555, 6.12889455, 0.0 ], [ -75.24275173, 6.12890293, 0.0 ], [ -75.24275468, 6.12890693, 0.0 ], [ -75.24275269, 6.12890993, 0.0 ], [ -75.24273931, 6.12893011, 0.0 ], [ -75.24272646, 6.12894951, 0.0 ], [ -75.24272162, 6.12896062, 0.0 ], [ -75.24270132, 6.12898684, 0.0 ], [ -75.24268444, 6.12901128, 0.0 ], [ -75.24266414, 6.12904055, 0.0 ], [ -75.24263931, 6.12907623, 0.0 ], [ -75.24261183, 6.12912166, 0.0 ], [ -75.24258147, 6.12917186, 0.0 ], [ -75.24257037, 6.1292053, 0.0 ], [ -75.24255949, 6.12923811, 0.0 ], [ -75.24254289, 6.12928813, 0.0 ], [ -75.24253785, 6.1293003, 0.0 ], [ -75.24253281, 6.12931246, 0.0 ], [ -75.24252904, 6.12931181, 0.0 ], [ -75.24248391, 6.12930544, 0.0 ] ] ] } },
{ "type": "Feature", "properties": { "Proyecto": "Granada 0+900", "Municipio": "El Santuario", "Sector": "R", "Matricula": "018-8690", "Terreno_Co": "056970001000000070237000000000", "Propietari": "EDGAR NICOLAS ECHEVERRY HOYOS", "Area_Total": 21782.0, "Area_Reque": 114.82, "Area_Sobra": 21667.18, "Etiqueta": "237" }, "geometry": { "type": "Polygon", "coordinates": [ [ [ -75.24552574, 6.12592174, 0.0 ], [ -75.24558982, 6.12587376, 0.0 ], [ -75.24561802, 6.12585265, 0.0 ], [ -75.24569708, 6.12579346, 0.0 ], [ -75.24590527, 6.12563897, 0.0 ], [ -75.2459158, 6.12563568, 0.0 ], [ -75.24591583, 6.12563567, 0.0 ], [ -75.24592673, 6.12563417, 0.0 ], [ -75.24592871, 6.12563422, 0.0 ], [ -75.24589859, 6.12565693, 0.0 ], [ -75.24586276, 6.12568444, 0.0 ], [ -75.24582694, 6.12571198, 0.0 ], [ -75.24579114, 6.12573954, 0.0 ], [ -75.24575535, 6.1257671, 0.0 ], [ -75.24572044, 6.12579581, 0.0 ], [ -75.24568819, 6.12582795, 0.0 ], [ -75.24565446, 6.12585819, 0.0 ], [ -75.24561965, 6.12588703, 0.0 ], [ -75.24558419, 6.12591502, 0.0 ], [ -75.24554741, 6.12594118, 0.0 ], [ -75.24553235, 6.12596101, 0.0 ], [ -75.24552574, 6.12592174, 0.0 ] ] ] } },
{ "type": "Feature", "properties": { "Proyecto": "Granada 0+900", "Municipio": "El Santuario", "Sector": "R", "Matricula": "018-99233", "Terreno_Co": "6972001000002000163", "Propietari": "WILFER SALAZAR RAMIREZ", "Area_Total": 15914.0, "Area_Reque": 2265.33, "Area_Sobra": 13648.67, "Etiqueta": "163" }, "geometry": { "type": "Polygon", "coordinates": [ [ [ -75.23961378, 6.12967532, 0.0 ], [ -75.23963873, 6.12968607, 0.0 ], [ -75.23967969, 6.12970512, 0.0 ], [ -75.23972268, 6.12971959, 0.0 ], [ -75.2397697, 6.12972491, 0.0 ], [ -75.2398114, 6.12974228, 0.0 ], [ -75.23985341, 6.12975897, 0.0 ], [ -75.23989387, 6.12977917, 0.0 ], [ -75.23993722, 6.12979282, 0.0 ], [ -75.23998159, 6.12980415, 0.0 ], [ -75.24003155, 6.1298028, 0.0 ], [ -75.24007528, 6.12981557, 0.0 ], [ -75.24010739, 6.12985472, 0.0 ], [ -75.24013967, 6.12987846, 0.0 ], [ -75.24017312, 6.1298982, 0.0 ], [ -75.24020954, 6.12991509, 0.0 ], [ -75.24024878, 6.12992814, 0.0 ], [ -75.24028931, 6.12992672, 0.0 ], [ -75.24032947, 6.12992052, 0.0 ], [ -75.24036806, 6.12990788, 0.0 ], [ -75.24040463, 6.12989062, 0.0 ], [ -75.24043736, 6.12986711, 0.0 ], [ -75.24046745, 6.12984122, 0.0 ], [ -75.24050434, 6.12981191, 0.0 ], [ -75.24054664, 6.1297844, 0.0 ], [ -75.24059531, 6.12976969, 0.0 ], [ -75.24064054, 6.1297492, 0.0 ], [ -75.24068305, 6.12971297, 0.0 ], [ -75.24073154, 6.12968316, 0.0 ], [ -75.24078567, 6.12968619, 0.0 ], [ -75.24083884, 6.12968949, 0.0 ], [ -75.24089065, 6.1297012, 0.0 ], [ -75.24094029, 6.12971875, 0.0 ], [ -75.24098958, 6.12973515, 0.0 ], [ -75.24102917, 6.12976345, 0.0 ], [ -75.24106541, 6.12977094, 0.0 ], [ -75.24106576, 6.12977213, 0.0 ], [ -75.24113517, 6.12989293, 0.0 ], [ -75.24116105, 6.12992404, 0.0 ], [ -75.24111953, 6.12992073, 0.0 ], [ -75.24107381, 6.12990278, 0.0 ], [ -75.24102781, 6.12988672, 0.0 ], [ -75.24098605, 6.12986421, 0.0 ], [ -75.24094387, 6.12985316, 0.0 ], [ -75.2409047, 6.12984754, 0.0 ], [ -75.24086574, 6.12984662, 0.0 ], [ -75.24082786, 6.1298465, 0.0 ], [ -75.24079066, 6.12985187, 0.0 ], [ -75.24075306, 6.12984771, 0.0 ], [ -75.24071275, 6.12983982, 0.0 ], [ -75.24066989, 6.12983491, 0.0 ], [ -75.24063034, 6.12984612, 0.0 ], [ -75.24059706, 6.12987051, 0.0 ], [ -75.24056178, 6.12989073, 0.0 ], [ -75.24052581, 6.12991544, 0.0 ], [ -75.24048354, 6.12994155, 0.0 ], [ -75.2404395, 6.1299639, 0.0 ], [ -75.24039408, 6.12998306, 0.0 ], [ -75.2403469, 6.12999765, 0.0 ], [ -75.24029806, 6.13000505, 0.0 ], [ -75.24024879, 6.13001012, 0.0 ], [ -75.24019857, 6.1300136, 0.0 ], [ -75.24014653, 6.13001609, 0.0 ], [ -75.24009515, 6.13000721, 0.0 ], [ -75.24004834, 6.12998864, 0.0 ], [ -75.2400132, 6.12995638, 0.0 ], [ -75.23997606, 6.12992864, 0.0 ], [ -75.2399352, 6.12990935, 0.0 ], [ -75.2398938, 6.1298913, 0.0 ], [ -75.23985235, 6.12987333, 0.0 ], [ -75.2398107, 6.12985583, 0.0 ], [ -75.23976915, 6.12983811, 0.0 ], [ -75.23972761, 6.12982037, 0.0 ], [ -75.23968612, 6.12980251, 0.0 ], [ -75.23964488, 6.12978408, 0.0 ], [ -75.23960349, 6.12976598, 0.0 ], [ -75.23956263, 6.1297467, 0.0 ], [ -75.2395218, 6.12972735, 0.0 ], [ -75.23951659, 6.12972503, 0.0 ], [ -75.23959603, 6.12968464, 0.0 ], [ -75.23960504, 6.12967991, 0.0 ], [ -75.23961378, 6.12967532, 0.0 ] ] ] } },
{ "type": "Feature", "properties": { "Proyecto": "Granada 0+900", "Municipio": "El Santuario", "Sector": "R", "Matricula": "018-175053", "Terreno_Co": "6972001000002000016", "Propietari": "WILFER SALAZAR RAMIREZ", "Area_Total": 15232.0, "Area_Reque": 730.17, "Area_Sobra": 14501.83, "Etiqueta": "16" }, "geometry": { "type": "Polygon", "coordinates": [ [ [ -75.24116105, 6.12992404, 0.0 ], [ -75.24113517, 6.12989293, 0.0 ], [ -75.24106576, 6.12977213, 0.0 ], [ -75.24106541, 6.12977094, 0.0 ], [ -75.2410719, 6.12977228, 0.0 ], [ -75.24111024, 6.1297872, 0.0 ], [ -75.24114914, 6.12980122, 0.0 ], [ -75.24118913, 6.12981221, 0.0 ], [ -75.2412299, 6.12982045, 0.0 ], [ -75.24127101, 6.12983018, 0.0 ], [ -75.241313, 6.129833, 0.0 ], [ -75.24135511, 6.12983195, 0.0 ], [ -75.24139685, 6.12982635, 0.0 ], [ -75.2414379, 6.12981722, 0.0 ], [ -75.24147813, 6.12980553, 0.0 ], [ -75.24152229, 6.12979745, 0.0 ], [ -75.24156672, 6.12978872, 0.0 ], [ -75.24161054, 6.12977776, 0.0 ], [ -75.2416318, 6.12977149, 0.0 ], [ -75.24163183, 6.1297715, 0.0 ], [ -75.2416893, 6.12979942, 0.0 ], [ -75.24170488, 6.12982091, 0.0 ], [ -75.24171596, 6.12984564, 0.0 ], [ -75.24167883, 6.12985707, 0.0 ], [ -75.24163496, 6.12986784, 0.0 ], [ -75.24159224, 6.12988288, 0.0 ], [ -75.24154888, 6.12989555, 0.0 ], [ -75.24150464, 6.1299065, 0.0 ], [ -75.24145693, 6.12991395, 0.0 ], [ -75.24140976, 6.12992373, 0.0 ], [ -75.24136189, 6.12992954, 0.0 ], [ -75.24131367, 6.12993014, 0.0 ], [ -75.24126561, 6.12992736, 0.0 ], [ -75.24121719, 6.12992767, 0.0 ], [ -75.24116862, 6.12992465, 0.0 ], [ -75.24116105, 6.12992404, 0.0 ] ] ] } },
{ "type": "Feature", "properties": { "Proyecto": "Granada 0+900", "Municipio": "El Santuario", "Sector": "R", "Matricula": "018-99234", "Terreno_Co": "6972001000002000015", "Propietari": "WILFER SALAZAR RAMIREZ", "Area_Total": 23929.0, "Area_Reque": 1067.88, "Area_Sobra": 22861.12, "Etiqueta": "15" }, "geometry": { "type": "Polygon", "coordinates": [ [ [ -75.2416318, 6.12977149, 0.0 ], [ -75.24165388, 6.12976497, 0.0 ], [ -75.2416973, 6.12975252, 0.0 ], [ -75.2417408, 6.12974037, 0.0 ], [ -75.24178433, 6.12972834, 0.0 ], [ -75.24182787, 6.12971631, 0.0 ], [ -75.24187139, 6.12970424, 0.0 ], [ -75.24191475, 6.12969155, 0.0 ], [ -75.24195809, 6.1296788, 0.0 ], [ -75.24200506, 6.12967946, 0.0 ], [ -75.24204748, 6.12966655, 0.0 ], [ -75.24208521, 6.12965233, 0.0 ], [ -75.24212088, 6.12963364, 0.0 ], [ -75.24215391, 6.12961073, 0.0 ], [ -75.24218463, 6.1295848, 0.0 ], [ -75.24221099, 6.12955447, 0.0 ], [ -75.24223473, 6.12952104, 0.0 ], [ -75.2422597, 6.12948337, 0.0 ], [ -75.24228657, 6.12944693, 0.0 ], [ -75.24230994, 6.12940822, 0.0 ], [ -75.2423322, 6.1293688, 0.0 ], [ -75.24235696, 6.129331, 0.0 ], [ -75.24238225, 6.12929353, 0.0 ], [ -75.24238224, 6.12929083, 0.0 ], [ -75.24247508, 6.12930417, 0.0 ], [ -75.24248243, 6.12930523, 0.0 ], [ -75.24248391, 6.12930544, 0.0 ], [ -75.2424574, 6.1293421, 0.0 ], [ -75.24243717, 6.12938284, 0.0 ], [ -75.24241651, 6.12942329, 0.0 ], [ -75.24239157, 6.12946098, 0.0 ], [ -75.24236235, 6.12949591, 0.0 ], [ -75.24233471, 6.12953185, 0.0 ], [ -75.24230788, 6.12956832, 0.0 ], [ -75.2422826, 6.12961179, 0.0 ], [ -75.24224912, 6.12965082, 0.0 ], [ -75.24220524, 6.129678, 0.0 ], [ -75.24216067, 6.12970157, 0.0 ], [ -75.24211572, 6.12972291, 0.0 ], [ -75.24206903, 6.1297398, 0.0 ], [ -75.24202814, 6.12976461, 0.0 ], [ -75.24198425, 6.12977532, 0.0 ], [ -75.24194032, 6.12978591, 0.0 ], [ -75.24189649, 6.12979685, 0.0 ], [ -75.24185326, 6.12980999, 0.0 ], [ -75.24180983, 6.12982244, 0.0 ], [ -75.24176641, 6.12983488, 0.0 ], [ -75.24172203, 6.12984377, 0.0 ], [ -75.24171596, 6.12984564, 0.0 ], [ -75.24170488, 6.12982091, 0.0 ], [ -75.2416893, 6.12979942, 0.0 ], [ -75.24163183, 6.1297715, 0.0 ], [ -75.2416318, 6.12977149, 0.0 ] ] ] } },
{ "type": "Feature", "properties": { "Proyecto": "Granada 0+900", "Municipio": "El Santuario", "Sector": "R", "Matricula": "018-12539", "Terreno_Co": "6970001000000200031", "Propietari": "MARGARITA N. SALAZAR DE MONTOYA", "Area_Total": 5172.0, "Area_Reque": 418.87, "Area_Sobra": 4753.13, "Etiqueta": "31" }, "geometry": { "type": "Polygon", "coordinates": [ [ [ -75.2389033, 6.12936492, 0.0 ], [ -75.2388928, 6.12937225, 0.0 ], [ -75.23886625, 6.12939077, 0.0 ], [ -75.23882826, 6.12941529, 0.0 ], [ -75.23878999, 6.12943943, 0.0 ], [ -75.23875421, 6.12946707, 0.0 ], [ -75.23870972, 6.12948243, 0.0 ], [ -75.23867048, 6.12950519, 0.0 ], [ -75.23863707, 6.12953617, 0.0 ], [ -75.23862496, 6.12959721, 0.0 ], [ -75.23859036, 6.12962652, 0.0 ], [ -75.23853823, 6.12963109, 0.0 ], [ -75.23853439, 6.12963239, 0.0 ], [ -75.23850848, 6.12958515, 0.0 ], [ -75.23849131, 6.12956499, 0.0 ], [ -75.23848492, 6.12955749, 0.0 ], [ -75.23845467, 6.12953015, 0.0 ], [ -75.23844953, 6.1295255, 0.0 ], [ -75.23843892, 6.12952244, 0.0 ], [ -75.23845174, 6.12950166, 0.0 ], [ -75.23846434, 6.12950479, 0.0 ], [ -75.23847716, 6.12951, 0.0 ], [ -75.23850032, 6.12951942, 0.0 ], [ -75.23853641, 6.12952098, 0.0 ], [ -75.23858887, 6.1295065, 0.0 ], [ -75.23862615, 6.12948672, 0.0 ], [ -75.23868841, 6.12944964, 0.0 ], [ -75.23877857, 6.12937242, 0.0 ], [ -75.23881752, 6.12934556, 0.0 ], [ -75.23890265, 6.12930048, 0.0 ], [ -75.23893887, 6.12929182, 0.0 ], [ -75.23891877, 6.12930862, 0.0 ], [ -75.23891821, 6.1293091, 0.0 ], [ -75.2389033, 6.12936492, 0.0 ] ] ] } },
{ "type": "Feature", "properties": { "Proyecto": "Granada 0+900", "Municipio": "El Santuario", "Sector": "R", "Matricula": "018-154200", "Terreno_Co": "6970001000000070409", "Propietari": "AURA NELLY ARISTIZABAL DE ARISTIZABAL", "Area_Total": 7249.0, "Area_Reque": 392.76, "Area_Sobra": 6856.24, "Etiqueta": "409" }, "geometry": { "type": "Polygon", "coordinates": [ [ [ -75.24550437, 6.12598823, 0.0 ], [ -75.2454875, 6.12600082, 0.0 ], [ -75.2454533, 6.12602627, 0.0 ], [ -75.24542283, 6.12605588, 0.0 ], [ -75.24539856, 6.1260908, 0.0 ], [ -75.24537699, 6.12612732, 0.0 ], [ -75.24535906, 6.12616739, 0.0 ], [ -75.2453395, 6.12620861, 0.0 ], [ -75.24531001, 6.12624331, 0.0 ], [ -75.24527926, 6.12627719, 0.0 ], [ -75.2452481, 6.12631079, 0.0 ], [ -75.24521756, 6.1263493, 0.0 ], [ -75.24518356, 6.12638809, 0.0 ], [ -75.24514403, 6.12642106, 0.0 ], [ -75.24510198, 6.12645055, 0.0 ], [ -75.2450559, 6.12647313, 0.0 ], [ -75.24500774, 6.12649045, 0.0 ], [ -75.24495814, 6.12650328, 0.0 ], [ -75.24490801, 6.1265297, 0.0 ], [ -75.24485342, 6.12653688, 0.0 ], [ -75.24482856, 6.12652802, 0.0 ], [ -75.24483505, 6.1264553, 0.0 ], [ -75.2448376, 6.1264569, 0.0 ], [ -75.24484339, 6.12645957, 0.0 ], [ -75.24488976, 6.12647604, 0.0 ], [ -75.24490737, 6.12648229, 0.0 ], [ -75.24491185, 6.12648357, 0.0 ], [ -75.24491646, 6.12648425, 0.0 ], [ -75.24492111, 6.12648434, 0.0 ], [ -75.24497274, 6.12648197, 0.0 ], [ -75.24497751, 6.12648143, 0.0 ], [ -75.24498191, 6.12648034, 0.0 ], [ -75.24504207, 6.12646143, 0.0 ], [ -75.24504375, 6.12646086, 0.0 ], [ -75.24504968, 6.12645803, 0.0 ], [ -75.24510857, 6.12642248, 0.0 ], [ -75.24511325, 6.12641911, 0.0 ], [ -75.24511664, 6.12641583, 0.0 ], [ -75.24517161, 6.12635531, 0.0 ], [ -75.24517265, 6.12635411, 0.0 ], [ -75.24517347, 6.12635308, 0.0 ], [ -75.24523125, 6.12627819, 0.0 ], [ -75.24523223, 6.12627685, 0.0 ], [ -75.24529425, 6.1261883, 0.0 ], [ -75.24529489, 6.12618736, 0.0 ], [ -75.2453491, 6.12610456, 0.0 ], [ -75.24535229, 6.12609969, 0.0 ], [ -75.24536994, 6.12607804, 0.0 ], [ -75.24541623, 6.12602126, 0.0 ], [ -75.24542564, 6.12601194, 0.0 ], [ -75.2454888, 6.1259494, 0.0 ], [ -75.24550558, 6.12593683, 0.0 ], [ -75.24552574, 6.12592174, 0.0 ], [ -75.24553235, 6.12596101, 0.0 ], [ -75.24552124, 6.12597564, 0.0 ], [ -75.24550437, 6.12598823, 0.0 ] ] ] } },
{ "type": "Feature", "properties": { "Proyecto": "San Antonio de Prado", "Municipio": "Medellin", "Sector": "U", "Matricula": "001-507922", "Terreno_Co": "050010080000400000041", "Propietari": "OLIVIA RESTREPO Y OTROS", "Area_Total": 4845.0, "Area_Reque": 10.28, "Area_Sobra": 4834.72, "Etiqueta": "41" }, "geometry": { "type": "Polygon", "coordinates": [ [ [ -75.66434672, 6.18992332, 0.0 ], [ -75.66434349, 6.1899492, 0.0 ], [ -75.66431889, 6.1899576, 0.0 ], [ -75.66430965, 6.18993049, 0.0 ], [ -75.66434672, 6.18992332, 0.0 ] ] ] } },
{ "type": "Feature", "properties": { "Proyecto": "San Antonio de Prado", "Municipio": "Medellin", "Sector": "U", "Matricula": "001-507923", "Terreno_Co": "050010008800400000238", "Propietari": "LUIS FERNANDO ESTRADA G.", "Area_Total": 2368.0, "Area_Reque": 34.73, "Area_Sobra": 2333.27, "Etiqueta": "238" }, "geometry": { "type": "Polygon", "coordinates": [ [ [ -75.66434672, 6.18992332, 0.0 ], [ -75.66439471, 6.18990731, 0.0 ], [ -75.66442628, 6.18989286, 0.0 ], [ -75.66445469, 6.18987592, 0.0 ], [ -75.66445794, 6.1898733, 0.0 ], [ -75.66446834, 6.1898929, 0.0 ], [ -75.66439659, 6.18993106, 0.0 ], [ -75.66434349, 6.1899492, 0.0 ], [ -75.66434672, 6.18992332, 0.0 ] ] ] } },
{ "type": "Feature", "properties": { "Proyecto": "Mi Casita Venecia", "Municipio": "Venecia", "Sector": "R", "Matricula": "010-15312", "Terreno_Co": "058612002000000200261000000000", "Propietari": "RAMON ALBERTO AGUDELO VERGARA", "Area_Total": 27198.0, "Area_Reque": 222.02, "Area_Sobra": 26975.98, "Etiqueta": "261" }, "geometry": { "type": "Polygon", "coordinates": [ [ [ -75.75029295, 5.96160025, 0.0 ], [ -75.7502853, 5.96158366, 0.0 ], [ -75.75025627, 5.96155203, 0.0 ], [ -75.7502384, 5.9615345, 0.0 ], [ -75.75025423, 5.96152911, 0.0 ], [ -75.75026835, 5.9615243, 0.0 ], [ -75.75031026, 5.96151545, 0.0 ], [ -75.75033727, 5.961517, 0.0 ], [ -75.75035495, 5.96152052, 0.0 ], [ -75.75036662, 5.96152388, 0.0 ], [ -75.75041929, 5.96154919, 0.0 ], [ -75.75046058, 5.9615617, 0.0 ], [ -75.75049431, 5.96156873, 0.0 ], [ -75.75052219, 5.96157492, 0.0 ], [ -75.75056133, 5.96158187, 0.0 ], [ -75.75063712, 5.96158958, 0.0 ], [ -75.75065656, 5.96159311, 0.0 ], [ -75.75069201, 5.96159302, 0.0 ], [ -75.75070487, 5.96159239, 0.0 ], [ -75.75070551, 5.96159357, 0.0 ], [ -75.750655, 5.9616004, 0.0 ], [ -75.75064371, 5.96160073, 0.0 ], [ -75.75059148, 5.96160228, 0.0 ], [ -75.7505012, 5.96160351, 0.0 ], [ -75.75041093, 5.96159813, 0.0 ], [ -75.7504036, 5.96160875, 0.0 ], [ -75.75040203, 5.96161075, 0.0 ], [ -75.75040176, 5.961611, 0.0 ], [ -75.75040014, 5.96161246, 0.0 ], [ -75.75039799, 5.96161381, 0.0 ], [ -75.75039563, 5.96161477, 0.0 ], [ -75.75039315, 5.96161532, 0.0 ], [ -75.75039167, 5.96161538, 0.0 ], [ -75.75039144, 5.96160037, 0.0 ], [ -75.75039136, 5.96160029, 0.0 ], [ -75.75037649, 5.96160029, 0.0 ], [ -75.75029295, 5.96160025, 0.0 ] ] ] } },
{ "type": "Feature", "properties": { "Proyecto": "Mi Casita Venecia", "Municipio": "Venecia", "Sector": "R", "Matricula": "010-12231", "Terreno_Co": "058612001000000100084000000000", "Propietari": "LIBARDO ERNESTO VELASQUEZ ZAPATA", "Area_Total": 11000.0, "Area_Reque": 73.33, "Area_Sobra": 10926.67, "Etiqueta": "84" }, "geometry": { "type": "Polygon", "coordinates": [ [ [ -75.75000044, 5.96149285, 0.0 ], [ -75.75000603, 5.96149196, 0.0 ], [ -75.7500078, 5.96149197, 0.0 ], [ -75.75000895, 5.9615269, 0.0 ], [ -75.750042, 5.96152692, 0.0 ], [ -75.75015111, 5.96152697, 0.0 ], [ -75.75014419, 5.96152992, 0.0 ], [ -75.75010683, 5.9615485, 0.0 ], [ -75.75008607, 5.96155161, 0.0 ], [ -75.75004917, 5.96155055, 0.0 ], [ -75.75004117, 5.96155011, 0.0 ], [ -75.75001645, 5.96154875, 0.0 ], [ -75.74996848, 5.96154585, 0.0 ], [ -75.74992669, 5.96154164, 0.0 ], [ -75.74988735, 5.96154063, 0.0 ], [ -75.7498856, 5.96153958, 0.0 ], [ -75.74994936, 5.96152046, 0.0 ], [ -75.74999011, 5.96149736, 0.0 ], [ -75.74999019, 5.96149731, 0.0 ], [ -75.74999509, 5.96149466, 0.0 ], [ -75.75000044, 5.96149285, 0.0 ] ] ] } },
{ "type": "Feature", "properties": { "Proyecto": "Mi Casita Venecia", "Municipio": "Venecia", "Sector": "R", "Matricula": "010-2244", "Terreno_Co": "058610001000000010094000000000", "Propietari": "MIGUEL ZAPATA", "Area_Total": 10000.0, "Area_Reque": 58.97, "Area_Sobra": 9941.03, "Etiqueta": "94" }, "geometry": { "type": "Polygon", "coordinates": [ [ [ -75.75004981, 5.96161126, 0.0 ], [ -75.74997918, 5.96159567, 0.0 ], [ -75.7500158, 5.96159372, 0.0 ], [ -75.75005953, 5.96159507, 0.0 ], [ -75.75009151, 5.96159349, 0.0 ], [ -75.75010725, 5.9615912, 0.0 ], [ -75.75013441, 5.96158517, 0.0 ], [ -75.75014791, 5.9615846, 0.0 ], [ -75.75016183, 5.961584, 0.0 ], [ -75.75018197, 5.96156509, 0.0 ], [ -75.75019747, 5.96155054, 0.0 ], [ -75.75020497, 5.96156342, 0.0 ], [ -75.75021391, 5.96157879, 0.0 ], [ -75.75021463, 5.96157986, 0.0 ], [ -75.75021493, 5.96158032, 0.0 ], [ -75.75021608, 5.96158203, 0.0 ], [ -75.75021674, 5.96158303, 0.0 ], [ -75.75021741, 5.96158402, 0.0 ], [ -75.75021855, 5.96158574, 0.0 ], [ -75.75021886, 5.96158619, 0.0 ], [ -75.75022218, 5.96159117, 0.0 ], [ -75.75022429, 5.96159433, 0.0 ], [ -75.75022798, 5.96159985, 0.0 ], [ -75.75022822, 5.96160022, 0.0 ], [ -75.75014776, 5.96160018, 0.0 ], [ -75.7501302, 5.96160018, 0.0 ], [ -75.75013022, 5.96161769, 0.0 ], [ -75.75012878, 5.9616177, 0.0 ], [ -75.75004981, 5.96161126, 0.0 ] ] ] } },
{ "type": "Feature", "properties": { "Proyecto": "Concordia Majagual", "Municipio": "Betulia", "Sector": "R", "Matricula": "005-27111", "Terreno_Co": "056420004000000080039000000000", "Propietari": "JOSE FABIAN RESTREPO CADAVID", "Area_Total": 194582.0, "Area_Reque": 61649.16, "Area_Sobra": 132932.84, "Etiqueta": "39" }, "geometry": { "type": "Polygon", "coordinates": [ [ [ -75.95880617, 6.04572331, 0.0 ], [ -75.95862692, 6.04569763, 0.0 ], [ -75.95840481, 6.04571036, 0.0 ], [ -75.9581111, 6.04574007, 0.0 ], [ -75.9576789, 6.04578461, 0.0 ], [ -75.95737076, 6.04578806, 0.0 ], [ -75.9572202, 6.04576706, 0.0 ], [ -75.95708386, 6.04571493, 0.0 ], [ -75.95695698, 6.04563406, 0.0 ], [ -75.95673165, 6.04540528, 0.0 ], [ -75.95669984, 6.04537306, 0.0 ], [ -75.9566046, 6.04527659, 0.0 ], [ -75.95650165, 6.04520999, 0.0 ], [ -75.95643465, 6.04517674, 0.0 ], [ -75.95631038, 6.04515804, 0.0 ], [ -75.95627154, 6.04515308, 0.0 ], [ -75.9561646, 6.04513942, 0.0 ], [ -75.95606181, 6.04511825, 0.0 ], [ -75.95596133, 6.04507316, 0.0 ], [ -75.95581763, 6.04496366, 0.0 ], [ -75.95574917, 6.04492372, 0.0 ], [ -75.95569897, 6.04491386, 0.0 ], [ -75.95561439, 6.04490841, 0.0 ], [ -75.95551544, 6.04489153, 0.0 ], [ -75.95543793, 6.0448588, 0.0 ], [ -75.95534166, 6.04478089, 0.0 ], [ -75.95530746, 6.04473612, 0.0 ], [ -75.95518915, 6.04465234, 0.0 ], [ -75.95511736, 6.04461432, 0.0 ], [ -75.95498587, 6.04458369, 0.0 ], [ -75.95489509, 6.04457922, 0.0 ], [ -75.95471596, 6.04458941, 0.0 ], [ -75.9545369, 6.04461633, 0.0 ], [ -75.95439021, 6.04460871, 0.0 ], [ -75.95423722, 6.04457863, 0.0 ], [ -75.95407263, 6.0445065, 0.0 ], [ -75.95396541, 6.04444757, 0.0 ], [ -75.95385471, 6.04440907, 0.0 ], [ -75.95381377, 6.04440673, 0.0 ], [ -75.95371687, 6.04441588, 0.0 ], [ -75.95362659, 6.0444068, 0.0 ], [ -75.95346032, 6.04436339, 0.0 ], [ -75.95352885, 6.04428443, 0.0 ], [ -75.9535379, 6.044274, 0.0 ], [ -75.95362887, 6.04427571, 0.0 ], [ -75.9536631, 6.04427636, 0.0 ], [ -75.95376622, 6.04422744, 0.0 ], [ -75.95384641, 6.04418939, 0.0 ], [ -75.95389143, 6.04418406, 0.0 ], [ -75.95401604, 6.04416931, 0.0 ], [ -75.95416895, 6.04414093, 0.0 ], [ -75.95431914, 6.04413206, 0.0 ], [ -75.95444419, 6.04409264, 0.0 ], [ -75.95452754, 6.04406172, 0.0 ], [ -75.95448119, 6.04400861, 0.0 ], [ -75.95445423, 6.04397773, 0.0 ], [ -75.95435671, 6.0438203, 0.0 ], [ -75.95452283, 6.0438194, 0.0 ], [ -75.95459392, 6.04371379, 0.0 ], [ -75.95468783, 6.04341198, 0.0 ], [ -75.95484909, 6.04319588, 0.0 ], [ -75.95513016, 6.04304609, 0.0 ], [ -75.95528721, 6.04293523, 0.0 ], [ -75.95546271, 6.04269993, 0.0 ], [ -75.95559092, 6.04255575, 0.0 ], [ -75.95577705, 6.04252126, 0.0 ], [ -75.95601164, 6.04261085, 0.0 ], [ -75.95617031, 6.04279651, 0.0 ], [ -75.95616672, 6.04301653, 0.0 ], [ -75.95600632, 6.04339045, 0.0 ], [ -75.95588852, 6.0436924, 0.0 ], [ -75.95591399, 6.04373939, 0.0 ], [ -75.95590892, 6.04389365, 0.0 ], [ -75.95600615, 6.04406992, 0.0 ], [ -75.95626575, 6.04427495, 0.0 ], [ -75.95666981, 6.04452784, 0.0 ], [ -75.95683322, 6.04463782, 0.0 ], [ -75.95704935, 6.04478945, 0.0 ], [ -75.95713033, 6.04485952, 0.0 ], [ -75.95726266, 6.04509384, 0.0 ], [ -75.95734025, 6.04516521, 0.0 ], [ -75.95737637, 6.04524923, 0.0 ], [ -75.95741145, 6.04531775, 0.0 ], [ -75.95749472, 6.04533929, 0.0 ], [ -75.95755208, 6.0453315, 0.0 ], [ -75.95757622, 6.04532823, 0.0 ], [ -75.95773186, 6.04528457, 0.0 ], [ -75.95783342, 6.04527344, 0.0 ], [ -75.95795845, 6.04532756, 0.0 ], [ -75.95802274, 6.04528961, 0.0 ], [ -75.95814312, 6.04532976, 0.0 ], [ -75.95818478, 6.04536121, 0.0 ], [ -75.95829995, 6.04536935, 0.0 ], [ -75.95841197, 6.04532402, 0.0 ], [ -75.95847232, 6.04523686, 0.0 ], [ -75.95853981, 6.04521256, 0.0 ], [ -75.95859676, 6.04526094, 0.0 ], [ -75.95870996, 6.04534772, 0.0 ], [ -75.95877298, 6.0453796, 0.0 ], [ -75.95896972, 6.04539259, 0.0 ], [ -75.95901546, 6.04541518, 0.0 ], [ -75.95907631, 6.04535564, 0.0 ], [ -75.95915536, 6.0453435, 0.0 ], [ -75.95926549, 6.04556079, 0.0 ], [ -75.95948728, 6.04577563, 0.0 ], [ -75.9594633, 6.04579038, 0.0 ], [ -75.95937503, 6.04582417, 0.0 ], [ -75.95925323, 6.04582937, 0.0 ], [ -75.95902394, 6.04574688, 0.0 ], [ -75.95880617, 6.04572331, 0.0 ] ] ] } },
{ "type": "Feature", "properties": { "Proyecto": "Tamesis la Oculta", "Municipio": "Tamesis", "Sector": "R", "Matricula": "032-18347", "Terreno_Co": "057890002000000010213000000000", "Propietari": "MONICA AGUDELO HERNANDEZ Y OTROS", "Area_Total": 72203.0, "Area_Reque": 68.87, "Area_Sobra": 72134.13, "Etiqueta": "213" }, "geometry": { "type": "Polygon", "coordinates": [ [ [ -75.67896248, 5.75181821, 0.0 ], [ -75.67899386, 5.75177255, 0.0 ], [ -75.67899679, 5.75177461, 0.0 ], [ -75.67902397, 5.75173461, 0.0 ], [ -75.67903885, 5.75170768, 0.0 ], [ -75.67905201, 5.75168005, 0.0 ], [ -75.67906189, 5.751664, 0.0 ], [ -75.67907377, 5.75164123, 0.0 ], [ -75.67906726, 5.75169062, 0.0 ], [ -75.67904139, 5.75175965, 0.0 ], [ -75.67901981, 5.75180893, 0.0 ], [ -75.67897389, 5.7518445, 0.0 ], [ -75.67897028, 5.7518466, 0.0 ], [ -75.67897015, 5.75184668, 0.0 ], [ -75.67896403, 5.75185025, 0.0 ], [ -75.6789634, 5.7518238, 0.0 ], [ -75.67896524, 5.75182047, 0.0 ], [ -75.67896248, 5.75181821, 0.0 ] ] ] } },
{ "type": "Feature", "properties": { "Proyecto": "Tamesis la Oculta", "Municipio": "Tamesis", "Sector": "R", "Matricula": "032-17880", "Terreno_Co": "057890002000000010211000000000", "Propietari": "ISMAEL ALBERTO RESTREPO CORREA", "Area_Total": 156538.0, "Area_Reque": 500.12, "Area_Sobra": 156037.88, "Etiqueta": "211" }, "geometry": { "type": "Polygon", "coordinates": [ [ [ -75.67578025, 5.75447026, 0.0 ], [ -75.67582034, 5.75437653, 0.0 ], [ -75.67588266, 5.75426417, 0.0 ], [ -75.67590954, 5.75419154, 0.0 ], [ -75.67596186, 5.75405985, 0.0 ], [ -75.67607274, 5.753961, 0.0 ], [ -75.67609209, 5.75391363, 0.0 ], [ -75.67613863, 5.75385571, 0.0 ], [ -75.6761358, 5.75395833, 0.0 ], [ -75.67605172, 5.75401423, 0.0 ], [ -75.67602033, 5.75410041, 0.0 ], [ -75.6759858, 5.7541848, 0.0 ], [ -75.67596544, 5.75427733, 0.0 ], [ -75.67592112, 5.75435147, 0.0 ], [ -75.67587617, 5.75442134, 0.0 ], [ -75.67578919, 5.75448593, 0.0 ], [ -75.67578025, 5.75447026, 0.0 ] ] ] } },
{ "type": "Feature", "properties": { "Proyecto": "Tamesis la Oculta", "Municipio": "Tamesis", "Sector": "R", "Matricula": "032-11300", "Terreno_Co": "057890002000000010031000000000", "Propietari": "LUZ ELENA CEBALLOS ABAD", "Area_Total": 118000.0, "Area_Reque": 183.17, "Area_Sobra": 117816.83, "Etiqueta": "31" }, "geometry": { "type": "Polygon", "coordinates": [ [ [ -75.67505243, 5.75911181, 0.0 ], [ -75.67506802, 5.75906808, 0.0 ], [ -75.67508564, 5.75900219, 0.0 ], [ -75.67508939, 5.75898814, 0.0 ], [ -75.67510072, 5.75888237, 0.0 ], [ -75.67511312, 5.7588418, 0.0 ], [ -75.6751232, 5.75880882, 0.0 ], [ -75.67513544, 5.75876874, 0.0 ], [ -75.67516342, 5.75881879, 0.0 ], [ -75.67516655, 5.75887153, 0.0 ], [ -75.67515429, 5.7589158, 0.0 ], [ -75.67514338, 5.75896347, 0.0 ], [ -75.67513309, 5.75901077, 0.0 ], [ -75.67511925, 5.75905452, 0.0 ], [ -75.67505243, 5.75911181, 0.0 ] ] ] } },
{ "type": "Feature", "properties": { "Proyecto": "Tamesis la Oculta", "Municipio": "Tamesis", "Sector": "R", "Matricula": "032-5160", "Terreno_Co": "057890002000000010138000000000", "Propietari": "ANA LUCIA SIERRA ESCOBAR", "Area_Total": 660000.0, "Area_Reque": 4.07, "Area_Sobra": 659995.93, "Etiqueta": "138" }, "geometry": { "type": "Polygon", "coordinates": [ [ [ -75.67935872, 5.74778565, 0.0 ], [ -75.67937137, 5.74782637, 0.0 ], [ -75.67937329, 5.7478309, 0.0 ], [ -75.6793671, 5.74783317, 0.0 ], [ -75.67935128, 5.74778782, 0.0 ], [ -75.67935872, 5.74778565, 0.0 ] ] ] } },
{ "type": "Feature", "properties": { "Proyecto": "Tamesis la Oculta", "Municipio": "Tamesis", "Sector": "R", "Matricula": "032-13815", "Terreno_Co": "057890002000000010024000000000", "Propietari": "CARLOS HORACIO TRUJILLO ARISTIZABAL", "Area_Total": 2088532.0, "Area_Reque": 95.88, "Area_Sobra": 2088436.12, "Etiqueta": "24" }, "geometry": { "type": "Polygon", "coordinates": [ [ [ -75.6770497, 5.76772351, 0.0 ], [ -75.67706792, 5.76771616, 0.0 ], [ -75.67713747, 5.76776297, 0.0 ], [ -75.67723553, 5.76780953, 0.0 ], [ -75.67728727, 5.76782337, 0.0 ], [ -75.67744591, 5.76788784, 0.0 ], [ -75.67751468, 5.76792932, 0.0 ], [ -75.67750366, 5.76793262, 0.0 ], [ -75.67747097, 5.76791335, 0.0 ], [ -75.67742101, 5.76789135, 0.0 ], [ -75.67735912, 5.76786741, 0.0 ], [ -75.67728933, 5.7678411, 0.0 ], [ -75.67722963, 5.7678201, 0.0 ], [ -75.67716173, 5.76779743, 0.0 ], [ -75.67713098, 5.76778483, 0.0 ], [ -75.67710417, 5.7677686, 0.0 ], [ -75.67708185, 5.76775238, 0.0 ], [ -75.67706128, 5.76773583, 0.0 ], [ -75.6770497, 5.76772351, 0.0 ] ] ] } },
{ "type": "Feature", "properties": { "Proyecto": "Tamesis la Oculta", "Municipio": "Tamesis", "Sector": "R", "Matricula": "032-13817", "Terreno_Co": "057890002000000010057000000000", "Propietari": "HERNANDEZ S. A. PATHERNA", "Area_Total": 39825.0, "Area_Reque": 20.8, "Area_Sobra": 39804.2, "Etiqueta": "57" }, "geometry": { "type": "Polygon", "coordinates": [ [ [ -75.6770152, 5.76764342, 0.0 ], [ -75.67705501, 5.76770748, 0.0 ], [ -75.67706792, 5.76771617, 0.0 ], [ -75.67704971, 5.76772352, 0.0 ], [ -75.67703967, 5.76771274, 0.0 ], [ -75.67702353, 5.76769855, 0.0 ], [ -75.67700197, 5.76767128, 0.0 ], [ -75.6770152, 5.76764342, 0.0 ] ] ] } },
{ "type": "Feature", "properties": { "Proyecto": "Tamesis la Oculta", "Municipio": "Tamesis", "Sector": "R", "Matricula": "032-17902", "Terreno_Co": "057890002000000010153000000000", "Propietari": "DORA DEL SOCORRO HURTADO LOPEZ", "Area_Total": 619900.0, "Area_Reque": 31.41, "Area_Sobra": 619868.59, "Etiqueta": "153" }, "geometry": { "type": "Polygon", "coordinates": [ [ [ -75.68464977, 5.7315393, 0.0 ], [ -75.68463905, 5.73155814, 0.0 ], [ -75.68461992, 5.73163097, 0.0 ], [ -75.68460926, 5.73167755, 0.0 ], [ -75.68460359, 5.73170359, 0.0 ], [ -75.68460181, 5.73172467, 0.0 ], [ -75.68458819, 5.73172351, 0.0 ], [ -75.68459437, 5.73167413, 0.0 ], [ -75.68460523, 5.73162615, 0.0 ], [ -75.6846205, 5.73158006, 0.0 ], [ -75.68464089, 5.73153424, 0.0 ], [ -75.68464977, 5.7315393, 0.0 ] ] ] } },
{ "type": "Feature", "properties": { "Proyecto": "Tamesis la Oculta", "Municipio": "Tamesis", "Sector": "R", "Matricula": "032-17880", "Terreno_Co": "057890002000000010211000000000", "Propietari": "ISMAEL ALBERTO RESTREPO CORREA", "Area_Total": 156538.0, "Area_Reque": 26.13, "Area_Sobra": 156511.87, "Etiqueta": "211" }, "geometry": { "type": "Polygon", "coordinates": [ [ [ -75.67799088, 5.75267862, 0.0 ], [ -75.67808444, 5.75264315, 0.0 ], [ -75.67813461, 5.75260898, 0.0 ], [ -75.67813471, 5.75260892, 0.0 ], [ -75.67814432, 5.75262004, 0.0 ], [ -75.6780699, 5.75266773, 0.0 ], [ -75.67803221, 5.75267872, 0.0 ], [ -75.67799088, 5.75267862, 0.0 ] ] ] } },
{ "type": "Feature", "properties": { "Proyecto": "Tamesis la Oculta", "Municipio": "Tamesis", "Sector": "R", "Matricula": "032-18347", "Terreno_Co": "057890002000000010213000000000", "Propietari": "MONICA AGUDELO HERNANDEZ Y OTROS", "Area_Total": 72203.0, "Area_Reque": 29.63, "Area_Sobra": 72173.37, "Etiqueta": "213" }, "geometry": { "type": "Polygon", "coordinates": [ [ [ -75.6781347, 5.75260892, 0.0 ], [ -75.67815761, 5.75259332, 0.0 ], [ -75.67821953, 5.75254437, 0.0 ], [ -75.67827468, 5.75251285, 0.0 ], [ -75.67824691, 5.75254415, 0.0 ], [ -75.67819575, 5.75258709, 0.0 ], [ -75.67814432, 5.75262004, 0.0 ], [ -75.6781347, 5.75260892, 0.0 ] ] ] } },
{ "type": "Feature", "properties": { "Proyecto": "Tamesis la Oculta", "Municipio": "Tamesis", "Sector": "R", "Matricula": "032-5160", "Terreno_Co": "057890002000000010138000000000", "Propietari": "ANA LUCIA SIERRA ESCOBAR", "Area_Total": 660000.0, "Area_Reque": 4.72, "Area_Sobra": 659995.28, "Etiqueta": "138" }, "geometry": { "type": "Polygon", "coordinates": [ [ [ -75.67933057, 5.74759931, 0.0 ], [ -75.67933573, 5.74766522, 0.0 ], [ -75.67933954, 5.74769007, 0.0 ], [ -75.67933232, 5.74769055, 0.0 ], [ -75.67932909, 5.74764354, 0.0 ], [ -75.67933016, 5.74759689, 0.0 ], [ -75.67933057, 5.74759931, 0.0 ] ] ] } },
{ "type": "Feature", "properties": { "Proyecto": "Tamesis la Oculta", "Municipio": "Tamesis", "Sector": "R", "Matricula": "032-5926", "Terreno_Co": "057890002000000010048000000000", "Propietari": "INVERSIONES GONZALEZ SANIN S.C.A", "Area_Total": 24761.0, "Area_Reque": 7.33, "Area_Sobra": 24753.67, "Etiqueta": "48" }, "geometry": { "type": "Polygon", "coordinates": [ [ [ -75.68514381, 5.73659106, 0.0 ], [ -75.68513961, 5.7366178, 0.0 ], [ -75.68513578, 5.7366424, 0.0 ], [ -75.68513507, 5.73664701, 0.0 ], [ -75.68512876, 5.73666612, 0.0 ], [ -75.68511824, 5.73669799, 0.0 ], [ -75.6851057, 5.73673547, 0.0 ], [ -75.68509235, 5.73672484, 0.0 ], [ -75.68511462, 5.7366959, 0.0 ], [ -75.68512837, 5.736666, 0.0 ], [ -75.68513529, 5.73664433, 0.0 ], [ -75.68513954, 5.73659079, 0.0 ], [ -75.68514381, 5.73659106, 0.0 ] ] ] } },
{ "type": "Feature", "properties": { "Proyecto": "Tamesis la Oculta", "Municipio": "Tamesis", "Sector": "R", "Matricula": "032-17905", "Terreno_Co": "057890002000000010154000000000", "Propietari": "INVERSIONES GONZALEZ SANIN S.C.A", "Area_Total": 619900.0, "Area_Reque": 4.92, "Area_Sobra": 619895.08, "Etiqueta": "154" }, "geometry": { "type": "Polygon", "coordinates": [ [ [ -75.68672075, 5.73050384, 0.0 ], [ -75.68670714, 5.73051506, 0.0 ], [ -75.68669375, 5.73053124, 0.0 ], [ -75.68668383, 5.73053444, 0.0 ], [ -75.6866815, 5.73053519, 0.0 ], [ -75.6866619, 5.73054008, 0.0 ], [ -75.68666077, 5.7305372, 0.0 ], [ -75.68669096, 5.73052262, 0.0 ], [ -75.68671803, 5.7305007, 0.0 ], [ -75.68672075, 5.73050384, 0.0 ] ] ] } },
{ "type": "Feature", "properties": { "Proyecto": "Tamesis la Oculta", "Municipio": "Tamesis", "Sector": "R", "Matricula": "032-5361", "Terreno_Co": "057890002000000010047000000000", "Propietari": "INVERSIONES GONZALEZ SANIN S.C.A", "Area_Total": 6128.0, "Area_Reque": 22.26, "Area_Sobra": 6105.74, "Etiqueta": "47" }, "geometry": { "type": "Polygon", "coordinates": [ [ [ -75.68292294, 5.73857991, 0.0 ], [ -75.68288964, 5.73860096, 0.0 ], [ -75.68284508, 5.73860537, 0.0 ], [ -75.68284069, 5.73859047, 0.0 ], [ -75.68287401, 5.73857954, 0.0 ], [ -75.68291074, 5.73855888, 0.0 ], [ -75.68292294, 5.73857991, 0.0 ] ] ] } },
{ "type": "Feature", "properties": { "Proyecto": "Tamesis la Oculta", "Municipio": "Tamesis", "Sector": "R", "Matricula": "032-17902", "Terreno_Co": "057890002000000010153000000000", "Propietari": "DORA DEL SOCORRO HURTADO LOPEZ", "Area_Total": 619900.0, "Area_Reque": 11.31, "Area_Sobra": 619888.69, "Etiqueta": "153" }, "geometry": { "type": "Polygon", "coordinates": [ [ [ -75.68460233, 5.7320856, 0.0 ], [ -75.68460239, 5.73209573, 0.0 ], [ -75.68459715, 5.73211835, 0.0 ], [ -75.68458034, 5.73215009, 0.0 ], [ -75.68455316, 5.7322014, 0.0 ], [ -75.68454799, 5.73220433, 0.0 ], [ -75.68453845, 5.73219073, 0.0 ], [ -75.68456163, 5.73217042, 0.0 ], [ -75.68457803, 5.73214906, 0.0 ], [ -75.68459148, 5.7321169, 0.0 ], [ -75.68459636, 5.73208542, 0.0 ], [ -75.68460233, 5.7320856, 0.0 ] ] ] } },
{ "type": "Feature", "properties": { "Proyecto": "Tamesis la Oculta", "Municipio": "Tamesis", "Sector": "R", "Matricula": "032-5926", "Terreno_Co": "057890002000000010048000000000", "Propietari": "INVERSIONES GONZALEZ SANIN S.C.A", "Area_Total": 24761.0, "Area_Reque": 31.28, "Area_Sobra": 24729.72, "Etiqueta": "48" }, "geometry": { "type": "Polygon", "coordinates": [ [ [ -75.68385487, 5.73793981, 0.0 ], [ -75.68385689, 5.73793929, 0.0 ], [ -75.68389989, 5.73791101, 0.0 ], [ -75.68393068, 5.73787317, 0.0 ], [ -75.68396249, 5.73789679, 0.0 ], [ -75.68391627, 5.73792365, 0.0 ], [ -75.68387068, 5.73795426, 0.0 ], [ -75.6838558, 5.73794088, 0.0 ], [ -75.68385487, 5.73793981, 0.0 ] ] ] } },
{ "type": "Feature", "properties": { "Proyecto": "Tamesis la Oculta", "Municipio": "Tamesis", "Sector": "R", "Matricula": "032-5361", "Terreno_Co": "057890002000000010047000000000", "Propietari": "INVERSIONES GONZALEZ SANIN S.C.A", "Area_Total": 6128.0, "Area_Reque": 17.27, "Area_Sobra": 6110.73, "Etiqueta": "47" }, "geometry": { "type": "Polygon", "coordinates": [ [ [ -75.68385487, 5.73793981, 0.0 ], [ -75.6838558, 5.73794088, 0.0 ], [ -75.68387068, 5.73795426, 0.0 ], [ -75.68381145, 5.73797128, 0.0 ], [ -75.68378621, 5.73795791, 0.0 ], [ -75.68378501, 5.73795236, 0.0 ], [ -75.68383316, 5.73794484, 0.0 ], [ -75.68385487, 5.73793981, 0.0 ] ] ] } },
{ "type": "Feature", "properties": { "Proyecto": "Tamesis la Oculta", "Municipio": "Tamesis", "Sector": "R", "Matricula": "032-17905", "Terreno_Co": "057890002000000010154000000000", "Propietari": "INVERSIONES GONZALEZ SANIN S.C.A", "Area_Total": 619900.0, "Area_Reque": 5.42, "Area_Sobra": 619894.58, "Etiqueta": "154" }, "geometry": { "type": "Polygon", "coordinates": [ [ [ -75.68476127, 5.73440344, 0.0 ], [ -75.68476293, 5.73440713, 0.0 ], [ -75.68478673, 5.73441931, 0.0 ], [ -75.68477421, 5.7344351, 0.0 ], [ -75.68479347, 5.73448651, 0.0 ], [ -75.68475821, 5.73440476, 0.0 ], [ -75.68476127, 5.73440344, 0.0 ] ] ] } },
{ "type": "Feature", "properties": { "Proyecto": "Tamesis la Oculta", "Municipio": "Tamesis", "Sector": "R", "Matricula": "032-5926", "Terreno_Co": "057890002000000010048000000000", "Propietari": "INVERSIONES GONZALEZ SANIN S.C.A", "Area_Total": 24761.0, "Area_Reque": 1.56, "Area_Sobra": 24759.44, "Etiqueta": "48" }, "geometry": { "type": "Polygon", "coordinates": [ [ [ -75.684505, 5.73709766, 0.0 ], [ -75.68449608, 5.7371224, 0.0 ], [ -75.68449008, 5.73713371, 0.0 ], [ -75.68448547, 5.73713092, 0.0 ], [ -75.684505, 5.73709766, 0.0 ] ] ] } },
{ "type": "Feature", "properties": { "Proyecto": "Tamesis la Oculta", "Municipio": "Tamesis", "Sector": "R", "Matricula": null, "Terreno_Co": "057890002000000010154000000000", "Propietari": "INVERSIONES GONZALEZ SANIN S.C.A", "Area_Total": 619900.0, "Area_Reque": 3.31, "Area_Sobra": 619896.69, "Etiqueta": "154" }, "geometry": { "type": "Polygon", "coordinates": [ [ [ -75.68749128, 5.73008585, 0.0 ], [ -75.68749128, 5.73008525, 0.0 ], [ -75.68757887, 5.73008469, 0.0 ], [ -75.68759076, 5.73008372, 0.0 ], [ -75.68756905, 5.73008862, 0.0 ], [ -75.68750913, 5.73008801, 0.0 ], [ -75.68749128, 5.73008585, 0.0 ] ] ] } },
{ "type": "Feature", "properties": { "Proyecto": "Tamesis la Oculta", "Municipio": "Tamesis", "Sector": "R", "Matricula": "032-17905", "Terreno_Co": "057890002000000010154000000000", "Propietari": "INVERSIONES GONZALEZ SANIN S.C.A", "Area_Total": 619900.0, "Area_Reque": 20.77, "Area_Sobra": 619879.23, "Etiqueta": "154" }, "geometry": { "type": "Polygon", "coordinates": [ [ [ -75.68508301, 5.73525787, 0.0 ], [ -75.6850832, 5.73525703, 0.0 ], [ -75.68508729, 5.73521887, 0.0 ], [ -75.68508245, 5.73515449, 0.0 ], [ -75.68509119, 5.73515261, 0.0 ], [ -75.6850941, 5.73516051, 0.0 ], [ -75.68510932, 5.73525987, 0.0 ], [ -75.68508301, 5.73525787, 0.0 ] ] ] } },
{ "type": "Feature", "properties": { "Proyecto": "Tamesis la Oculta", "Municipio": "Tamesis", "Sector": "R", "Matricula": "032-5908", "Terreno_Co": "057890002000000010028000000000", "Propietari": "HINCAPIE GAVIRIA Y CIA S EN C", "Area_Total": 64000.0, "Area_Reque": 7.71, "Area_Sobra": 63992.29, "Etiqueta": "138" }, "geometry": { "type": "Polygon", "coordinates": [ [ [ -75.68105232, 5.73954635, 0.0 ], [ -75.68101905, 5.73954955, 0.0 ], [ -75.68101055, 5.73955123, 0.0 ], [ -75.68095803, 5.73956159, 0.0 ], [ -75.68091676, 5.73956351, 0.0 ], [ -75.68091643, 5.73955926, 0.0 ], [ -75.68095775, 5.73955518, 0.0 ], [ -75.68102339, 5.7395487, 0.0 ], [ -75.68103726, 5.73954596, 0.0 ], [ -75.68104823, 5.73954625, 0.0 ], [ -75.68109985, 5.73954115, 0.0 ], [ -75.68109984, 5.73954759, 0.0 ], [ -75.68105232, 5.73954635, 0.0 ] ] ] } },
{ "type": "Feature", "properties": { "Proyecto": "Tamesis la Oculta", "Municipio": "Tamesis", "Sector": "R", "Matricula": "032-5926", "Terreno_Co": "057890002000000010048000000000", "Propietari": "INVERSIONES GONZALEZ SANIN S.C.A", "Area_Total": 24761.0, "Area_Reque": 37.75, "Area_Sobra": 24723.25, "Etiqueta": "48" }, "geometry": { "type": "Polygon", "coordinates": [ [ [ -75.68424453, 5.73756478, 0.0 ], [ -75.6842402, 5.73757453, 0.0 ], [ -75.68420314, 5.73762881, 0.0 ], [ -75.68416868, 5.7376728, 0.0 ], [ -75.68411808, 5.73772307, 0.0 ], [ -75.68410583, 5.73773734, 0.0 ], [ -75.68409991, 5.73773238, 0.0 ], [ -75.6841565, 5.73766294, 0.0 ], [ -75.68420778, 5.73759484, 0.0 ], [ -75.6842327, 5.73755715, 0.0 ], [ -75.68424453, 5.73756478, 0.0 ] ] ] } },
{ "type": "Feature", "properties": { "Proyecto": "Tamesis la Oculta", "Municipio": "Tamesis", "Sector": "R", "Matricula": "032-17905", "Terreno_Co": "057890002000000010154000000000", "Propietari": "INVERSIONES GONZALEZ SANIN S.C.A", "Area_Total": 619900.0, "Area_Reque": 4.14, "Area_Sobra": 619895.86, "Etiqueta": "154" }, "geometry": { "type": "Polygon", "coordinates": [ [ [ -75.68444377, 5.73338219, 0.0 ], [ -75.68446221, 5.73341924, 0.0 ], [ -75.68445497, 5.73342221, 0.0 ], [ -75.68443606, 5.73338622, 0.0 ], [ -75.68444377, 5.73338219, 0.0 ] ] ] } },
{ "type": "Feature", "properties": { "Proyecto": "Tamesis la Oculta", "Municipio": "Tamesis", "Sector": "R", "Matricula": "032-9647", "Terreno_Co": "057890002000000010061000000000", "Propietari": "HINCAPIE GAVIRIA Y CIA S EN C", "Area_Total": 19832.0, "Area_Reque": 57.32, "Area_Sobra": 19774.68, "Etiqueta": "61" }, "geometry": { "type": "Polygon", "coordinates": [ [ [ -75.68245963, 5.73856627, 0.0 ], [ -75.68244352, 5.73856551, 0.0 ], [ -75.68231074, 5.73858048, 0.0 ], [ -75.68226603, 5.73860462, 0.0 ], [ -75.68226034, 5.73859262, 0.0 ], [ -75.68230952, 5.73857264, 0.0 ], [ -75.68236205, 5.73856244, 0.0 ], [ -75.68241145, 5.73856099, 0.0 ], [ -75.68245779, 5.73856523, 0.0 ], [ -75.68250573, 5.73856843, 0.0 ], [ -75.68260657, 5.73858509, 0.0 ], [ -75.68268288, 5.73859585, 0.0 ], [ -75.68272887, 5.73858827, 0.0 ], [ -75.68277248, 5.73859491, 0.0 ], [ -75.68280729, 5.73859499, 0.0 ], [ -75.68284069, 5.73859047, 0.0 ], [ -75.68284508, 5.73860537, 0.0 ], [ -75.68281899, 5.73860793, 0.0 ], [ -75.68280078, 5.73860975, 0.0 ], [ -75.68278329, 5.73861149, 0.0 ], [ -75.6827747, 5.73861233, 0.0 ], [ -75.68272648, 5.73860732, 0.0 ], [ -75.68260946, 5.73858634, 0.0 ], [ -75.68245963, 5.73856627, 0.0 ] ] ] } },
{ "type": "Feature", "properties": { "Proyecto": "Tamesis la Oculta", "Municipio": "Tamesis", "Sector": "R", "Matricula": "032-5926", "Terreno_Co": "057890002000000010048000000000", "Propietari": "INVERSIONES GONZALEZ SANIN S.C.A", "Area_Total": 24761.0, "Area_Reque": 29.69, "Area_Sobra": 24731.31, "Etiqueta": "48" }, "geometry": { "type": "Polygon", "coordinates": [ [ [ -75.68492651, 5.73681734, 0.0 ], [ -75.68481901, 5.73683757, 0.0 ], [ -75.6847493, 5.73686694, 0.0 ], [ -75.68474364, 5.73685168, 0.0 ], [ -75.68479036, 5.73683463, 0.0 ], [ -75.684835, 5.73682318, 0.0 ], [ -75.68492353, 5.73680322, 0.0 ], [ -75.68492651, 5.73681734, 0.0 ] ] ] } },
{ "type": "Feature", "properties": { "Proyecto": "Tamesis la Oculta", "Municipio": "Tamesis", "Sector": "R", "Matricula": "032-5926", "Terreno_Co": "057890002000000010048000000000", "Propietari": "INVERSIONES GONZALEZ SANIN S.C.A", "Area_Total": 24761.0, "Area_Reque": 122.21, "Area_Sobra": 24638.79, "Etiqueta": "48" }, "geometry": { "type": "Polygon", "coordinates": [ [ [ -75.68502277, 5.73557306, 0.0 ], [ -75.68502369, 5.73556319, 0.0 ], [ -75.68502739, 5.73552359, 0.0 ], [ -75.68503775, 5.73547615, 0.0 ], [ -75.68505989, 5.73538645, 0.0 ], [ -75.68507359, 5.73529891, 0.0 ], [ -75.68508301, 5.73525788, 0.0 ], [ -75.68509711, 5.73525899, 0.0 ], [ -75.68510932, 5.73525987, 0.0 ], [ -75.68511072, 5.73526906, 0.0 ], [ -75.6850821, 5.73539257, 0.0 ], [ -75.68505471, 5.73549854, 0.0 ], [ -75.68504748, 5.73555749, 0.0 ], [ -75.68504754, 5.73556272, 0.0 ], [ -75.68504765, 5.73557368, 0.0 ], [ -75.68504865, 5.73557949, 0.0 ], [ -75.68504818, 5.73561773, 0.0 ], [ -75.68504904, 5.73564821, 0.0 ], [ -75.68504998, 5.73567961, 0.0 ], [ -75.68505166, 5.7357029, 0.0 ], [ -75.6850527, 5.73571745, 0.0 ], [ -75.6850501, 5.73571615, 0.0 ], [ -75.68503504, 5.73565635, 0.0 ], [ -75.68503111, 5.73563783, 0.0 ], [ -75.68502947, 5.73561299, 0.0 ], [ -75.68502692, 5.735588, 0.0 ], [ -75.68502277, 5.73557306, 0.0 ] ] ] } },
{ "type": "Feature", "properties": { "Proyecto": "Tamesis la Oculta", "Municipio": "Tamesis", "Sector": "R", "Matricula": "032-4259", "Terreno_Co": "057890002000000040147000000000", "Propietari": "MAGOMEZA S.A.S.", "Area_Total": 106191.0, "Area_Reque": 123.65, "Area_Sobra": 106067.35, "Etiqueta": "147" }, "geometry": { "type": "Polygon", "coordinates": [ [ [ -75.69086667, 5.72880356, 0.0 ], [ -75.69087089, 5.7288355, 0.0 ], [ -75.69078744, 5.72890139, 0.0 ], [ -75.69071046, 5.72892806, 0.0 ], [ -75.69066273, 5.72899662, 0.0 ], [ -75.69062749, 5.72899918, 0.0 ], [ -75.6905895, 5.72901632, 0.0 ], [ -75.69064164, 5.72896357, 0.0 ], [ -75.69073568, 5.72887979, 0.0 ], [ -75.69076376, 5.7288673, 0.0 ], [ -75.6908359, 5.72882142, 0.0 ], [ -75.69085247, 5.72881095, 0.0 ], [ -75.69086667, 5.72880356, 0.0 ] ] ] } },
{ "type": "Feature", "properties": { "Proyecto": "Tamesis la Oculta", "Municipio": "Tamesis", "Sector": "R", "Matricula": "032-17879", "Terreno_Co": "057890002000000010210000000000", "Propietari": "AM URREA Y CIA SCA", "Area_Total": 93325.0, "Area_Reque": 104.2, "Area_Sobra": 93220.8, "Etiqueta": "210" }, "geometry": { "type": "Polygon", "coordinates": [ [ [ -75.67969725, 5.74852771, 0.0 ], [ -75.67970655, 5.74852671, 0.0 ], [ -75.67971467, 5.74852606, 0.0 ], [ -75.67971478, 5.74852605, 0.0 ], [ -75.67971667, 5.74853176, 0.0 ], [ -75.67972252, 5.74853396, 0.0 ], [ -75.67972504, 5.74855095, 0.0 ], [ -75.67972189, 5.74858541, 0.0 ], [ -75.67971744, 5.74862084, 0.0 ], [ -75.67971314, 5.74863488, 0.0 ], [ -75.67970565, 5.74865368, 0.0 ], [ -75.67969437, 5.74868155, 0.0 ], [ -75.67966431, 5.7487212, 0.0 ], [ -75.67965133, 5.74873822, 0.0 ], [ -75.6796253, 5.74876379, 0.0 ], [ -75.67960145, 5.74878673, 0.0 ], [ -75.67957785, 5.74880191, 0.0 ], [ -75.67956979, 5.7488071, 0.0 ], [ -75.679553, 5.74877727, 0.0 ], [ -75.67958008, 5.74876723, 0.0 ], [ -75.67962776, 5.74872247, 0.0 ], [ -75.67966447, 5.74868089, 0.0 ], [ -75.67968611, 5.74864205, 0.0 ], [ -75.6796921, 5.74861199, 0.0 ], [ -75.67970155, 5.74855082, 0.0 ], [ -75.67969729, 5.74852921, 0.0 ], [ -75.67969725, 5.74852771, 0.0 ] ] ] } },
{ "type": "Feature", "properties": { "Proyecto": "Tamesis la Oculta", "Municipio": "Tamesis", "Sector": "R", "Matricula": "032-17905", "Terreno_Co": "057890002000000010154000000000", "Propietari": "INVERSIONES GONZALEZ SANIN S.C.A", "Area_Total": 619900.0, "Area_Reque": 14.29, "Area_Sobra": 619885.71, "Etiqueta": "154" }, "geometry": { "type": "Polygon", "coordinates": [ [ [ -75.69057887, 5.72888681, 0.0 ], [ -75.69054638, 5.72892358, 0.0 ], [ -75.69051219, 5.72896525, 0.0 ], [ -75.69047497, 5.72900322, 0.0 ], [ -75.69044224, 5.72903013, 0.0 ], [ -75.69049222, 5.72897275, 0.0 ], [ -75.69055538, 5.72890606, 0.0 ], [ -75.69057887, 5.72888681, 0.0 ] ] ] } },
{ "type": "Feature", "properties": { "Proyecto": "Tamesis la Oculta", "Municipio": "Tamesis", "Sector": "R", "Matricula": "032-17905", "Terreno_Co": "057890002000000010154000000000", "Propietari": "INVERSIONES GONZALEZ SANIN S.C.A", "Area_Total": 619900.0, "Area_Reque": 73.05, "Area_Sobra": 619826.95, "Etiqueta": "154" }, "geometry": { "type": "Polygon", "coordinates": [ [ [ -75.68992719, 5.72913458, 0.0 ], [ -75.68997042, 5.72913844, 0.0 ], [ -75.69005971, 5.72914501, 0.0 ], [ -75.69013975, 5.72916003, 0.0 ], [ -75.69021983, 5.72915049, 0.0 ], [ -75.69029873, 5.72912935, 0.0 ], [ -75.69037147, 5.72909192, 0.0 ], [ -75.6904185, 5.72905247, 0.0 ], [ -75.69039364, 5.7290814, 0.0 ], [ -75.69035866, 5.72911284, 0.0 ], [ -75.69031198, 5.72913052, 0.0 ], [ -75.69026274, 5.72915079, 0.0 ], [ -75.69020312, 5.72916647, 0.0 ], [ -75.69007687, 5.72917256, 0.0 ], [ -75.69003395, 5.72916379, 0.0 ], [ -75.68998234, 5.72914911, 0.0 ], [ -75.68992996, 5.72913538, 0.0 ], [ -75.68992719, 5.72913458, 0.0 ] ] ] } },
{ "type": "Feature", "properties": { "Proyecto": "Tamesis la Oculta", "Municipio": "Tamesis", "Sector": "R", "Matricula": "032-17578", "Terreno_Co": "057890002000000010202000000000", "Propietari": "ESTILO EJECUTIVO SUITES S.A.", "Area_Total": 63592.0, "Area_Reque": 464.05, "Area_Sobra": 63127.95, "Etiqueta": "202" }, "geometry": { "type": "Polygon", "coordinates": [ [ [ -75.69008102, 5.72925258, 0.0 ], [ -75.69008429, 5.72927663, 0.0 ], [ -75.69006147, 5.72929407, 0.0 ], [ -75.69002207, 5.72928731, 0.0 ], [ -75.68996289, 5.72927916, 0.0 ], [ -75.6898755, 5.7292574, 0.0 ], [ -75.68978576, 5.72924548, 0.0 ], [ -75.68969828, 5.72922311, 0.0 ], [ -75.68962457, 5.72921621, 0.0 ], [ -75.68956136, 5.72922139, 0.0 ], [ -75.68949948, 5.72925583, 0.0 ], [ -75.68945024, 5.72930682, 0.0 ], [ -75.68941365, 5.72938822, 0.0 ], [ -75.68937799, 5.72947486, 0.0 ], [ -75.68931677, 5.72954409, 0.0 ], [ -75.68925816, 5.72961403, 0.0 ], [ -75.68919675, 5.72968334, 0.0 ], [ -75.68919412, 5.72968201, 0.0 ], [ -75.68919415, 5.72968197, 0.0 ], [ -75.68920585, 5.72966522, 0.0 ], [ -75.68923686, 5.72961406, 0.0 ], [ -75.68927686, 5.72956307, 0.0 ], [ -75.68930984, 5.72952127, 0.0 ], [ -75.68933248, 5.72948742, 0.0 ], [ -75.68936224, 5.72944173, 0.0 ], [ -75.68937298, 5.72941615, 0.0 ], [ -75.68941379, 5.72931477, 0.0 ], [ -75.68943626, 5.72928506, 0.0 ], [ -75.68949378, 5.729234, 0.0 ], [ -75.68956784, 5.72918478, 0.0 ], [ -75.68964924, 5.7291612, 0.0 ], [ -75.68980446, 5.72919315, 0.0 ], [ -75.68988485, 5.72921084, 0.0 ], [ -75.68992058, 5.72922346, 0.0 ], [ -75.68998183, 5.72924737, 0.0 ], [ -75.69000728, 5.72925057, 0.0 ], [ -75.69008102, 5.72925258, 0.0 ] ] ] } },
{ "type": "Feature", "properties": { "Proyecto": "Tamesis la Oculta", "Municipio": "Tamesis", "Sector": "R", "Matricula": "032-5908", "Terreno_Co": "057890002000000010028000000000", "Propietari": "HINCAPIE GAVIRIA Y CIA S EN C", "Area_Total": 19200.0, "Area_Reque": 43.98, "Area_Sobra": 19156.02, "Etiqueta": "28" }, "geometry": { "type": "Polygon", "coordinates": [ [ [ -75.68184692, 5.73881293, 0.0 ], [ -75.68184796, 5.73881254, 0.0 ], [ -75.68184728, 5.73881144, 0.0 ], [ -75.68185343, 5.73880859, 0.0 ], [ -75.68190827, 5.73878323, 0.0 ], [ -75.68200552, 5.73876226, 0.0 ], [ -75.68197656, 5.73878241, 0.0 ], [ -75.68194747, 5.73880274, 0.0 ], [ -75.68193061, 5.7388119, 0.0 ], [ -75.68191208, 5.73882506, 0.0 ], [ -75.68190981, 5.73882691, 0.0 ], [ -75.68190846, 5.73882667, 0.0 ], [ -75.68189362, 5.738824, 0.0 ], [ -75.68185981, 5.73881598, 0.0 ], [ -75.68184692, 5.73881293, 0.0 ] ] ] } },
{ "type": "Feature", "properties": { "Proyecto": "Tamesis la Oculta", "Municipio": "Tamesis", "Sector": "R", "Matricula": "032-5160", "Terreno_Co": "057890002000000010138000000000", "Propietari": "ANA LUCIA SIERRA ESCOBAR", "Area_Total": 660000.0, "Area_Reque": 19.57, "Area_Sobra": 659980.43, "Etiqueta": "138" }, "geometry": { "type": "Polygon", "coordinates": [ [ [ -75.67968398, 5.7484315, 0.0 ], [ -75.67969007, 5.74845003, 0.0 ], [ -75.67969818, 5.74847517, 0.0 ], [ -75.67970569, 5.74849827, 0.0 ], [ -75.67971195, 5.74851752, 0.0 ], [ -75.67971474, 5.74852595, 0.0 ], [ -75.67971478, 5.74852605, 0.0 ], [ -75.67970655, 5.74852671, 0.0 ], [ -75.67969725, 5.74852772, 0.0 ], [ -75.67969699, 5.74852159, 0.0 ], [ -75.6796675, 5.74843633, 0.0 ], [ -75.67968398, 5.7484315, 0.0 ] ] ] } },
{ "type": "Feature", "properties": { "Proyecto": "Tamesis la Oculta", "Municipio": "Tamesis", "Sector": "R", "Matricula": "032-17905", "Terreno_Co": "057890002000000010154000000000", "Propietari": "INVERSIONES GONZALEZ SANIN S.C.A", "Area_Total": 619900.0, "Area_Reque": 67.87, "Area_Sobra": 619832.13, "Etiqueta": "154" }, "geometry": { "type": "Polygon", "coordinates": [ [ [ -75.69105119, 5.72860521, 0.0 ], [ -75.69100552, 5.72863522, 0.0 ], [ -75.69090225, 5.72867873, 0.0 ], [ -75.69086255, 5.72870452, 0.0 ], [ -75.69082809, 5.72872876, 0.0 ], [ -75.69077163, 5.72876524, 0.0 ], [ -75.69072624, 5.72878692, 0.0 ], [ -75.69068694, 5.72881255, 0.0 ], [ -75.69064749, 5.72883279, 0.0 ], [ -75.69070847, 5.72879062, 0.0 ], [ -75.69077979, 5.72873212, 0.0 ], [ -75.6908138, 5.72870446, 0.0 ], [ -75.69085382, 5.72869108, 0.0 ], [ -75.69090838, 5.72866569, 0.0 ], [ -75.69094602, 5.72865416, 0.0 ], [ -75.69102616, 5.72861382, 0.0 ], [ -75.69105119, 5.72860521, 0.0 ] ] ] } },
{ "type": "Feature", "properties": { "Proyecto": "Tamesis la Oculta", "Municipio": "Tamesis", "Sector": "R", "Matricula": "032-17905", "Terreno_Co": "057890002000000010154000000000", "Propietari": "INVERSIONES GONZALEZ SANIN S.C.A", "Area_Total": 619900.0, "Area_Reque": 76.59, "Area_Sobra": 619823.41, "Etiqueta": "154" }, "geometry": { "type": "Polygon", "coordinates": [ [ [ -75.68931582, 5.72930518, 0.0 ], [ -75.68930545, 5.72933883, 0.0 ], [ -75.68928161, 5.72938874, 0.0 ], [ -75.68924728, 5.72943476, 0.0 ], [ -75.68921672, 5.72948086, 0.0 ], [ -75.68918449, 5.72952674, 0.0 ], [ -75.68914378, 5.72957967, 0.0 ], [ -75.68911758, 5.72960903, 0.0 ], [ -75.68914816, 5.7295608, 0.0 ], [ -75.68919198, 5.72948199, 0.0 ], [ -75.68923424, 5.72940057, 0.0 ], [ -75.68929471, 5.72933098, 0.0 ], [ -75.68931582, 5.72930518, 0.0 ] ] ] } },
{ "type": "Feature", "properties": { "Proyecto": "Tamesis la Oculta", "Municipio": "Tamesis", "Sector": "R", "Matricula": "032-21113", "Terreno_Co": "057890002000000010212000000000", "Propietari": "ESTILO EJECUTIVO SUITES S.A.", "Area_Total": 70080.0, "Area_Reque": 1.52, "Area_Sobra": 70078.48, "Etiqueta": "212" }, "geometry": { "type": "Polygon", "coordinates": [ [ [ -75.68494357, 5.73460582, 0.0 ], [ -75.68495932, 5.73462525, 0.0 ], [ -75.68496077, 5.7346285, 0.0 ], [ -75.68495479, 5.73463373, 0.0 ], [ -75.68494357, 5.73460582, 0.0 ] ] ] } },
{ "type": "Feature", "properties": { "Proyecto": "Tamesis la Oculta", "Municipio": "Tamesis", "Sector": "R", "Matricula": "032-17578", "Terreno_Co": "057890002000000010202000000000", "Propietari": "ESTILO EJECUTIVO SUITES S.A.", "Area_Total": 63592.0, "Area_Reque": 7.35, "Area_Sobra": 63584.65, "Etiqueta": "202" }, "geometry": { "type": "Polygon", "coordinates": [ [ [ -75.6891441, 5.72972499, 0.0 ], [ -75.68912997, 5.72974429, 0.0 ], [ -75.68908049, 5.72977785, 0.0 ], [ -75.68905717, 5.72979297, 0.0 ], [ -75.68909842, 5.72975555, 0.0 ], [ -75.6891441, 5.72972499, 0.0 ] ] ] } },
{ "type": "Feature", "properties": { "Proyecto": "Tamesis la Oculta", "Municipio": "Tamesis", "Sector": "R", "Matricula": "032-4259", "Terreno_Co": "057890002000000040147000000000", "Propietari": "MAGOMEZA S.A.S.", "Area_Total": 106191.0, "Area_Reque": 76.29, "Area_Sobra": 106114.71, "Etiqueta": "147" }, "geometry": { "type": "Polygon", "coordinates": [ [ [ -75.69008102, 5.72925258, 0.0 ], [ -75.69010322, 5.72925283, 0.0 ], [ -75.69011195, 5.72925122, 0.0 ], [ -75.69028156, 5.72921992, 0.0 ], [ -75.69032774, 5.72920533, 0.0 ], [ -75.69033666, 5.72920251, 0.0 ], [ -75.6903389, 5.72920964, 0.0 ], [ -75.69026115, 5.72925077, 0.0 ], [ -75.69016143, 5.72927316, 0.0 ], [ -75.69008429, 5.72927663, 0.0 ], [ -75.69008102, 5.72925258, 0.0 ] ] ] } },
{ "type": "Feature", "properties": { "Proyecto": "Tamesis la Oculta", "Municipio": "Tamesis", "Sector": "R", "Matricula": "032-21113", "Terreno_Co": "057890002000000010212000000000", "Propietari": "ESTILO EJECUTIVO SUITES S.A.", "Area_Total": 70080.0, "Area_Reque": 2.86, "Area_Sobra": 70077.14, "Etiqueta": "212" }, "geometry": { "type": "Polygon", "coordinates": [ [ [ -75.68430947, 5.73249873, 0.0 ], [ -75.68431454, 5.73250185, 0.0 ], [ -75.68431157, 5.73253694, 0.0 ], [ -75.68430603, 5.73256752, 0.0 ], [ -75.68430596, 5.73256788, 0.0 ], [ -75.68430947, 5.73249873, 0.0 ] ] ] } },
{ "type": "Feature", "properties": { "Proyecto": "Tamesis la Oculta", "Municipio": "Tamesis", "Sector": "R", "Matricula": "032-21113", "Terreno_Co": "057890002000000010212000000000", "Propietari": "ESTILO EJECUTIVO SUITES S.A.", "Area_Total": 70080.0, "Area_Reque": 29.48, "Area_Sobra": 70050.52, "Etiqueta": "212" }, "geometry": { "type": "Polygon", "coordinates": [ [ [ -75.68470198, 5.73408135, 0.0 ], [ -75.68472896, 5.73413548, 0.0 ], [ -75.68476743, 5.7342176, 0.0 ], [ -75.68480669, 5.73429901, 0.0 ], [ -75.68484471, 5.73438045, 0.0 ], [ -75.6848539, 5.73441437, 0.0 ], [ -75.684818, 5.73434948, 0.0 ], [ -75.68480142, 5.7343023, 0.0 ], [ -75.68476693, 5.73423328, 0.0 ], [ -75.68472856, 5.73415169, 0.0 ], [ -75.68470198, 5.73408135, 0.0 ] ] ] } },
{ "type": "Feature", "properties": { "Proyecto": "Tamesis la Oculta", "Municipio": "Tamesis", "Sector": "R", "Matricula": "032-13818", "Terreno_Co": "057890002000000010113000000000", "Propietari": "HERNANDEZ S. A. PATHERNA", "Area_Total": 48555.0, "Area_Reque": 27.01, "Area_Sobra": 48527.99, "Etiqueta": "113" }, "geometry": { "type": "Polygon", "coordinates": [ [ [ -75.67634733, 5.7664746, 0.0 ], [ -75.67640704, 5.76650315, 0.0 ], [ -75.67648767, 5.76654406, 0.0 ], [ -75.67654052, 5.76657243, 0.0 ], [ -75.67659751, 5.76662738, 0.0 ], [ -75.6765416, 5.76658254, 0.0 ], [ -75.67646493, 5.76654481, 0.0 ], [ -75.6763858, 5.76650177, 0.0 ], [ -75.67635161, 5.76648163, 0.0 ], [ -75.67634733, 5.7664746, 0.0 ] ] ] } },
{ "type": "Feature", "properties": { "Proyecto": "Tamesis la Oculta", "Municipio": "Tamesis", "Sector": "R", "Matricula": "032-13818", "Terreno_Co": "057890002000000010113000000000", "Propietari": "HERNANDEZ S. A. PATHERNA", "Area_Total": 48555.0, "Area_Reque": 29.44, "Area_Sobra": 48525.56, "Etiqueta": "113" }, "geometry": { "type": "Polygon", "coordinates": [ [ [ -75.67661471, 5.76664474, 0.0 ], [ -75.67667227, 5.76670056, 0.0 ], [ -75.67670331, 5.76674479, 0.0 ], [ -75.67674342, 5.76681989, 0.0 ], [ -75.67676539, 5.76686959, 0.0 ], [ -75.67675794, 5.76686361, 0.0 ], [ -75.67673807, 5.76683697, 0.0 ], [ -75.67672578, 5.76680716, 0.0 ], [ -75.67670404, 5.76677082, 0.0 ], [ -75.67668133, 5.76673548, 0.0 ], [ -75.67665946, 5.76669985, 0.0 ], [ -75.67661471, 5.76664474, 0.0 ] ] ] } },
{ "type": "Feature", "properties": { "Proyecto": "Tamesis la Oculta", "Municipio": "Tamesis", "Sector": "R", "Matricula": "032-1829", "Terreno_Co": "057890002000000010032000000000", "Propietari": "INVERSIONES CHORRITOS S A", "Area_Total": 10000.0, "Area_Reque": 187.82, "Area_Sobra": 9812.18, "Etiqueta": "32" }, "geometry": { "type": "Polygon", "coordinates": [ [ [ -75.67466096, 5.76032757, 0.0 ], [ -75.67465537, 5.76024687, 0.0 ], [ -75.67467194, 5.76021772, 0.0 ], [ -75.6746849, 5.76012195, 0.0 ], [ -75.674692, 5.76007182, 0.0 ], [ -75.67470535, 5.7600247, 0.0 ], [ -75.67472118, 5.75996866, 0.0 ], [ -75.67473111, 5.75993356, 0.0 ], [ -75.6748184, 5.75975487, 0.0 ], [ -75.67480114, 5.75980313, 0.0 ], [ -75.67478767, 5.75984574, 0.0 ], [ -75.67477379, 5.75989427, 0.0 ], [ -75.67475165, 5.75998248, 0.0 ], [ -75.67473717, 5.76004112, 0.0 ], [ -75.67472432, 5.7600937, 0.0 ], [ -75.67470223, 5.76018413, 0.0 ], [ -75.67469047, 5.76023747, 0.0 ], [ -75.67468328, 5.76027507, 0.0 ], [ -75.67467395, 5.76033572, 0.0 ], [ -75.67466897, 5.7603764, 0.0 ], [ -75.67466579, 5.76040786, 0.0 ], [ -75.6746623, 5.76045297, 0.0 ], [ -75.67466096, 5.76032757, 0.0 ] ] ] } },
{ "type": "Feature", "properties": { "Proyecto": "Tamesis la Oculta", "Municipio": "Tamesis", "Sector": "R", "Matricula": "032-5160", "Terreno_Co": "057890002000000010138000000000", "Propietari": "ANA LUCIA SIERRA ESCOBAR", "Area_Total": 660000.0, "Area_Reque": 43.2, "Area_Sobra": 659956.8, "Etiqueta": "138" }, "geometry": { "type": "Polygon", "coordinates": [ [ [ -75.67952566, 5.74809001, 0.0 ], [ -75.67952727, 5.74809309, 0.0 ], [ -75.6795368, 5.74811131, 0.0 ], [ -75.67954266, 5.74812335, 0.0 ], [ -75.67955535, 5.74815113, 0.0 ], [ -75.67955585, 5.74815226, 0.0 ], [ -75.67956044, 5.74816241, 0.0 ], [ -75.67956735, 5.74818385, 0.0 ], [ -75.67957437, 5.74820549, 0.0 ], [ -75.67958546, 5.74822662, 0.0 ], [ -75.67958711, 5.74823038, 0.0 ], [ -75.67958715, 5.74823037, 0.0 ], [ -75.67956503, 5.74824283, 0.0 ], [ -75.67953329, 5.74816613, 0.0 ], [ -75.67951259, 5.74809582, 0.0 ], [ -75.67952566, 5.74809001, 0.0 ] ] ] } },
{ "type": "Feature", "properties": { "Proyecto": "Puente Gabino", "Municipio": "Santo Domingo", "Sector": "R", "Matricula": "026-23008", "Terreno_Co": "056900004000000010063000000000", "Propietari": "MICHELLE MARIA NAVARRO GRAU DYER", "Area_Total": 39300.0, "Area_Reque": 3510.03, "Area_Sobra": 35789.97, "Etiqueta": "63" }, "geometry": { "type": "Polygon", "coordinates": [ [ [ -75.20032763, 6.57033596, 0.0 ], [ -75.20048959, 6.57107783, 0.0 ], [ -75.20040667, 6.57110133, 0.0 ], [ -75.20032326, 6.57111082, 0.0 ], [ -75.20021837, 6.57113959, 0.0 ], [ -75.2001612, 6.57118127, 0.0 ], [ -75.20009629, 6.5712061, 0.0 ], [ -75.1999517, 6.5705794, 0.0 ], [ -75.20032763, 6.57033596, 0.0 ] ] ] } },
{ "type": "Feature", "properties": { "Proyecto": "Puente Gabino", "Municipio": "Santa Rosa de Osos", "Sector": "R", "Matricula": "025-26288", "Terreno_Co": "056860004000000020028000000000", "Propietari": "MARIA EUGENIA MARTINEZ", "Area_Total": 14017.0, "Area_Reque": 3008.94, "Area_Sobra": 11008.06, "Etiqueta": "28" }, "geometry": { "type": "Polygon", "coordinates": [ [ [ -75.20074126, 6.5720729, 0.0 ], [ -75.20073509, 6.57207636, 0.0 ], [ -75.20067472, 6.5721022, 0.0 ], [ -75.20062601, 6.57212816, 0.0 ], [ -75.20062338, 6.57212956, 0.0 ], [ -75.2006231, 6.57212971, 0.0 ], [ -75.20061975, 6.57213149, 0.0 ], [ -75.20060021, 6.57214061, 0.0 ], [ -75.20057979, 6.57215013, 0.0 ], [ -75.20053535, 6.57218089, 0.0 ], [ -75.20048807, 6.57219908, 0.0 ], [ -75.20045105, 6.57221673, 0.0 ], [ -75.20041844, 6.57223553, 0.0 ], [ -75.20037571, 6.57225621, 0.0 ], [ -75.20033029, 6.57227803, 0.0 ], [ -75.20032764, 6.57227364, 0.0 ], [ -75.20027396, 6.57218446, 0.0 ], [ -75.20027163, 6.57218064, 0.0 ], [ -75.20023845, 6.57212608, 0.0 ], [ -75.20022714, 6.57210999, 0.0 ], [ -75.20021793, 6.57209691, 0.0 ], [ -75.20019902, 6.57206999, 0.0 ], [ -75.20017825, 6.57203274, 0.0 ], [ -75.2001729, 6.57202315, 0.0 ], [ -75.20015442, 6.57199037, 0.0 ], [ -75.20006732, 6.57187945, 0.0 ], [ -75.20004301, 6.5718508, 0.0 ], [ -75.20002153, 6.57182366, 0.0 ], [ -75.20000044, 6.5717945, 0.0 ], [ -75.19999817, 6.57179162, 0.0 ], [ -75.19997549, 6.57176297, 0.0 ], [ -75.19999881, 6.571749, 0.0 ], [ -75.19999864, 6.57174915, 0.0 ], [ -75.19999867, 6.57174918, 0.0 ], [ -75.19999869, 6.57174921, 0.0 ], [ -75.1999987, 6.57174924, 0.0 ], [ -75.19999871, 6.57174927, 0.0 ], [ -75.20002318, 6.57174294, 0.0 ], [ -75.20007222, 6.57173028, 0.0 ], [ -75.2000801, 6.57172824, 0.0 ], [ -75.20016494, 6.57170632, 0.0 ], [ -75.20016493, 6.57170628, 0.0 ], [ -75.20016493, 6.57170625, 0.0 ], [ -75.20016494, 6.57170621, 0.0 ], [ -75.20016495, 6.57170618, 0.0 ], [ -75.20016497, 6.57170615, 0.0 ], [ -75.20016499, 6.57170612, 0.0 ], [ -75.20016516, 6.57170627, 0.0 ], [ -75.20016537, 6.57170619, 0.0 ], [ -75.20017302, 6.57170314, 0.0 ], [ -75.20025523, 6.57167032, 0.0 ], [ -75.20025893, 6.57166884, 0.0 ], [ -75.20026198, 6.57166746, 0.0 ], [ -75.20026197, 6.57166754, 0.0 ], [ -75.20026198, 6.57166762, 0.0 ], [ -75.20026203, 6.57166769, 0.0 ], [ -75.20026206, 6.57166772, 0.0 ], [ -75.20026209, 6.57166774, 0.0 ], [ -75.20026212, 6.57166775, 0.0 ], [ -75.20026216, 6.57166776, 0.0 ], [ -75.2002622, 6.57166776, 0.0 ], [ -75.20026223, 6.57166776, 0.0 ], [ -75.20026226, 6.57166775, 0.0 ], [ -75.20026229, 6.57166774, 0.0 ], [ -75.20026232, 6.57166773, 0.0 ], [ -75.20026235, 6.5716677, 0.0 ], [ -75.20026237, 6.57166768, 0.0 ], [ -75.20026239, 6.57166765, 0.0 ], [ -75.20026241, 6.57166761, 0.0 ], [ -75.20026242, 6.57166757, 0.0 ], [ -75.20026242, 6.57166754, 0.0 ], [ -75.20026242, 6.5716675, 0.0 ], [ -75.20026241, 6.57166746, 0.0 ], [ -75.20026239, 6.57166743, 0.0 ], [ -75.20027571, 6.57165995, 0.0 ], [ -75.20029081, 6.57165146, 0.0 ], [ -75.20029101, 6.57165135, 0.0 ], [ -75.20029123, 6.57165135, 0.0 ], [ -75.20031671, 6.57165178, 0.0 ], [ -75.20032215, 6.57165187, 0.0 ], [ -75.20033953, 6.57165216, 0.0 ], [ -75.2003409, 6.57165218, 0.0 ], [ -75.20034708, 6.57165228, 0.0 ], [ -75.20035286, 6.5716527, 0.0 ], [ -75.20035302, 6.57165254, 0.0 ], [ -75.20035318, 6.57165238, 0.0 ], [ -75.20035333, 6.57165222, 0.0 ], [ -75.20035336, 6.57165224, 0.0 ], [ -75.20035338, 6.57165227, 0.0 ], [ -75.20035339, 6.5716523, 0.0 ], [ -75.2003534, 6.57165234, 0.0 ], [ -75.20040993, 6.57163994, 0.0 ], [ -75.20049702, 6.57162083, 0.0 ], [ -75.20055907, 6.57198271, 0.0 ], [ -75.20074126, 6.5720729, 0.0 ] ] ] } },
{ "type": "Feature", "properties": { "Proyecto": "Puente Cisneros", "Municipio": "Cisneros", "Sector": "U", "Matricula": "038-12732", "Terreno_Co": "051900100001700060008900000000", "Propietari": "GLORIA AMPARO GONZALEZ GONZALEZ", "Area_Total": 72.0, "Area_Reque": 72.0, "Area_Sobra": 0.0, "Etiqueta": "8" }, "geometry": { "type": "Polygon", "coordinates": [ [ [ -75.07810947, 6.53699759, 0.0 ], [ -75.07811353, 6.53695674, 0.0 ], [ -75.07811483, 6.53694359, 0.0 ], [ -75.07812234, 6.53694434, 0.0 ], [ -75.07819696, 6.53695175, 0.0 ], [ -75.07820912, 6.53695296, 0.0 ], [ -75.07822189, 6.53695423, 0.0 ], [ -75.07822294, 6.53695434, 0.0 ], [ -75.07822293, 6.5369544, 0.0 ], [ -75.07822192, 6.53696294, 0.0 ], [ -75.07822175, 6.53696436, 0.0 ], [ -75.07821688, 6.53700552, 0.0 ], [ -75.07821656, 6.53700822, 0.0 ], [ -75.07821585, 6.53700815, 0.0 ], [ -75.07810947, 6.53699759, 0.0 ] ] ] } },
{ "type": "Feature", "properties": { "Proyecto": "Puente Cisneros", "Municipio": "Cisneros", "Sector": "U", "Matricula": "038-4956", "Terreno_Co": "051900100001700060009000000000", "Propietari": "ALEXA MARIA ALVAREZ LONDOÑO", "Area_Total": 72.0, "Area_Reque": 72.0, "Area_Sobra": 0.0, "Etiqueta": "9" }, "geometry": { "type": "Polygon", "coordinates": [ [ [ -75.07811483, 6.53694359, 0.0 ], [ -75.07811909, 6.53690072, 0.0 ], [ -75.0781202, 6.53688959, 0.0 ], [ -75.07821653, 6.53689918, 0.0 ], [ -75.07822006, 6.53689953, 0.0 ], [ -75.07822358, 6.53689988, 0.0 ], [ -75.07822794, 6.53690031, 0.0 ], [ -75.07822889, 6.53690041, 0.0 ], [ -75.07822932, 6.53690045, 0.0 ], [ -75.07822873, 6.53690542, 0.0 ], [ -75.07822846, 6.53690768, 0.0 ], [ -75.07822791, 6.53691232, 0.0 ], [ -75.07822756, 6.53691527, 0.0 ], [ -75.07822587, 6.53692957, 0.0 ], [ -75.07822498, 6.53693707, 0.0 ], [ -75.07822309, 6.53695306, 0.0 ], [ -75.07822294, 6.53695434, 0.0 ], [ -75.07822189, 6.53695423, 0.0 ], [ -75.07820912, 6.53695296, 0.0 ], [ -75.07819696, 6.53695175, 0.0 ], [ -75.07812234, 6.53694434, 0.0 ], [ -75.07811483, 6.53694359, 0.0 ] ] ] } },
{ "type": "Feature", "properties": { "Proyecto": "Puente Cisneros", "Municipio": "Cisneros", "Sector": "U", "Matricula": "038-4957", "Terreno_Co": "051900100001700060010000000000", "Propietari": "RUTH MERY GOMEZ CATAÑO", "Area_Total": 72.0, "Area_Reque": 72.0, "Area_Sobra": 0.0, "Etiqueta": "10" }, "geometry": { "type": "Polygon", "coordinates": [ [ [ -75.0781202, 6.53688959, 0.0 ], [ -75.07812442, 6.53684714, 0.0 ], [ -75.07812557, 6.53683559, 0.0 ], [ -75.078137, 6.53683666, 0.0 ], [ -75.07813949, 6.53683689, 0.0 ], [ -75.07814089, 6.53683702, 0.0 ], [ -75.07815387, 6.53683824, 0.0 ], [ -75.07815723, 6.53683855, 0.0 ], [ -75.0781804, 6.53684071, 0.0 ], [ -75.07821378, 6.53684383, 0.0 ], [ -75.07821804, 6.53684423, 0.0 ], [ -75.07822943, 6.53684529, 0.0 ], [ -75.07823405, 6.53684572, 0.0 ], [ -75.07823442, 6.53684576, 0.0 ], [ -75.07823036, 6.53688925, 0.0 ], [ -75.07823016, 6.53689139, 0.0 ], [ -75.07822962, 6.53689718, 0.0 ], [ -75.07822945, 6.53689897, 0.0 ], [ -75.07822944, 6.53689913, 0.0 ], [ -75.0782294, 6.53689952, 0.0 ], [ -75.07822932, 6.53690045, 0.0 ], [ -75.07822889, 6.53690041, 0.0 ], [ -75.07822794, 6.53690031, 0.0 ], [ -75.07822358, 6.53689988, 0.0 ], [ -75.07822006, 6.53689953, 0.0 ], [ -75.07821653, 6.53689918, 0.0 ], [ -75.0781202, 6.53688959, 0.0 ] ] ] } },
{ "type": "Feature", "properties": { "Proyecto": "Puente Cisneros", "Municipio": "Cisneros", "Sector": "U", "Matricula": "038-19832", "Terreno_Co": "051900100001700070001000000000", "Propietari": "MUNICIPIO DE CISNEROS", "Area_Total": 22751.94, "Area_Reque": 250.92, "Area_Sobra": 22501.02, "Etiqueta": "1" }, "geometry": { "type": "Polygon", "coordinates": [ [ [ -75.0780331, 6.53698419, 0.0 ], [ -75.07808491, 6.53699328, 0.0 ], [ -75.07807858, 6.53706226, 0.0 ], [ -75.0781011, 6.53706432, 0.0 ], [ -75.07809986, 6.53707776, 0.0 ], [ -75.07826621, 6.53709307, 0.0 ], [ -75.07826322, 6.53712548, 0.0 ], [ -75.07808974, 6.53710951, 0.0 ], [ -75.07808817, 6.53711899, 0.0 ], [ -75.0780825, 6.53711847, 0.0 ], [ -75.07806993, 6.53725531, 0.0 ], [ -75.07805673, 6.53724507, 0.0 ], [ -75.07804583, 6.53723518, 0.0 ], [ -75.07803059, 6.53721909, 0.0 ], [ -75.07802252, 6.5372114, 0.0 ], [ -75.07801358, 6.53720451, 0.0 ], [ -75.07801137, 6.53720344, 0.0 ], [ -75.0780331, 6.53698419, 0.0 ] ] ] } },
{ "type": "Feature", "properties": { "Proyecto": "Puente Cisneros", "Municipio": "Cisneros", "Sector": "R", "Matricula": "038-20295", "Terreno_Co": "051900001000000050033000000000", "Propietari": "MUNICIPIO DE CISNEROS", "Area_Total": 4400.0, "Area_Reque": 144.66, "Area_Sobra": 4255.34, "Etiqueta": "33" }, "geometry": { "type": "Polygon", "coordinates": [ [ [ -75.07804513, 6.53736704, 0.0 ], [ -75.07805957, 6.53736811, 0.0 ], [ -75.0780418, 6.53756166, 0.0 ], [ -75.07803166, 6.53755941, 0.0 ], [ -75.07797971, 6.5375479, 0.0 ], [ -75.07799575, 6.53737132, 0.0 ], [ -75.07800645, 6.53736974, 0.0 ], [ -75.07802967, 6.53736742, 0.0 ], [ -75.07804513, 6.53736704, 0.0 ] ] ] } },
{ "type": "Feature", "properties": { "Proyecto": "Puente Cisneros", "Municipio": "Cisneros", "Sector": "R", "Matricula": "038-7348", "Terreno_Co": "051900099000099990001400000000", "Propietari": "EL INVIAS", "Area_Total": 129761.0, "Area_Reque": 335.62, "Area_Sobra": 129425.38, "Etiqueta": "14" }, "geometry": { "type": "Polygon", "coordinates": [ [ [ -75.07802955, 6.53769511, 0.0 ], [ -75.07802876, 6.53770368, 0.0 ], [ -75.07800029, 6.5380161, 0.0 ], [ -75.07799819, 6.53801515, 0.0 ], [ -75.07797702, 6.53801046, 0.0 ], [ -75.07796813, 6.53800849, 0.0 ], [ -75.07795295, 6.53800513, 0.0 ], [ -75.07794928, 6.53800431, 0.0 ], [ -75.07794826, 6.53795953, 0.0 ], [ -75.0779591, 6.53781752, 0.0 ], [ -75.07796574, 6.53769789, 0.0 ], [ -75.07797971, 6.5375479, 0.0 ], [ -75.07803166, 6.53755941, 0.0 ], [ -75.0780418, 6.53756166, 0.0 ], [ -75.0780309, 6.53768033, 0.0 ], [ -75.07802955, 6.53769511, 0.0 ] ] ] } },
{ "type": "Feature", "properties": { "Proyecto": "Puente Cisneros", "Municipio": "Cisneros", "Sector": "U", "Matricula": "038-12731", "Terreno_Co": "051900100001700060008900000000", "Propietari": "BERTA OLIVA ARENAS OSPINA", "Area_Total": 91.0, "Area_Reque": 71.75, "Area_Sobra": 19.25, "Etiqueta": "89" }, "geometry": { "type": "Polygon", "coordinates": [ [ [ -75.07810947, 6.53699759, 0.0 ], [ -75.07811353, 6.53695674, 0.0 ], [ -75.07811483, 6.53694359, 0.0 ], [ -75.07812234, 6.53694434, 0.0 ], [ -75.07819696, 6.53695175, 0.0 ], [ -75.07820912, 6.53695296, 0.0 ], [ -75.07822189, 6.53695423, 0.0 ], [ -75.07822294, 6.53695434, 0.0 ], [ -75.07822293, 6.5369544, 0.0 ], [ -75.07822192, 6.53696294, 0.0 ], [ -75.07822175, 6.53696436, 0.0 ], [ -75.07821688, 6.53700552, 0.0 ], [ -75.07821656, 6.53700822, 0.0 ], [ -75.07821585, 6.53700815, 0.0 ], [ -75.07810947, 6.53699759, 0.0 ] ] ] } },
{ "type": "Feature", "properties": { "Proyecto": "Puente El Volcan", "Municipio": "Urrao", "Sector": "R", "Matricula": "035-5624", "Terreno_Co": "058470001000000220011000000000", "Propietari": "PJDC S.A.S Y OTROS", "Area_Total": 593481.0, "Area_Reque": 4051.95, "Area_Sobra": 589429.05, "Etiqueta": "11" }, "geometry": { "type": "Polygon", "coordinates": [ [ [ -76.12951664, 6.2848874, 0.0 ], [ -76.12951597, 6.2848853, 0.0 ], [ -76.12950314, 6.28483671, 0.0 ], [ -76.12949833, 6.2848185, 0.0 ], [ -76.12949006, 6.28475302, 0.0 ], [ -76.12948744, 6.2847206, 0.0 ], [ -76.1294834, 6.28467064, 0.0 ], [ -76.12947876, 6.28461329, 0.0 ], [ -76.12947668, 6.28458748, 0.0 ], [ -76.12947617, 6.28457546, 0.0 ], [ -76.12946725, 6.2843649, 0.0 ], [ -76.13029328, 6.28451722, 0.0 ], [ -76.13027941, 6.28458065, 0.0 ], [ -76.13024168, 6.28466408, 0.0 ], [ -76.13019201, 6.28475148, 0.0 ], [ -76.13017647, 6.28477883, 0.0 ], [ -76.13016922, 6.28479158, 0.0 ], [ -76.13016142, 6.28480531, 0.0 ], [ -76.13011734, 6.28488287, 0.0 ], [ -76.13009145, 6.28491769, 0.0 ], [ -76.12987201, 6.2848715, 0.0 ], [ -76.12951664, 6.2848874, 0.0 ] ] ] } },
{ "type": "Feature", "properties": { "Proyecto": "Puente El Volcan", "Municipio": "Urrao", "Sector": "R", "Matricula": "035-4921", "Terreno_Co": "058470001000000230021000000000", "Propietari": "GEORGINA COSSIO Y OTROS", "Area_Total": 1996780.0, "Area_Reque": 4074.65, "Area_Sobra": 1992705.35, "Etiqueta": "21" }, "geometry": { "type": "Polygon", "coordinates": [ [ [ -76.13026831, 6.28506875, 0.0 ], [ -76.1303145, 6.28500781, 0.0 ], [ -76.13038527, 6.2849576, 0.0 ], [ -76.13039961, 6.28494399, 0.0 ], [ -76.13039982, 6.28494379, 0.0 ], [ -76.1304117, 6.28493251, 0.0 ], [ -76.13042558, 6.28491933, 0.0 ], [ -76.13043279, 6.28491249, 0.0 ], [ -76.13044599, 6.28489578, 0.0 ], [ -76.13045911, 6.28487916, 0.0 ], [ -76.13048022, 6.28485243, 0.0 ], [ -76.13053052, 6.28477143, 0.0 ], [ -76.13085467, 6.28493579, 0.0 ], [ -76.13138779, 6.28490459, 0.0 ], [ -76.13136806, 6.28492241, 0.0 ], [ -76.13122121, 6.28506216, 0.0 ], [ -76.13113361, 6.28514553, 0.0 ], [ -76.13108113, 6.28519548, 0.0 ], [ -76.13104796, 6.28522704, 0.0 ], [ -76.13100478, 6.28526814, 0.0 ], [ -76.13090907, 6.2853619, 0.0 ], [ -76.13059574, 6.28529321, 0.0 ], [ -76.13026831, 6.28506875, 0.0 ] ] ] } },
{ "type": "Feature", "properties": { "Proyecto": "PAP El Tres - San Pedro", "Municipio": "Turbo", "Sector": "R", "Matricula": "034-13299", "Terreno_Co": "058370010000000190062000000000", "Propietari": "RUBEN ANTONIO AGUDELO AGUDELO", "Area_Total": 10000.0, "Area_Reque": 29.03, "Area_Sobra": 9970.97, "Etiqueta": "62" }, "geometry": { "type": "Polygon", "coordinates": [ [ [ -76.60840268, 8.1102383, 0.0 ], [ -76.6082626, 8.11026194, 0.0 ], [ -76.60817259, 8.11027297, 0.0 ], [ -76.60817133, 8.11025948, 0.0 ], [ -76.60821868, 8.11025237, 0.0 ], [ -76.60831641, 8.1102433, 0.0 ], [ -76.60835605, 8.11023997, 0.0 ], [ -76.60840268, 8.1102383, 0.0 ] ] ] } },
{ "type": "Feature", "properties": { "Proyecto": "PAP El Tres - San Pedro", "Municipio": "Turbo", "Sector": "R", "Matricula": "034-3534", "Terreno_Co": "058370010000000190032000000000", "Propietari": "GUILLERMO DE JESUS GRANADA ARCILA", "Area_Total": 2400000.0, "Area_Reque": 296.36, "Area_Sobra": 2399703.64, "Etiqueta": "32" }, "geometry": { "type": "Polygon", "coordinates": [ [ [ -76.60888713, 8.11040352, 0.0 ], [ -76.60886795, 8.11040265, 0.0 ], [ -76.60884858, 8.11040263, 0.0 ], [ -76.60882813, 8.11040094, 0.0 ], [ -76.60881187, 8.11040267, 0.0 ], [ -76.6088009, 8.11040311, 0.0 ], [ -76.60879374, 8.11040242, 0.0 ], [ -76.60876861, 8.11039821, 0.0 ], [ -76.60874958, 8.1103943, 0.0 ], [ -76.6086613, 8.11038786, 0.0 ], [ -76.60861629, 8.11038168, 0.0 ], [ -76.60852033, 8.11035889, 0.0 ], [ -76.608472, 8.11035001, 0.0 ], [ -76.60841497, 8.11034375, 0.0 ], [ -76.60828002, 8.11034231, 0.0 ], [ -76.60858467, 8.11029394, 0.0 ], [ -76.60876156, 8.11035211, 0.0 ], [ -76.60888713, 8.11040352, 0.0 ] ] ] } },
{ "type": "Feature", "properties": { "Proyecto": "Puente San Fermín - Briceño", "Municipio": "Briceño", "Sector": "R", "Matricula": "N/A", "Terreno_Co": "051070001000000070012000000000", "Propietari": "GUILLERMO LEON MONTOYA RAMIREZ", "Area_Total": 130459.0, "Area_Reque": 543.5, "Area_Sobra": 129915.5, "Etiqueta": "12" }, "geometry": { "type": "Polygon", "coordinates": [ [ [ -75.50487812, 7.0991614, 0.0 ], [ -75.50483348, 7.09914085, 0.0 ], [ -75.504674, 7.09902327, 0.0 ], [ -75.50467183, 7.09897356, 0.0 ], [ -75.50475177, 7.09892701, 0.0 ], [ -75.50488317, 7.09882405, 0.0 ], [ -75.50488521, 7.09888407, 0.0 ], [ -75.50489986, 7.09893191, 0.0 ], [ -75.50490064, 7.09907539, 0.0 ], [ -75.50487812, 7.0991614, 0.0 ] ] ] } },
{ "type": "Feature", "properties": { "Proyecto": "Puente La Loma Urrao", "Municipio": "Urrao", "Sector": "R", "Matricula": "035-5037", "Terreno_Co": "058470001000000470018000000000", "Propietari": "RECAREDO DE JESUS HERRERA", "Area_Total": 20000.0, "Area_Reque": 318.35, "Area_Sobra": 19681.65, "Etiqueta": "18" }, "geometry": { "type": "Polygon", "coordinates": [ [ [ -76.20679734, 6.3711529, 0.0 ], [ -76.206838, 6.37113213, 0.0 ], [ -76.20691025, 6.37119544, 0.0 ], [ -76.20695684, 6.37122945, 0.0 ], [ -76.20702814, 6.37130882, 0.0 ], [ -76.20705476, 6.37134756, 0.0 ], [ -76.2071023, 6.3713863, 0.0 ], [ -76.20712416, 6.37142031, 0.0 ], [ -76.20714508, 6.37144393, 0.0 ], [ -76.20715832, 6.3714906, 0.0 ], [ -76.20712169, 6.37146873, 0.0 ], [ -76.20708716, 6.37144419, 0.0 ], [ -76.20705182, 6.37141906, 0.0 ], [ -76.20699036, 6.37136386, 0.0 ], [ -76.20693194, 6.37130191, 0.0 ], [ -76.20687153, 6.37123815, 0.0 ], [ -76.20686882, 6.37123529, 0.0 ], [ -76.20679734, 6.3711529, 0.0 ] ] ] } },
{ "type": "Feature", "properties": { "Proyecto": "Puente La Loma Urrao", "Municipio": "Urrao", "Sector": "R", "Matricula": "035-11464", "Terreno_Co": "058470001000000470019000000000", "Propietari": "AVELINO DE JESUS SERNA", "Area_Total": 170000.0, "Area_Reque": 881.95, "Area_Sobra": 169118.05, "Etiqueta": "19" }, "geometry": { "type": "Polygon", "coordinates": [ [ [ -76.20683165, 6.37127487, 0.0 ], [ -76.20680638, 6.37127882, 0.0 ], [ -76.20669539, 6.37126748, 0.0 ], [ -76.20653642, 6.3712952, 0.0 ], [ -76.20651142, 6.37122253, 0.0 ], [ -76.20645581, 6.37115192, 0.0 ], [ -76.20643635, 6.37112721, 0.0 ], [ -76.20642707, 6.37104954, 0.0 ], [ -76.20643242, 6.3709823, 0.0 ], [ -76.20644797, 6.37097332, 0.0 ], [ -76.20647686, 6.37096735, 0.0 ], [ -76.20649808, 6.37096722, 0.0 ], [ -76.20649867, 6.37096721, 0.0 ], [ -76.2065206, 6.37097399, 0.0 ], [ -76.20654035, 6.37098249, 0.0 ], [ -76.20656974, 6.37100094, 0.0 ], [ -76.20659645, 6.3710194, 0.0 ], [ -76.20666461, 6.37108263, 0.0 ], [ -76.20667766, 6.37109767, 0.0 ], [ -76.20682101, 6.3712629, 0.0 ], [ -76.20682867, 6.37127173, 0.0 ], [ -76.20683165, 6.37127487, 0.0 ] ] ] } },
{ "type": "Feature", "properties": { "Proyecto": "Puente La Loma Urrao", "Municipio": "Urrao", "Sector": "R", "Matricula": "035-10276", "Terreno_Co": "058470001000000470137000000000", "Propietari": "EDISON IVAN QUICENO Y OTROS", "Area_Total": 80000.0, "Area_Reque": 385.77, "Area_Sobra": 79614.23, "Etiqueta": "137" }, "geometry": { "type": "Polygon", "coordinates": [ [ [ -76.20623304, 6.37125513, 0.0 ], [ -76.20611024, 6.37127599, 0.0 ], [ -76.20603347, 6.37129102, 0.0 ], [ -76.20586886, 6.37133895, 0.0 ], [ -76.20573695, 6.37141429, 0.0 ], [ -76.20571035, 6.37142829, 0.0 ], [ -76.2057163, 6.37139694, 0.0 ], [ -76.20603032, 6.37121472, 0.0 ], [ -76.20616345, 6.37113777, 0.0 ], [ -76.20618599, 6.37117579, 0.0 ], [ -76.20623304, 6.37125513, 0.0 ] ] ] } },
{ "type": "Feature", "properties": { "Proyecto": "Puente La Loma Urrao", "Municipio": "Urrao", "Sector": "R", "Matricula": "035-3460", "Terreno_Co": "058470001000000470140000000000", "Propietari": "JORGE IVAN HIGUITA", "Area_Total": 10000.0, "Area_Reque": 152.03, "Area_Sobra": 9847.97, "Etiqueta": "140" }, "geometry": { "type": "Polygon", "coordinates": [ [ [ -76.20608469, 6.37103037, 0.0 ], [ -76.2061358, 6.37109114, 0.0 ], [ -76.20592715, 6.3712062, 0.0 ], [ -76.2059278, 6.3712011, 0.0 ], [ -76.20595199, 6.37116142, 0.0 ], [ -76.20598051, 6.3711071, 0.0 ], [ -76.20608469, 6.37103037, 0.0 ] ] ] } },
{ "type": "Feature", "properties": { "Proyecto": "Puente Churimbo", "Municipio": "Santa Fe de Antioquia", "Sector": "R", "Matricula": "024-5689", "Terreno_Co": "050420001000000340116000000000", "Propietari": "MISAELA DAVID QUIRO", "Area_Total": 200000.0, "Area_Reque": 254.488601598, "Area_Sobra": 199745.511398, "Etiqueta": "116" }, "geometry": { "type": "Polygon", "coordinates": [ [ [ -75.97691296, 6.59988644, 0.0 ], [ -75.97675116, 6.59991144, 0.0 ], [ -75.9767041, 6.59988735, 0.0 ], [ -75.97671551, 6.59984769, 0.0 ], [ -75.97673612, 6.59976689, 0.0 ], [ -75.97674696, 6.59976675, 0.0 ], [ -75.97681391, 6.59979386, 0.0 ], [ -75.97688236, 6.59981511, 0.0 ], [ -75.9769191, 6.59982002, 0.0 ], [ -75.97691944, 6.59982361, 0.0 ], [ -75.97691231, 6.5998831, 0.0 ], [ -75.97691296, 6.59988644, 0.0 ] ] ] } },
{ "type": "Feature", "properties": { "Proyecto": "Puente Churimbo", "Municipio": "Santa Fe de Antioquia", "Sector": "R", "Matricula": "024-12770", "Terreno_Co": "050420001000000340065000000000", "Propietari": "JOSE ANGEL ROLDAN GOMEZ", "Area_Total": 116332.0, "Area_Reque": 138.978017435, "Area_Sobra": 116193.021983, "Etiqueta": "65" }, "geometry": { "type": "Polygon", "coordinates": [ [ [ -75.97673612, 6.59976689, 0.0 ], [ -75.97674261, 6.59974144, 0.0 ], [ -75.97676685, 6.59969328, 0.0 ], [ -75.97681391, 6.59972019, 0.0 ], [ -75.97688236, 6.59976411, 0.0 ], [ -75.9769337, 6.59977969, 0.0 ], [ -75.9769191, 6.59982002, 0.0 ], [ -75.97688236, 6.59981511, 0.0 ], [ -75.97681391, 6.59979386, 0.0 ], [ -75.97674696, 6.59976675, 0.0 ], [ -75.97673612, 6.59976689, 0.0 ] ] ] } },
{ "type": "Feature", "properties": { "Proyecto": "Puente La Florida Toledo", "Municipio": "Toledo\r\n", "Sector": "R", "Matricula": "037-48916", "Terreno_Co": "058190001000000110055000000000", "Propietari": "MARTA CONSUELO VALBUENA", "Area_Total": 10000.0, "Area_Reque": 687.32, "Area_Sobra": 9312.68, "Etiqueta": "55" }, "geometry": { "type": "Polygon", "coordinates": [ [ [ -75.70876495, 7.02321927, 0.0 ], [ -75.70885256, 7.02317635, 0.0 ], [ -75.70896546, 7.02315159, 0.0 ], [ -75.70905459, 7.02314923, 0.0 ], [ -75.70910213, 7.02316102, 0.0 ], [ -75.70913303, 7.02316102, 0.0 ], [ -75.70917224, 7.02315512, 0.0 ], [ -75.70920433, 7.02315748, 0.0 ], [ -75.70922691, 7.0231622, 0.0 ], [ -75.7092714, 7.0231683, 0.0 ], [ -75.70926451, 7.02318319, 0.0 ], [ -75.70925831, 7.02319657, 0.0 ], [ -75.70924954, 7.02323469, 0.0 ], [ -75.70920639, 7.02330245, 0.0 ], [ -75.70918752, 7.02335839, 0.0 ], [ -75.70902964, 7.02329194, 0.0 ], [ -75.70892268, 7.0232542, 0.0 ], [ -75.70876495, 7.02321927, 0.0 ] ] ] } },
{ "type": "Feature", "properties": { "Proyecto": "Puente La Florida Toledo", "Municipio": "Toledo", "Sector": "R", "Matricula": "037-37853", "Terreno_Co": "058190001000000110019000000000", "Propietari": "JOSE DE JESUS DUQUE ZAPATA", "Area_Total": 477760.0, "Area_Reque": 981.67, "Area_Sobra": 476778.33, "Etiqueta": "19" }, "geometry": { "type": "Polygon", "coordinates": [ [ [ -75.70926451, 7.02318319, 0.0 ], [ -75.7092714, 7.0231683, 0.0 ], [ -75.70940517, 7.02321056, 0.0 ], [ -75.70948836, 7.02328015, 0.0 ], [ -75.70957868, 7.02345707, 0.0 ], [ -75.70947172, 7.02352312, 0.0 ], [ -75.70935288, 7.02348066, 0.0 ], [ -75.70918752, 7.02335839, 0.0 ], [ -75.70920639, 7.02330245, 0.0 ], [ -75.70924954, 7.02323469, 0.0 ], [ -75.70925831, 7.02319657, 0.0 ], [ -75.70926451, 7.02318319, 0.0 ] ] ] } },
{ "type": "Feature", "properties": { "Proyecto": "Puente El Verdun Jardin", "Municipio": "Jardin", "Sector": "R", "Matricula": "004-14015", "Terreno_Co": "053640001000000100104000000000", "Propietari": "ARALI PALACIO MACHADO", "Area_Total": 32783.0, "Area_Reque": 460.15, "Area_Sobra": 32322.85, "Etiqueta": "104" }, "geometry": { "type": "Polygon", "coordinates": [ [ [ -75.85110984, 5.5924539, 0.0 ], [ -75.85112522, 5.59236946, 0.0 ], [ -75.8511103, 5.59229708, 0.0 ], [ -75.85113227, 5.59227001, 0.0 ], [ -75.85116529, 5.59224904, 0.0 ], [ -75.85119837, 5.59224894, 0.0 ], [ -75.85124506, 5.59229054, 0.0 ], [ -75.85128068, 5.59236503, 0.0 ], [ -75.85126283, 5.59254267, 0.0 ], [ -75.85121095, 5.59252955, 0.0 ], [ -75.85115263, 5.59249693, 0.0 ], [ -75.85110984, 5.5924539, 0.0 ] ] ] } },
{ "type": "Feature", "properties": { "Proyecto": "Puente El Verdun Jardin", "Municipio": "Jardin", "Sector": "R", "Matricula": "004-12937", "Terreno_Co": "053640001000000110112000000000", "Propietari": "NORELA ZAPATA GOMEZ", "Area_Total": 22868.0, "Area_Reque": 44.96, "Area_Sobra": 22823.04, "Etiqueta": "112" }, "geometry": { "type": "Polygon", "coordinates": [ [ [ -75.8510838, 5.59257468, 0.0 ], [ -75.85110873, 5.59259381, 0.0 ], [ -75.85109367, 5.5926872, 0.0 ], [ -75.8510815, 5.59271436, 0.0 ], [ -75.85106851, 5.59274334, 0.0 ], [ -75.85106904, 5.59267314, 0.0 ], [ -75.85107281, 5.59262442, 0.0 ], [ -75.8510838, 5.59257468, 0.0 ] ] ] } },
{ "type": "Feature", "properties": { "Proyecto": "Puente El Verdun Jardin", "Municipio": "Jardin", "Sector": "R", "Matricula": "004-7628", "Terreno_Co": "053640001000000110142000000000", "Propietari": "CRUZ ELISA MARIN AGUDELO", "Area_Total": 215290.0, "Area_Reque": 301.42, "Area_Sobra": 214988.58, "Etiqueta": "142" }, "geometry": { "type": "Polygon", "coordinates": [ [ [ -75.85107724, 5.59280309, 0.0 ], [ -75.85106807, 5.59275736, 0.0 ], [ -75.85106851, 5.59274334, 0.0 ], [ -75.8510815, 5.59271436, 0.0 ], [ -75.85109367, 5.5926872, 0.0 ], [ -75.85110873, 5.59259381, 0.0 ], [ -75.85117179, 5.59263997, 0.0 ], [ -75.85121724, 5.59266583, 0.0 ], [ -75.85120951, 5.59273028, 0.0 ], [ -75.85120168, 5.59279618, 0.0 ], [ -75.8511887, 5.59281683, 0.0 ], [ -75.85117168, 5.59283146, 0.0 ], [ -75.851123, 5.59283312, 0.0 ], [ -75.85109838, 5.59282364, 0.0 ], [ -75.85107724, 5.59280309, 0.0 ] ] ] } },
{ "type": "Feature", "properties": { "Proyecto": "PAP Ituango y Carolina", "Municipio": "Ituango", "Sector": "R", "Matricula": "013-7579", "Terreno_Co": "053610001000000140095000000000", "Propietari": "YANETH PATRICIA OQUENDO SALDARRIAGA Y OTRO", "Area_Total": 6517.0, "Area_Reque": 725.74, "Area_Sobra": 5791.26, "Etiqueta": "95" }, "geometry": { "type": "Polygon", "coordinates": [ [ [ -75.74941912, 7.16619707, 0.0 ], [ -75.74934177, 7.1662404, 0.0 ], [ -75.74928264, 7.16625559, 0.0 ], [ -75.74916589, 7.16626943, 0.0 ], [ -75.74916251, 7.16613681, 0.0 ], [ -75.74918409, 7.16607389, 0.0 ], [ -75.74924147, 7.16602408, 0.0 ], [ -75.74930719, 7.16598998, 0.0 ], [ -75.74938008, 7.1659736, 0.0 ], [ -75.749416, 7.16597183, 0.0 ], [ -75.74941647, 7.16603403, 0.0 ], [ -75.74941912, 7.16619707, 0.0 ] ] ] } }
]
}
