{"type":"FeatureCollection","name":"Predios_Intervenidos_Visor","crs":{"type":"name","properties":{"name":"urn:ogc:def:crs:OGC:1.3:CRS84"}},"xy_coordinate_resolution":1e-8,"features":[{"type":"Feature","properties":{"Proyecto":"Granada 0+900","Municipio":"El Santuario","sector":"R","Matricula":null,"terreno_co":"056970001000000070241000000000","Propietari":null,"ABS":null,"Area_Total":0,"Area_Req":0,"Area_Rem":0,"AreaSobran":0,"Shape_Leng":863.799874647,"Shape_Area":33103.9327041},"geometry":{"type":"Polygon","coordinates":[[[-75.24191895,6.12710587],[-75.24194296,6.12702073],[-75.24194282,6.12698929],[-75.24194262,6.12694008],[-75.24197828,6.126894],[-75.24200238,6.12682499],[-75.2420259,6.12678089],[-75.24203745,6.12675922],[-75.24205444,6.12672735],[-75.24209061,6.12665953],[-75.24211347,6.12663646],[-75.24214168,6.12652437],[-75.24215494,6.12649182],[-75.24218853,6.12640932],[-75.24232424,6.12627812],[-75.242506,6.12618404],[-75.24275791,6.12605809],[-75.24278937,6.12603993],[-75.2428144,6.12605131],[-75.24281706,6.1260524],[-75.24294063,6.12609711],[-75.24294676,6.12609873],[-75.24294792,6.12609891],[-75.24312372,6.1261233],[-75.24312678,6.12612359],[-75.24322412,6.12612873],[-75.24324012,6.12612958],[-75.24324217,6.12612963],[-75.24324439,6.12612955],[-75.24338419,6.12612035],[-75.24338786,6.12611992],[-75.24353998,6.12609413],[-75.2435438,6.12609325],[-75.24366699,6.12605756],[-75.24366969,6.12605666],[-75.24377732,6.12601521],[-75.24378073,6.12601369],[-75.2438845,6.12596086],[-75.24388631,6.12595987],[-75.24388811,6.12595874],[-75.24394675,6.12591974],[-75.24394869,6.12591836],[-75.24399873,6.1258801],[-75.24400014,6.12587897],[-75.24400165,6.12587762],[-75.24404879,6.12583292],[-75.24404997,6.12583174],[-75.24412135,6.12575754],[-75.24417725,6.12569967],[-75.24424377,6.1256282],[-75.24431746,6.12555044],[-75.24432411,6.12554734],[-75.24439594,6.12551388],[-75.24440595,6.12551282],[-75.24448176,6.1255048],[-75.2445473,6.12552407],[-75.2445942,6.12557415],[-75.24462396,6.12563006],[-75.2446439,6.1257422],[-75.24465136,6.12586013],[-75.2446504,6.12596905],[-75.24464731,6.1260843],[-75.2446473,6.12608542],[-75.24464735,6.12608731],[-75.24465355,6.12619711],[-75.24465407,6.1262015],[-75.24465456,6.12620379],[-75.24467717,6.12629486],[-75.24467852,6.12629914],[-75.2446804,6.12630323],[-75.24468276,6.12630705],[-75.24471476,6.12635222],[-75.24473903,6.12638649],[-75.24474168,6.1263898],[-75.24474469,6.12639277],[-75.24474803,6.12639537],[-75.24483505,6.1264553],[-75.24482474,6.12657078],[-75.24481462,6.12668416],[-75.24480081,6.12681163],[-75.24478857,6.12688526],[-75.24465594,6.12689598],[-75.24453412,6.12691683],[-75.24442608,6.12694898],[-75.2442283,6.12695519],[-75.24403342,6.12695814],[-75.2439552,6.12695933],[-75.24390225,6.12696809],[-75.24384665,6.12697729],[-75.243807,6.12698385],[-75.24379175,6.12698631],[-75.24362247,6.12701359],[-75.24358374,6.12701983],[-75.24343327,6.12704408],[-75.24342287,6.12704576],[-75.24340045,6.1270388],[-75.24336854,6.1270289],[-75.24330878,6.12703857],[-75.2432653,6.1270456],[-75.24321751,6.12705333],[-75.24319074,6.12705766],[-75.24318078,6.12705927],[-75.24309204,6.12705783],[-75.24260532,6.12704989],[-75.24252662,6.12704861],[-75.24250497,6.12704553],[-75.24207077,6.12706303],[-75.24193591,6.12710109],[-75.24191895,6.12710587]]]}},{"type":"Feature","properties":{"Proyecto":"Granada 0+900","Municipio":"El Santuario","sector":"R","Matricula":null,"terreno_co":"056970001000000070270000000000","Propietari":null,"ABS":null,"Area_Total":0,"Area_Req":0,"Area_Rem":0,"AreaSobran":0,"Shape_Leng":1110.09716115,"Shape_Area":31261.687996},"geometry":{"type":"MultiPolygon","coordinates":[[[[-75.23816743,6.12736118],[-75.2381683,6.12736084],[-75.23819445,6.12737368],[-75.23826198,6.12741724],[-75.23831796,6.12745044],[-75.23833547,6.12745929],[-75.23840475,6.12749431],[-75.23847661,6.12752969],[-75.23850323,6.12754278],[-75.23852997,6.12755594],[-75.23857499,6.1275822],[-75.23859984,6.12759451],[-75.23861532,6.12760217],[-75.23872205,6.12764261],[-75.23874359,6.12765077],[-75.23875551,6.12765529],[-75.23879532,6.12767128],[-75.23881965,6.12768105],[-75.23886602,6.12769329],[-75.23888929,6.12769943],[-75.23896766,6.12771747],[-75.2389828,6.12772095],[-75.23903686,6.12773249],[-75.23909552,6.12774502],[-75.23912771,6.12775099],[-75.23925519,6.12778504],[-75.23926998,6.12778767],[-75.23931355,6.1277886],[-75.23931597,6.12780095],[-75.23937648,6.12811054],[-75.23940047,6.12824526],[-75.23940166,6.12827616],[-75.23940553,6.12837639],[-75.23937791,6.12848788],[-75.23935916,6.1285136],[-75.23928711,6.12861244],[-75.23928712,6.12861412],[-75.23927637,6.12862717],[-75.23927282,6.12863149],[-75.23916381,6.12874151],[-75.23910331,6.12878744],[-75.2390583,6.12882161],[-75.23899111,6.12886084],[-75.23890776,6.12891166],[-75.23886804,6.12894573],[-75.23882656,6.12898131],[-75.23876622,6.12903216],[-75.23873995,6.12905802],[-75.23872668,6.12907109],[-75.23865859,6.12914757],[-75.23863224,6.12916141],[-75.2385748,6.1291916],[-75.23856109,6.129202],[-75.23852173,6.12923187],[-75.23851458,6.12924148],[-75.23850453,6.12924876],[-75.23842693,6.12928619],[-75.23838373,6.12928976],[-75.23838028,6.1292892],[-75.23835636,6.12928406],[-75.23835615,6.12928306],[-75.23835222,6.12926383],[-75.23834844,6.12925349],[-75.23834628,6.12916529],[-75.23833736,6.1290513],[-75.23833486,6.12903763],[-75.23831403,6.12892343],[-75.2383132,6.12891888],[-75.23829271,6.12878119],[-75.23829003,6.1287581],[-75.23828792,6.12873988],[-75.23828279,6.12869562],[-75.23827991,6.12867076],[-75.2382713,6.12859645],[-75.2382605,6.12851092],[-75.23825981,6.12850547],[-75.23825746,6.12849298],[-75.23825679,6.12848941],[-75.23825116,6.12845947],[-75.23824019,6.12842695],[-75.23823334,6.12840856],[-75.23822719,6.12839206],[-75.23821162,6.12835907],[-75.23820686,6.12834695],[-75.23819273,6.12831094],[-75.23818535,6.12829215],[-75.23816095,6.12824205],[-75.23815673,6.12823249],[-75.2381396,6.12819368],[-75.23812397,6.12815827],[-75.23810801,6.12810902],[-75.23810268,6.12809257],[-75.23809355,6.12806443],[-75.23809262,6.12806156],[-75.23808252,6.12802534],[-75.2380765,6.12800376],[-75.23806514,6.12791335],[-75.23806316,6.1279051],[-75.23806146,6.12789797],[-75.23805946,6.12788965],[-75.23804882,6.12786926],[-75.2380424,6.12784623],[-75.23804158,6.12783424],[-75.23804112,6.12782749],[-75.23804177,6.12778988],[-75.2380339,6.12769969],[-75.23803293,6.12768857],[-75.23803353,6.12768686],[-75.23805493,6.12762574],[-75.23806164,6.12760756],[-75.23806531,6.12759762],[-75.23807016,6.12758449],[-75.23808135,6.12753075],[-75.23809836,6.12743222],[-75.23810078,6.12741622],[-75.23810906,6.12739894],[-75.23811088,6.12739515],[-75.23812825,6.12737986],[-75.23813231,6.12737758],[-75.23814734,6.12736915],[-75.23816743,6.12736118]]],[[[-75.23949049,6.12952026],[-75.23934962,6.12958289],[-75.23933518,6.12959073],[-75.23928694,6.12950874],[-75.23924061,6.12941968],[-75.23917363,6.12930096],[-75.23914127,6.12926714],[-75.23910132,6.12924306],[-75.23904959,6.12922951],[-75.23902964,6.12923061],[-75.23896293,6.12923976],[-75.23890434,6.12925502],[-75.23888068,6.12926616],[-75.23883387,6.12929384],[-75.23873743,6.12936399],[-75.23863766,6.12943767],[-75.23858517,6.12946536],[-75.238532,6.12947446],[-75.23849803,6.12946812],[-75.23848774,6.1294521],[-75.23849902,6.12943488],[-75.23850828,6.12942072],[-75.23852935,6.12939599],[-75.2385492,6.12937269],[-75.2385609,6.12935896],[-75.23856924,6.12935517],[-75.23864139,6.12925847],[-75.23868174,6.12921443],[-75.23878464,6.12910212],[-75.23889155,6.12901624],[-75.239053,6.12891623],[-75.23905582,6.1289143],[-75.23909239,6.12888653],[-75.23920952,6.12879761],[-75.23921103,6.1287964],[-75.23921334,6.12879426],[-75.23932634,6.12868021],[-75.2393276,6.12867893],[-75.23932973,6.1286766],[-75.23933114,6.12867478],[-75.23933369,6.12867129],[-75.23935943,6.12864002],[-75.23935942,6.12863598],[-75.23944048,6.12852479],[-75.23944298,6.12852085],[-75.23944495,6.12851662],[-75.23944636,6.12851217],[-75.23945596,6.12847341],[-75.23947098,6.12847613],[-75.23954122,6.12849633],[-75.23960513,6.12851471],[-75.24000244,6.12862897],[-75.24002589,6.12863572],[-75.2400746,6.12864973],[-75.2401201,6.12866281],[-75.24015595,6.12867312],[-75.2402406,6.12869747],[-75.24031737,6.12876922],[-75.24029317,6.12880895],[-75.24012363,6.12908734],[-75.24003876,6.12914955],[-75.23994089,6.12922051],[-75.23990666,6.12924533],[-75.23967457,6.12941362],[-75.23949049,6.12952026]]]]}},{"type":"Feature","properties":{"Proyecto":"Granada 0+900","Municipio":"El Santuario","sector":"R","Matricula":null,"terreno_co":"056970001000000200321000000000","Propietari":null,"ABS":null,"Area_Total":0,"Area_Req":0,"Area_Rem":0,"AreaSobran":0,"Shape_Leng":395.389261218,"Shape_Area":7396.07800758},"geometry":{"type":"Polygon","coordinates":[[[-75.24280266,6.12726411],[-75.24273805,6.12725002],[-75.24268412,6.12721436],[-75.24262949,6.12712932],[-75.24260848,6.12706028],[-75.24260532,6.12704989],[-75.24309204,6.12705783],[-75.24318078,6.12705927],[-75.24319074,6.12705766],[-75.24321751,6.12705333],[-75.2432653,6.1270456],[-75.24330878,6.12703857],[-75.24336854,6.1270289],[-75.24340045,6.1270388],[-75.24342287,6.12704576],[-75.24343327,6.12704408],[-75.24358374,6.12701983],[-75.24362247,6.12701359],[-75.24379175,6.12698631],[-75.243807,6.12698385],[-75.24384665,6.12697729],[-75.24389056,6.12697003],[-75.24389071,6.12697637],[-75.24388991,6.12701164],[-75.24388968,6.12702156],[-75.24388906,6.12702683],[-75.24388435,6.12706667],[-75.24385996,6.12721614],[-75.24385667,6.12732051],[-75.2438544,6.12739243],[-75.24385103,6.12740381],[-75.24379358,6.1275975],[-75.24373984,6.12769025],[-75.24370781,6.127786],[-75.24370491,6.12779282],[-75.24359265,6.12776048],[-75.24335246,6.12769129],[-75.24314073,6.12750674],[-75.24302569,6.12743544],[-75.24296084,6.12736394],[-75.24292106,6.12728155],[-75.24288157,6.12727095],[-75.24280266,6.12726411]]]}},{"type":"Feature","properties":{"Proyecto":"Granada 0+900","Municipio":"El Santuario","sector":"R","Matricula":null,"terreno_co":"056970001000000070238000000000","Propietari":null,"ABS":null,"Area_Total":0,"Area_Req":0,"Area_Rem":0,"AreaSobran":0,"Shape_Leng":565.201057105,"Shape_Area":16914.304233},"geometry":{"type":"Polygon","coordinates":[[[-75.24499339,6.12640398],[-75.244975,6.12640669],[-75.24496518,6.12640813],[-75.24492645,6.1264083],[-75.24487619,6.12639272],[-75.24484091,6.12636128],[-75.24481071,6.12634131],[-75.24478191,6.12631415],[-75.24476467,6.12628486],[-75.24476169,6.12627978],[-75.2447363,6.12621026],[-75.24473558,6.12619883],[-75.24473341,6.12616433],[-75.24473165,6.12613641],[-75.24473015,6.12611267],[-75.24473227,6.12604757],[-75.24473474,6.12597153],[-75.24473841,6.12585854],[-75.2447379,6.12584078],[-75.24473506,6.12574227],[-75.24471874,6.12568448],[-75.24471287,6.12566368],[-75.24470085,6.1256211],[-75.24469417,6.12560566],[-75.24466484,6.12553776],[-75.24465812,6.12552223],[-75.24462567,6.12547929],[-75.24461537,6.12547261],[-75.24458587,6.12546134],[-75.24458163,6.12545909],[-75.24457712,6.12545744],[-75.24449526,6.12543337],[-75.24449067,6.12543234],[-75.24448598,6.12543192],[-75.24448128,6.12543211],[-75.24438236,6.12544257],[-75.2443765,6.12544369],[-75.24437091,6.12544575],[-75.24433124,6.12546423],[-75.24427355,6.12533143],[-75.24426279,6.12530666],[-75.24424948,6.12527603],[-75.24428576,6.12524986],[-75.24431862,6.1252203],[-75.24434432,6.12519219],[-75.2443636,6.12517202],[-75.24438074,6.12515472],[-75.24438435,6.12514985],[-75.24439417,6.12514247],[-75.24441433,6.1251273],[-75.24444575,6.1250963],[-75.24446787,6.1250675],[-75.24448927,6.12504013],[-75.2445008,6.12502376],[-75.24451208,6.12500774],[-75.24452747,6.12499081],[-75.24455214,6.12494999],[-75.24456119,6.12493501],[-75.24456885,6.12492234],[-75.2445694,6.12491965],[-75.24456999,6.12491684],[-75.24457032,6.12491569],[-75.24457154,6.12491146],[-75.24457316,6.12490583],[-75.24462168,6.12491288],[-75.2447306,6.12492872],[-75.244741,6.12493257],[-75.24485689,6.12494969],[-75.24487722,6.12495269],[-75.2450718,6.12498143],[-75.24509563,6.12498509],[-75.24512167,6.12498909],[-75.24524474,6.12500798],[-75.24534438,6.1250233],[-75.24540489,6.1250326],[-75.24547653,6.12504362],[-75.24556408,6.12505549],[-75.24564565,6.12506655],[-75.24568728,6.12507308],[-75.24577362,6.12508975],[-75.24581311,6.12510179],[-75.24583182,6.1251175],[-75.24585128,6.12514111],[-75.24586064,6.12515251],[-75.24586714,6.12516042],[-75.24587761,6.12518687],[-75.24588019,6.12519338],[-75.24590813,6.12529075],[-75.24591002,6.12529734],[-75.24591364,6.12533131],[-75.24591674,6.12536048],[-75.2459169,6.12539736],[-75.24591701,6.12542436],[-75.24591602,6.12543029],[-75.24590842,6.12547571],[-75.24590658,6.12548672],[-75.24590512,6.12549547],[-75.24589079,6.12552643],[-75.24588398,6.12554113],[-75.24587797,6.12555315],[-75.24583728,6.12559483],[-75.24583026,6.12560202],[-75.24580135,6.1256236],[-75.24579164,6.12563084],[-75.24569872,6.12570019],[-75.24565789,6.12572932],[-75.24553784,6.12581499],[-75.24553399,6.12581856],[-75.24549616,6.12585354],[-75.24546796,6.12587963],[-75.24546188,6.12588525],[-75.2454555,6.12589115],[-75.24537697,6.12596378],[-75.24537568,6.12596497],[-75.24531186,6.1260419],[-75.2452732,6.1260885],[-75.24525438,6.12611119],[-75.24524706,6.12612224],[-75.24520313,6.12618863],[-75.24519311,6.12620375],[-75.24516753,6.12624242],[-75.24516672,6.12624363],[-75.24515012,6.12626621],[-75.24509256,6.12634444],[-75.24507542,6.12636102],[-75.24504038,6.12638557],[-75.24502173,6.12639366],[-75.24500805,6.1263996],[-75.24500029,6.12640296],[-75.24499339,6.12640398]]]}},{"type":"Feature","properties":{"Proyecto":"Granada 0+900","Municipio":"El Santuario","sector":"R","Matricula":null,"terreno_co":"056970001000000200014000000000","Propietari":null,"ABS":null,"Area_Total":0,"Area_Req":0,"Area_Rem":0,"AreaSobran":0,"Shape_Leng":452.631847062,"Shape_Area":5486.06558786},"geometry":{"type":"Polygon","coordinates":[[[-75.2395951,6.12968513],[-75.23956283,6.12970153],[-75.23951659,6.12972503],[-75.23946695,6.12970902],[-75.23943452,6.12969308],[-75.23939261,6.12965951],[-75.23935561,6.12961485],[-75.23933518,6.12959073],[-75.23934962,6.12958289],[-75.23949049,6.12952026],[-75.23967457,6.12941362],[-75.23990666,6.12924533],[-75.23994089,6.12922051],[-75.24003876,6.12914955],[-75.24012363,6.12908734],[-75.24029317,6.12880895],[-75.24031737,6.12876922],[-75.24034157,6.12872949],[-75.24041926,6.12862821],[-75.24049501,6.12852946],[-75.24058483,6.12841237],[-75.2405897,6.12842032],[-75.24061496,6.12844948],[-75.24061925,6.12845444],[-75.24072632,6.12857807],[-75.24072755,6.1285796],[-75.2406358,6.12866202],[-75.24059324,6.12871342],[-75.24061282,6.12880871],[-75.24049797,6.12897747],[-75.24040053,6.12919303],[-75.24030953,6.12939883],[-75.2402901,6.12942324],[-75.24026543,6.12945092],[-75.24025044,6.12949445],[-75.24011618,6.12949045],[-75.24001928,6.1294749],[-75.23995546,6.12945771],[-75.23986899,6.12953754],[-75.23968586,6.12963744],[-75.23966313,6.12964939],[-75.2395951,6.12968513]]]}},{"type":"Feature","properties":{"Proyecto":"Granada 0+900","Municipio":"El Santuario","sector":"R","Matricula":null,"terreno_co":"056970001000000200013000000000","Propietari":null,"ABS":null,"Area_Total":0,"Area_Req":0,"Area_Rem":0,"AreaSobran":0,"Shape_Leng":364.64840113,"Shape_Area":6212.48947499},"geometry":{"type":"Polygon","coordinates":[[[-75.24243447,6.12830883],[-75.24244777,6.12828858],[-75.24247609,6.12824545],[-75.24255398,6.12811087],[-75.2427772,6.12831622],[-75.24311286,6.12855408],[-75.24337031,6.12866666],[-75.2434221,6.12867619],[-75.24344044,6.12868993],[-75.24345406,6.12870013],[-75.24346783,6.12871045],[-75.24348025,6.12871308],[-75.24347853,6.1287173],[-75.24343939,6.12881028],[-75.24342672,6.12884039],[-75.24338622,6.12893662],[-75.24337255,6.12896776],[-75.24335906,6.12899847],[-75.24332939,6.12906606],[-75.24332928,6.12906628],[-75.24329645,6.1291321],[-75.24328119,6.12916269],[-75.24326301,6.12919913],[-75.24322326,6.12927353],[-75.24321348,6.12929],[-75.24319986,6.12931293],[-75.24319919,6.12931382],[-75.24319917,6.12931384],[-75.24319837,6.1293146],[-75.24319824,6.1293147],[-75.24319743,6.12931523],[-75.24319737,6.12931526],[-75.24319637,6.12931571],[-75.24319632,6.12931573],[-75.24319522,6.12931601],[-75.24319517,6.12931602],[-75.24319421,6.1293161],[-75.24319403,6.1293161],[-75.24319292,6.129316],[-75.24319277,6.12931598],[-75.24319184,6.12931573],[-75.24319179,6.12931571],[-75.24319076,6.12931524],[-75.24319071,6.12931522],[-75.2431898,6.1293146],[-75.24318974,6.12931456],[-75.24318904,6.1293139],[-75.24318894,6.12931378],[-75.24318828,6.12931289],[-75.24318826,6.12931286],[-75.24318775,6.12931187],[-75.24317614,6.12929016],[-75.24316797,6.12927485],[-75.24316036,6.12926222],[-75.24314638,6.12924278],[-75.24314077,6.12923567],[-75.24311023,6.12920104],[-75.24309061,6.12918169],[-75.24307732,6.12916854],[-75.24304996,6.12914294],[-75.24301591,6.1291136],[-75.24297191,6.12907711],[-75.24292342,6.12903689],[-75.242911,6.1290266],[-75.24283373,6.12895579],[-75.24282388,6.12894637],[-75.24281809,6.12894083],[-75.24278983,6.12890794],[-75.24278478,6.12890207],[-75.24276781,6.12887906],[-75.24271485,6.12879788],[-75.2426996,6.1287745],[-75.24268936,6.12875881],[-75.24262927,6.12865109],[-75.24260765,6.12861232],[-75.24260714,6.1286115],[-75.24258426,6.12857427],[-75.2425731,6.12855371],[-75.24256169,6.12853269],[-75.24252876,6.12846284],[-75.24250828,6.12841939],[-75.24250475,6.1284119],[-75.24248549,6.12837726],[-75.24247793,6.12836366],[-75.24244628,6.12832241],[-75.24243447,6.12830883]]]}},{"type":"Feature","properties":{"Proyecto":"Granada 0+900","Municipio":"El Santuario","sector":"R","Matricula":null,"terreno_co":"056970001000000200282000000000","Propietari":null,"ABS":null,"Area_Total":0,"Area_Req":0,"Area_Rem":0,"AreaSobran":0,"Shape_Leng":410.163562335,"Shape_Area":9455.44465215},"geometry":{"type":"Polygon","coordinates":[[[-75.24480288,6.12765303],[-75.24472057,6.12763423],[-75.24464801,6.12766133],[-75.24462317,6.12766718],[-75.2446041,6.12767874],[-75.24457342,6.12767654],[-75.2445579,6.12768258],[-75.24450533,6.12767686],[-75.24427626,6.12762987],[-75.24389495,6.12744099],[-75.24385103,6.12740381],[-75.2438544,6.12739243],[-75.24385667,6.12732051],[-75.24385996,6.12721614],[-75.24388435,6.12706667],[-75.24388906,6.12702683],[-75.24390215,6.1270218],[-75.24396447,6.1270203],[-75.24398354,6.12701984],[-75.24401651,6.12701966],[-75.24440617,6.1270176],[-75.2445037,6.12701709],[-75.24450549,6.12701707],[-75.24484216,6.12701523],[-75.24486881,6.1270149],[-75.24501882,6.12701305],[-75.24512257,6.12701178],[-75.2451441,6.12701157],[-75.24517163,6.1270113],[-75.2451262,6.1274777],[-75.24506497,6.12774035],[-75.24497523,6.12770973],[-75.24492161,6.12769273],[-75.24487948,6.12767759],[-75.24484117,6.12766435],[-75.24480288,6.12765303]]]}},{"type":"Feature","properties":{"Proyecto":"Granada 0+900","Municipio":"El Santuario","sector":"R","Matricula":null,"terreno_co":"056970001000000200032000000000","Propietari":null,"ABS":null,"Area_Total":0,"Area_Req":0,"Area_Rem":0,"AreaSobran":0,"Shape_Leng":771.94090506,"Shape_Area":25706.4261006},"geometry":{"type":"Polygon","coordinates":[[[-75.23848492,6.12955749],[-75.23849131,6.12956499],[-75.23850848,6.12958515],[-75.23853579,6.12963495],[-75.23856738,6.1296806],[-75.23860389,6.12972447],[-75.23865078,6.12981653],[-75.238668,6.12984048],[-75.2386886,6.12985811],[-75.2387284,6.12987479],[-75.23880163,6.12990549],[-75.23893747,6.12992215],[-75.2389892,6.12991648],[-75.23901011,6.12991419],[-75.23905214,6.12990253],[-75.23911077,6.12991912],[-75.23913285,6.12992537],[-75.23915749,6.12993235],[-75.2391662,6.12993481],[-75.23915486,6.12993977],[-75.23910835,6.12996449],[-75.23907797,6.12998795],[-75.23903413,6.13003986],[-75.23903336,6.13004077],[-75.23901792,6.13006416],[-75.23899775,6.13009894],[-75.23899558,6.13010668],[-75.2389936,6.1301137],[-75.23898581,6.13014196],[-75.23898016,6.13017917],[-75.23897994,6.13018329],[-75.23897993,6.13018341],[-75.23897986,6.1301848],[-75.23897983,6.13018535],[-75.23897982,6.13018556],[-75.23897975,6.13018687],[-75.23897862,6.13020822],[-75.23897958,6.13022701],[-75.23898432,6.13024422],[-75.23899779,6.13029316],[-75.23900267,6.13031087],[-75.23902176,6.13036546],[-75.23903125,6.13039261],[-75.23904533,6.13042656],[-75.23904907,6.1304356],[-75.23900525,6.13047516],[-75.23898439,6.13051783],[-75.23884107,6.13077308],[-75.23861617,6.13119037],[-75.23855094,6.13135472],[-75.23844258,6.13146734],[-75.23841712,6.1315024],[-75.23841643,6.13150334],[-75.23836236,6.13146277],[-75.23831811,6.13142958],[-75.23827728,6.13138429],[-75.23822946,6.1313797],[-75.23815959,6.13137236],[-75.23807611,6.13129421],[-75.23802767,6.13130055],[-75.23797558,6.13130603],[-75.23792638,6.13131629],[-75.23785991,6.13131417],[-75.2378035,6.13131537],[-75.23778484,6.13131209],[-75.23777865,6.13128867],[-75.23776387,6.13127551],[-75.23775526,6.13126783],[-75.23773309,6.13125537],[-75.23769664,6.13125671],[-75.23766076,6.13125148],[-75.23764162,6.13124797],[-75.23761289,6.13124438],[-75.23764809,6.13106536],[-75.23767472,6.13092989],[-75.23769967,6.13080302],[-75.23768068,6.1307369],[-75.23758748,6.13041241],[-75.23756421,6.1303314],[-75.23754858,6.13027697],[-75.23753039,6.13021364],[-75.23750061,6.13014114],[-75.23748329,6.13009899],[-75.23743133,6.12991061],[-75.2374299,6.12990541],[-75.23742616,6.12986953],[-75.23742483,6.12986193],[-75.23740902,6.1297715],[-75.23739771,6.12975065],[-75.23735723,6.12967601],[-75.23731153,6.12956769],[-75.23728894,6.12951416],[-75.23725742,6.12949354],[-75.23725279,6.12948324],[-75.23727291,6.1294773],[-75.23730274,6.12947334],[-75.2373028,6.12947333],[-75.23733282,6.12947303],[-75.23736273,6.12947639],[-75.23736641,6.12947706],[-75.237379,6.1294798],[-75.23741121,6.12949008],[-75.23741126,6.1294901],[-75.23744175,6.12950468],[-75.23744181,6.12950471],[-75.23747008,6.12952337],[-75.23747625,6.12952848],[-75.23752765,6.12957099],[-75.23759775,6.12964439],[-75.23766439,6.12970891],[-75.23766881,6.1297132],[-75.23773157,6.12976553],[-75.23776174,6.1297907],[-75.23781953,6.12981687],[-75.23783203,6.12982167],[-75.23783561,6.12982272],[-75.23789564,6.12984029],[-75.23790118,6.12984191],[-75.23793315,6.12984874],[-75.23793827,6.12984984],[-75.2379383,6.12984984],[-75.23795856,6.12985107],[-75.23804133,6.12985055],[-75.23805318,6.12985048],[-75.23806306,6.12985042],[-75.23808553,6.12984392],[-75.23812301,6.12983308],[-75.23816645,6.12980958],[-75.23819834,6.12979232],[-75.23820721,6.12978394],[-75.23823339,6.1297592],[-75.23827608,6.12971884],[-75.2383245,6.12967307],[-75.23833902,6.12965594],[-75.23837359,6.12961513],[-75.23843892,6.12952244],[-75.23844953,6.1295255],[-75.23848492,6.12955749]]]}},{"type":"Feature","properties":{"Proyecto":"Granada 0+900","Municipio":"El Santuario","sector":"R","Matricula":null,"terreno_co":"056970001000000200012000000000","Propietari":null,"ABS":null,"Area_Total":0,"Area_Req":0,"Area_Rem":0,"AreaSobran":0,"Shape_Leng":599.016693814,"Shape_Area":12340.8179253},"geometry":{"type":"MultiPolygon","coordinates":[[[[-75.24281685,6.12730036],[-75.24280266,6.12726411],[-75.24288157,6.12727095],[-75.24292106,6.12728155],[-75.24296084,6.12736394],[-75.24302569,6.12743544],[-75.24314073,6.12750674],[-75.24335246,6.12769129],[-75.24359265,6.12776048],[-75.24370491,6.12779282],[-75.24370547,6.12779298],[-75.24370264,6.12779814],[-75.24368726,6.12783431],[-75.24361421,6.12800612],[-75.24356627,6.12811706],[-75.2435562,6.12814035],[-75.24354133,6.12817394],[-75.24354081,6.1281751],[-75.24354048,6.12817733],[-75.24353804,6.12818712],[-75.24353717,6.12819986],[-75.2435356,6.12822261],[-75.24353686,6.1282393],[-75.24354008,6.12825814],[-75.2435436,6.128272],[-75.24355089,6.12829948],[-75.24357147,6.1283628],[-75.2435776,6.12839747],[-75.24357772,6.12842618],[-75.24357673,6.12843925],[-75.24357606,6.12844804],[-75.24357545,6.1284561],[-75.24357314,6.12847525],[-75.24355658,6.12851719],[-75.24353414,6.12858069],[-75.24348025,6.12871308],[-75.24346783,6.12871045],[-75.24345406,6.12870013],[-75.24344044,6.12868993],[-75.2434221,6.12867619],[-75.24337031,6.12866666],[-75.24311286,6.12855408],[-75.2427772,6.12831622],[-75.24255398,6.12811087],[-75.24260858,6.12802955],[-75.24269903,6.1277076],[-75.2427179,6.12764819],[-75.24275754,6.1275236],[-75.24278091,6.1273943],[-75.2428055,6.12733103],[-75.24281685,6.12730036]]],[[[-75.2435942,6.12835959],[-75.2435936,6.12835645],[-75.24367506,6.12844312],[-75.2438167,6.12858609],[-75.24390755,6.12870282],[-75.24389664,6.12871214],[-75.24389539,6.12871383],[-75.24388909,6.1287224],[-75.24386418,6.12875624],[-75.24379651,6.12884818],[-75.24379374,6.12885194],[-75.24379157,6.12885489],[-75.24378789,6.12885911],[-75.24378366,6.12886397],[-75.24377724,6.12885944],[-75.24376301,6.12884939],[-75.24374914,6.1288397],[-75.24367805,6.12879007],[-75.24366831,6.12878327],[-75.24366724,6.12878256],[-75.24362291,6.12875325],[-75.24361078,6.12874523],[-75.24359464,6.12873539],[-75.24358624,6.12873026],[-75.24353158,6.12869694],[-75.24352941,6.12869556],[-75.24352937,6.12869553],[-75.24352747,6.12869385],[-75.2435274,6.12869377],[-75.24352584,6.12869185],[-75.24352581,6.12869181],[-75.24352455,6.12868962],[-75.24352453,6.12868959],[-75.24352365,6.12868732],[-75.24352361,6.12868718],[-75.24352309,6.12868469],[-75.24352309,6.12868464],[-75.24352297,6.12868212],[-75.24352325,6.12868124],[-75.24352619,6.12867221],[-75.24353468,6.12864705],[-75.24354055,6.12862996],[-75.24355392,6.1285911],[-75.24355919,6.12857577],[-75.24357121,6.12854083],[-75.24359027,6.12848541],[-75.24359145,6.12848106],[-75.24359585,6.12846489],[-75.24359695,6.12846087],[-75.24359888,6.12844333],[-75.24360013,6.12843203],[-75.24359977,6.12842291],[-75.2435996,6.12841863],[-75.24359946,6.12838705],[-75.24359875,6.12838332],[-75.24359722,6.12837535],[-75.24359575,6.12836769],[-75.2435942,6.12835959]]]]}},{"type":"Feature","properties":{"Proyecto":"Granada 0+900","Municipio":"El Santuario","sector":"R","Matricula":null,"terreno_co":"056970001000000200031000000000","Propietari":null,"ABS":null,"Area_Total":0,"Area_Req":0,"Area_Rem":0,"AreaSobran":0,"Shape_Leng":291.296029423,"Shape_Area":4815.0300496},"geometry":{"type":"Polygon","coordinates":[[[-75.2394801,6.12974338],[-75.23946939,6.12974873],[-75.23946877,6.12974904],[-75.23945759,6.12975686],[-75.23944852,6.12976321],[-75.23940132,6.12979624],[-75.23937963,6.12981142],[-75.23936594,6.12982464],[-75.2393425,6.12984382],[-75.23931314,6.12986409],[-75.23931306,6.12986414],[-75.23930642,6.12986858],[-75.23930519,6.1298689],[-75.23928963,6.12987758],[-75.23927002,6.12988783],[-75.23925269,6.12989689],[-75.23922152,6.12991057],[-75.23921028,6.1299155],[-75.23918111,6.1299283],[-75.2391662,6.12993481],[-75.23915749,6.12993235],[-75.23913285,6.12992537],[-75.23911077,6.12991912],[-75.23905214,6.12990253],[-75.23901011,6.12991419],[-75.2389892,6.12991648],[-75.23893747,6.12992215],[-75.23880163,6.12990549],[-75.2387284,6.12987479],[-75.2386886,6.12985811],[-75.238668,6.12984048],[-75.23865078,6.12981653],[-75.23860389,6.12972447],[-75.23856738,6.1296806],[-75.23853579,6.12963495],[-75.23850848,6.12958515],[-75.23849131,6.12956499],[-75.23848492,6.12955749],[-75.23844953,6.1295255],[-75.23843892,6.12952244],[-75.23845174,6.12950166],[-75.23846434,6.12950479],[-75.23850032,6.12951942],[-75.23853641,6.12952098],[-75.23858888,6.1295065],[-75.23862615,6.12948672],[-75.23868841,6.12944964],[-75.23877857,6.12937242],[-75.23881752,6.12934556],[-75.23890265,6.12930048],[-75.23895265,6.12928853],[-75.23898385,6.12928107],[-75.23902534,6.12928166],[-75.23905676,6.12928646],[-75.23909107,6.12930186],[-75.23911983,6.12932163],[-75.23913381,6.12933842],[-75.23917041,6.1294061],[-75.23923248,6.12951206],[-75.23926653,6.12956378],[-75.23930553,6.1296091],[-75.23934708,6.12965551],[-75.23935965,6.12967307],[-75.23938611,6.12970264],[-75.23940438,6.12971709],[-75.23941561,6.1297233],[-75.23944009,6.12973358],[-75.23947175,6.12974168],[-75.2394801,6.12974338]]]}},{"type":"Feature","properties":{"Proyecto":"Granada 0+900","Municipio":"El Santuario","sector":"R","Matricula":null,"terreno_co":"056970001000000200287000000000","Propietari":null,"ABS":null,"Area_Total":0,"Area_Req":0,"Area_Rem":0,"AreaSobran":0,"Shape_Leng":418.333751368,"Shape_Area":9386.18889772},"geometry":{"type":"Polygon","coordinates":[[[-75.24272646,6.12894951],[-75.24272162,6.12896062],[-75.24270132,6.12898684],[-75.24267508,6.12902484],[-75.24263931,6.12907623],[-75.24258147,6.12917186],[-75.24254289,6.12928813],[-75.24253281,6.12931246],[-75.24253267,6.12931244],[-75.24247508,6.12930417],[-75.24231912,6.12928176],[-75.24220464,6.12926531],[-75.2421959,6.12926369],[-75.24194944,6.12921491],[-75.24191754,6.12920622],[-75.24180265,6.12917224],[-75.2417783,6.12916722],[-75.24169355,6.12914973],[-75.24161273,6.12915766],[-75.2416018,6.12915873],[-75.24152529,6.12918875],[-75.24148126,6.12918616],[-75.24147971,6.12918555],[-75.24148371,6.12910329],[-75.24148491,6.12907861],[-75.24158687,6.1290149],[-75.24167755,6.12893202],[-75.24172965,6.12884477],[-75.2417439,6.12871159],[-75.24176206,6.12867207],[-75.2417645,6.12867358],[-75.24182957,6.12869589],[-75.24188638,6.12871647],[-75.24191991,6.12860104],[-75.24193311,6.12855559],[-75.24197116,6.12850997],[-75.24204227,6.12844637],[-75.24206603,6.12842511],[-75.24220315,6.12852196],[-75.24226476,6.12846582],[-75.24235184,6.12838646],[-75.24241786,6.12833105],[-75.24242529,6.12833959],[-75.24245522,6.1283786],[-75.24248063,6.1284243],[-75.24249168,6.12844774],[-75.24252779,6.12852436],[-75.24253751,6.12854497],[-75.24256079,6.12858786],[-75.24258426,6.12862605],[-75.24259418,6.12864382],[-75.24266615,6.12877285],[-75.24274555,6.12889455],[-75.24275173,6.12890293],[-75.24275468,6.12890693],[-75.24272646,6.12894951]]]}},{"type":"Feature","properties":{"Proyecto":"Granada 0+900","Municipio":"El Santuario","sector":"R","Matricula":null,"terreno_co":"056970001000000070409000000000","Propietari":null,"ABS":null,"Area_Total":0,"Area_Req":0,"Area_Rem":0,"AreaSobran":0,"Shape_Leng":548.100413235,"Shape_Area":7252.31265172},"geometry":{"type":"Polygon","coordinates":[[[-75.24390225,6.12696809],[-75.2439552,6.12695933],[-75.24403342,6.12695814],[-75.2442283,6.12695519],[-75.24442608,6.12694898],[-75.24453412,6.12691683],[-75.24465594,6.12689598],[-75.24478857,6.12688526],[-75.24480081,6.12681163],[-75.24481462,6.12668416],[-75.24482474,6.12657078],[-75.24483505,6.1264553],[-75.2448376,6.1264569],[-75.24484339,6.12645957],[-75.24488976,6.12647604],[-75.24490737,6.12648229],[-75.24491185,6.12648357],[-75.24491646,6.12648425],[-75.24492111,6.12648434],[-75.24497274,6.12648197],[-75.24497751,6.12648143],[-75.24498191,6.12648034],[-75.24504207,6.12646143],[-75.24504375,6.12646086],[-75.24504968,6.12645803],[-75.24510857,6.12642248],[-75.24511324,6.12641911],[-75.24511664,6.12641583],[-75.24517161,6.12635531],[-75.24517265,6.12635411],[-75.24517347,6.12635308],[-75.24523125,6.12627819],[-75.24523223,6.12627685],[-75.24529425,6.1261883],[-75.24529489,6.12618736],[-75.2453491,6.12610456],[-75.24535229,6.12609969],[-75.24536994,6.12607804],[-75.24541623,6.12602126],[-75.24542564,6.12601194],[-75.2454888,6.1259494],[-75.24550558,6.12593683],[-75.24552574,6.12592174],[-75.24557046,6.12618761],[-75.24559177,6.1264244],[-75.24562034,6.12668149],[-75.24549883,6.12677284],[-75.24540012,6.12684705],[-75.2453893,6.12685518],[-75.2453451,6.12688841],[-75.24526519,6.12696127],[-75.24522667,6.12699638],[-75.24522303,6.1269997],[-75.24521856,6.12700091],[-75.24518104,6.12701106],[-75.24517164,6.12701117],[-75.24517163,6.1270113],[-75.2451441,6.12701157],[-75.24512257,6.12701178],[-75.24501882,6.12701305],[-75.24486881,6.1270149],[-75.24484216,6.12701523],[-75.24450549,6.12701707],[-75.2445037,6.12701709],[-75.24440617,6.1270176],[-75.24401651,6.12701966],[-75.24398354,6.12701984],[-75.24396447,6.1270203],[-75.24390215,6.1270218],[-75.24388906,6.12702683],[-75.24388968,6.12702156],[-75.24388984,6.12701452],[-75.24389071,6.12697637],[-75.24389056,6.12697003],[-75.24390225,6.12696809]]]}},{"type":"Feature","properties":{"Proyecto":"Granada 0+900","Municipio":"El Santuario","sector":"R","Matricula":null,"terreno_co":"056970001000000070237000000000","Propietari":null,"ABS":null,"Area_Total":0,"Area_Req":0,"Area_Rem":0,"AreaSobran":0,"Shape_Leng":825.996684719,"Shape_Area":21792.3733985},"geometry":{"type":"MultiPolygon","coordinates":[[[[-75.24698141,6.12545107],[-75.24699729,6.12545013],[-75.24700851,6.12544947],[-75.2470252,6.12544848],[-75.24704038,6.12544872],[-75.24704107,6.12544873],[-75.24707795,6.12544931],[-75.24708229,6.12544938],[-75.24709128,6.12544952],[-75.24709139,6.12544952],[-75.24709236,6.12544954],[-75.24709251,6.12544954],[-75.24710459,6.12544973],[-75.24710509,6.12544407],[-75.24710663,6.12542668],[-75.24710674,6.12542541],[-75.24710701,6.12542245],[-75.2471385,6.12542524],[-75.24717957,6.12542889],[-75.24718099,6.12542901],[-75.247224,6.12543283],[-75.24722399,6.12543287],[-75.24722491,6.12543295],[-75.24722484,6.12543382],[-75.24720851,6.12562363],[-75.24721635,6.12595067],[-75.24708892,6.12603674],[-75.24706504,6.12605536],[-75.24703384,6.12607969],[-75.2469618,6.12613588],[-75.24695547,6.12614081],[-75.24695304,6.12614271],[-75.24694386,6.12614987],[-75.24693498,6.1261568],[-75.24692831,6.126162],[-75.24692638,6.1261635],[-75.24689571,6.12619202],[-75.24687226,6.12621381],[-75.24687123,6.12621463],[-75.24687071,6.12621504],[-75.24683549,6.12624292],[-75.24681989,6.12625526],[-75.24681684,6.12625768],[-75.24681373,6.12626014],[-75.24679893,6.12627185],[-75.24679753,6.12627296],[-75.2467942,6.1262756],[-75.24679158,6.12627767],[-75.24678308,6.1262844],[-75.24678206,6.1262852],[-75.24677915,6.12628781],[-75.24677601,6.12629063],[-75.24674384,6.12629872],[-75.24672873,6.12629082],[-75.24640241,6.1259847],[-75.24639049,6.12597353],[-75.24635042,6.12593593],[-75.24612429,6.12571247],[-75.24617367,6.12568425],[-75.2462047,6.12566587],[-75.24624282,6.12564328],[-75.24626479,6.125634],[-75.24638003,6.12558529],[-75.24651119,6.12553617],[-75.24651249,6.12553568],[-75.24661273,6.12549698],[-75.24679873,6.1254619],[-75.24680514,6.12546153],[-75.24680828,6.12546134],[-75.24685692,6.12545846],[-75.24688659,6.1254567],[-75.24697934,6.1254512],[-75.24698141,6.12545107]]],[[[-75.24590527,6.12563897],[-75.2459158,6.12563568],[-75.24591583,6.12563567],[-75.24592673,6.12563417],[-75.24593769,6.12563445],[-75.24593775,6.12563446],[-75.24594853,6.12563654],[-75.24594858,6.12563656],[-75.24595887,6.12564038],[-75.24595892,6.1256404],[-75.24596847,6.12564587],[-75.2459685,6.12564589],[-75.24597704,6.12565287],[-75.24599143,6.12566566],[-75.24605809,6.1257245],[-75.24610475,6.12577115],[-75.24629787,6.12596283],[-75.24636766,6.12603472],[-75.24640216,6.12607027],[-75.24644666,6.12612238],[-75.24649377,6.12617451],[-75.24651003,6.12619251],[-75.24661566,6.12630093],[-75.24668759,6.12635207],[-75.24672894,6.12636684],[-75.24678008,6.12638512],[-75.24675452,6.12667482],[-75.24657014,6.12713376],[-75.24654243,6.12717834],[-75.24641168,6.12711172],[-75.24601651,6.12693393],[-75.24573497,6.12677659],[-75.24562034,6.12668149],[-75.24559177,6.1264244],[-75.24557046,6.12618761],[-75.24552574,6.12592174],[-75.24558982,6.12587376],[-75.24561802,6.12585265],[-75.24569708,6.12579346],[-75.24590527,6.12563897]]]]}},{"type":"Feature","properties":{"Proyecto":"Granada 0+900","Municipio":"El Santuario","sector":"R","Matricula":null,"terreno_co":"6972001000002000163","Propietari":null,"ABS":null,"Area_Total":0,"Area_Req":0,"Area_Rem":0,"AreaSobran":0,"Shape_Leng":0,"Shape_Area":12815.5277934},"geometry":{"type":"Polygon","coordinates":[[[-75.24050409,6.12939228],[-75.24056574,6.12939057],[-75.24094896,6.12937821],[-75.24103284,6.12966117],[-75.24104286,6.12969495],[-75.24106576,6.12977213],[-75.24113517,6.12989293],[-75.24116165,6.12992476],[-75.24127908,6.13007406],[-75.24128787,6.13010388],[-75.24129641,6.13013287],[-75.24124769,6.13021115],[-75.24109252,6.13034014],[-75.24104156,6.13030765],[-75.24102696,6.13030292],[-75.24099096,6.13029124],[-75.24095652,6.13029239],[-75.24092492,6.13029345],[-75.24084859,6.13030911],[-75.24077845,6.13032062],[-75.24071137,6.1303187],[-75.24065766,6.13029713],[-75.24057704,6.13023533],[-75.24053632,6.1301991],[-75.24051914,6.13018381],[-75.24047886,6.13016841],[-75.24041279,6.13015822],[-75.24038807,6.13015827],[-75.24034778,6.13015836],[-75.24027536,6.13016404],[-75.24025286,6.1301658],[-75.24022952,6.13016585],[-75.24015586,6.13016601],[-75.24013777,6.13016198],[-75.24011456,6.1301568],[-75.24005978,6.13011561],[-75.24002602,6.13007534],[-75.23999667,6.13004034],[-75.23995052,6.12998706],[-75.23989274,6.12994166],[-75.23983894,6.12990566],[-75.23976954,6.12986517],[-75.23968374,6.12982226],[-75.23962257,6.12979407],[-75.23955402,6.12976507],[-75.23951667,6.12975078],[-75.2394801,6.12974338],[-75.23950072,6.1297331],[-75.2395951,6.12968513],[-75.23961497,6.12967469],[-75.23966313,6.12964939],[-75.23968586,6.12963744],[-75.23986899,6.12953754],[-75.23995546,6.12945771],[-75.24001928,6.1294749],[-75.24011618,6.12949045],[-75.24025044,6.12949445],[-75.24026543,6.12945092],[-75.24027941,6.12943523],[-75.2402901,6.12942324],[-75.24030953,6.12939883],[-75.24038721,6.12939632],[-75.24050409,6.12939228]]]}},{"type":"Feature","properties":{"Proyecto":"Granada 0+900","Municipio":"El Santuario","sector":"R","Matricula":null,"terreno_co":"6972001000002000016","Propietari":null,"ABS":null,"Area_Total":0,"Area_Req":0,"Area_Rem":0,"AreaSobran":0,"Shape_Leng":0,"Shape_Area":16729.4670107},"geometry":{"type":"Polygon","coordinates":[[[-75.24030953,6.12939883],[-75.24040053,6.12919303],[-75.24049797,6.12897747],[-75.24061282,6.12880871],[-75.24059449,6.12871949],[-75.24059324,6.12871342],[-75.2406358,6.12866202],[-75.24068646,6.12861651],[-75.24072755,6.1285796],[-75.24082621,6.12849096],[-75.24098871,6.12841804],[-75.2411093,6.12843852],[-75.2412373,6.12823123],[-75.24133614,6.12813261],[-75.24134813,6.12812065],[-75.24138811,6.12810913],[-75.2414252,6.12809845],[-75.24152003,6.12813793],[-75.2415212,6.12813842],[-75.24157447,6.12819986],[-75.24153249,6.12829438],[-75.24142674,6.1284809],[-75.24143381,6.1285718],[-75.2417439,6.12871159],[-75.24174332,6.128717],[-75.24172965,6.12884477],[-75.24167755,6.12893202],[-75.24158687,6.1290149],[-75.24148491,6.12907861],[-75.24148371,6.12910329],[-75.24147971,6.12918555],[-75.24147726,6.12923594],[-75.24147597,6.1292623],[-75.24142445,6.12935614],[-75.24134049,6.12956431],[-75.24132358,6.12968762],[-75.24141751,6.12965922],[-75.24156192,6.12973635],[-75.24160653,6.12975927],[-75.24163183,6.1297715],[-75.2416893,6.12979942],[-75.24170488,6.12982091],[-75.24171596,6.12984564],[-75.24170429,6.12987735],[-75.24162365,6.12998612],[-75.2416185,6.12999307],[-75.24155332,6.13002192],[-75.24146743,6.13007509],[-75.24144473,6.13008915],[-75.24124769,6.13021115],[-75.24129641,6.13013287],[-75.24128787,6.13010388],[-75.24128363,6.1300895],[-75.24127908,6.13007406],[-75.24123553,6.1300187],[-75.24116165,6.12992476],[-75.24113517,6.12989293],[-75.24106576,6.12977213],[-75.24104286,6.12969495],[-75.24103284,6.12966117],[-75.24100942,6.12958218],[-75.24094896,6.12937821],[-75.24083849,6.12938123],[-75.24030953,6.12939883]]]}},{"type":"Feature","properties":{"Proyecto":"Granada 0+900","Municipio":"El Santuario","sector":"R","Matricula":null,"terreno_co":"6972001000002000015","Propietari":null,"ABS":null,"Area_Total":0,"Area_Req":0,"Area_Rem":0,"AreaSobran":0,"Shape_Leng":0,"Shape_Area":16246.7609324},"geometry":{"type":"Polygon","coordinates":[[[-75.2416208,6.13011344],[-75.24159462,6.13008107],[-75.24157922,6.13006205],[-75.24155332,6.13002192],[-75.2416185,6.12999307],[-75.24162365,6.12998612],[-75.24165903,6.12993836],[-75.24167069,6.12992263],[-75.24170429,6.12987735],[-75.24171596,6.12984564],[-75.24170488,6.12982091],[-75.2416893,6.12979942],[-75.24163183,6.1297715],[-75.24160653,6.12975927],[-75.24156192,6.12973635],[-75.24141751,6.12965922],[-75.24132358,6.12968762],[-75.24134049,6.12956431],[-75.24142445,6.12935614],[-75.24143033,6.12934543],[-75.24147597,6.1292623],[-75.24147726,6.12923594],[-75.2414779,6.12922266],[-75.24147816,6.12921726],[-75.24147971,6.12918555],[-75.24148126,6.12918616],[-75.24152529,6.12918875],[-75.2416018,6.12915873],[-75.24161273,6.12915766],[-75.24169355,6.12914973],[-75.2417783,6.12916722],[-75.24180265,6.12917224],[-75.24191754,6.12920622],[-75.24194944,6.12921491],[-75.24194443,6.12923321],[-75.24193413,6.12943796],[-75.24217407,6.12946667],[-75.2421959,6.12926369],[-75.24220464,6.12926531],[-75.24231912,6.12928176],[-75.24237133,6.12928926],[-75.24247508,6.12930417],[-75.24248243,6.12930523],[-75.24253267,6.12931244],[-75.24253281,6.12931246],[-75.24253279,6.1293125],[-75.24250975,6.12936813],[-75.24250798,6.12937205],[-75.24245283,6.12949434],[-75.24239082,6.12963184],[-75.24236837,6.12975109],[-75.24239167,6.12983569],[-75.24240623,6.12988731],[-75.24242273,6.12990952],[-75.24242335,6.12991036],[-75.24242665,6.12991082],[-75.24243228,6.1299116],[-75.24243891,6.12991249],[-75.24243918,6.12991252],[-75.24244108,6.12991277],[-75.24248354,6.12991842],[-75.2424837,6.12991844],[-75.24248764,6.12991811],[-75.24253189,6.12991445],[-75.24253195,6.12991444],[-75.24256707,6.12991153],[-75.24259776,6.12991461],[-75.24260292,6.12991984],[-75.24262699,6.12994421],[-75.24262703,6.12994425],[-75.24267189,6.12998966],[-75.24268788,6.13000439],[-75.24268965,6.13000584],[-75.24268235,6.13002995],[-75.24267592,6.13004525],[-75.24266341,6.13007501],[-75.24264398,6.130109],[-75.2426288,6.13013195],[-75.24259025,6.13018538],[-75.24257233,6.13021434],[-75.24256675,6.13022336],[-75.24255226,6.13024679],[-75.24253045,6.13029091],[-75.24251723,6.1303302],[-75.24251267,6.13033878],[-75.24248971,6.130382],[-75.24246245,6.13041641],[-75.24246027,6.13041916],[-75.24245085,6.13043361],[-75.2424403,6.13044426],[-75.24242028,6.13046938],[-75.24240987,6.13049623],[-75.24240612,6.13051538],[-75.242406,6.13051748],[-75.24240523,6.13052995],[-75.24240532,6.13055104],[-75.24240328,6.13057038],[-75.24240228,6.13057985],[-75.24240124,6.13060393],[-75.24240007,6.13061287],[-75.24239481,6.13065327],[-75.24239475,6.13065373],[-75.24238957,6.13067337],[-75.24237166,6.13073326],[-75.24237057,6.13073563],[-75.24236313,6.13075196],[-75.24236141,6.13075505],[-75.24233513,6.13080232],[-75.2423223,6.13082104],[-75.2422928,6.13085466],[-75.24227022,6.13087238],[-75.24225849,6.1308816],[-75.24222989,6.13090182],[-75.24220983,6.13090764],[-75.24218592,6.13090678],[-75.24216377,6.13090526],[-75.24215398,6.13089962],[-75.24214252,6.13089301],[-75.24206787,6.13084522],[-75.24205754,6.13083861],[-75.24203778,6.13082597],[-75.24195882,6.13077352],[-75.24192666,6.13075217],[-75.24192033,6.13074875],[-75.24187887,6.13072643],[-75.24183044,6.13070035],[-75.24179321,6.1306803],[-75.24178835,6.13067773],[-75.24176325,6.13066448],[-75.24172521,6.13064439],[-75.24169774,6.13063159],[-75.24166543,6.13061653],[-75.24169411,6.13057192],[-75.24179293,6.13041824],[-75.24175898,6.13030277],[-75.24167196,6.13017666],[-75.2416208,6.13011344]]]}},{"type":"Feature","properties":{"Proyecto":"San Antonio de Prado","Municipio":"Medellin","sector":"U","Matricula":null,"terreno_co":"050010080000400000041","Propietari":null,"ABS":null,"Area_Total":0,"Area_Req":0,"Area_Rem":0,"AreaSobran":0,"Shape_Leng":316.284567056,"Shape_Area":4802.27397134},"geometry":{"type":"Polygon","coordinates":[[[-75.66384154,6.18999822],[-75.66387187,6.1899385],[-75.66388191,6.18994494],[-75.66392045,6.18995596],[-75.66395568,6.1899576],[-75.66400932,6.18995658],[-75.66407412,6.18995425],[-75.66417913,6.18995141],[-75.66425524,6.18994117],[-75.66426028,6.18994004],[-75.66430965,6.18993049],[-75.66434672,6.18992332],[-75.66434349,6.1899492],[-75.66433781,6.18999473],[-75.6643209,6.19011904],[-75.66431808,6.19016989],[-75.66432222,6.19021045],[-75.66435254,6.19028741],[-75.66441128,6.19038007],[-75.66445224,6.19042994],[-75.66445116,6.19043124],[-75.66444031,6.19044419],[-75.66443612,6.19044851],[-75.66442912,6.19045572],[-75.66442709,6.19045781],[-75.66442516,6.19045994],[-75.66442396,6.19046126],[-75.66442005,6.19046556],[-75.6644163,6.1904697],[-75.66441426,6.19047194],[-75.66440866,6.19047708],[-75.6644064,6.19047915],[-75.66440399,6.19048137],[-75.66440177,6.19048341],[-75.66439921,6.19048576],[-75.66438242,6.19049571],[-75.66436729,6.1905099],[-75.66436682,6.19051033],[-75.66436649,6.19051068],[-75.6643657,6.19051153],[-75.66436349,6.19051388],[-75.66436313,6.19051425],[-75.66436131,6.1905162],[-75.66435741,6.19052033],[-75.66435306,6.19052497],[-75.66434581,6.19053243],[-75.66433976,6.19053867],[-75.66433388,6.19054364],[-75.66433037,6.19054661],[-75.66432729,6.19054922],[-75.66432463,6.19055147],[-75.66432247,6.19055324],[-75.66431848,6.19055651],[-75.66431348,6.19056061],[-75.66431194,6.19056188],[-75.66430903,6.19056426],[-75.66430718,6.19056551],[-75.6643043,6.19056744],[-75.66430023,6.19057019],[-75.66429507,6.19057367],[-75.66429208,6.19057567],[-75.66429079,6.1905763],[-75.6642853,6.19057905],[-75.66428049,6.19058144],[-75.66427558,6.19058388],[-75.66427521,6.19058405],[-75.66427121,6.19058584],[-75.66426749,6.19058751],[-75.66426184,6.19059004],[-75.66425725,6.19059209],[-75.66425695,6.19059218],[-75.66425107,6.19059388],[-75.66424606,6.19059533],[-75.66423847,6.19059754],[-75.66422015,6.190603],[-75.66420183,6.19060708],[-75.66418168,6.19061391],[-75.66418021,6.19061456],[-75.66417978,6.19061475],[-75.66417941,6.19061492],[-75.66417916,6.19061503],[-75.66417794,6.19061557],[-75.66417568,6.19061657],[-75.66416427,6.19062165],[-75.6641627,6.19062236],[-75.66414595,6.19062985],[-75.66413859,6.19063362],[-75.66413724,6.1906343],[-75.66413454,6.19063569],[-75.66412899,6.19063852],[-75.66411781,6.19064437],[-75.66411544,6.19064561],[-75.6641125,6.19064714],[-75.66411066,6.1906481],[-75.66410097,6.19065293],[-75.66409416,6.19065631],[-75.66409303,6.19065696],[-75.66408967,6.19065892],[-75.66408692,6.19066052],[-75.66408496,6.19066166],[-75.66407839,6.19066547],[-75.66407767,6.19066589],[-75.66407638,6.19066675],[-75.66406117,6.19067685],[-75.66404513,6.19068598],[-75.66403674,6.19069026],[-75.66403647,6.1906904],[-75.66403327,6.19069203],[-75.66402817,6.19069464],[-75.66402673,6.19069554],[-75.66401121,6.19070514],[-75.66399953,6.19071345],[-75.6639954,6.19071639],[-75.66399517,6.19071655],[-75.66399274,6.1907188],[-75.66398811,6.19072312],[-75.66398389,6.19072704],[-75.66398141,6.19072935],[-75.6639808,6.19073],[-75.66397663,6.19073443],[-75.66397338,6.19073789],[-75.66396916,6.1907424],[-75.6639681,6.19074352],[-75.66396574,6.19074699],[-75.66396271,6.19075147],[-75.66395961,6.19075605],[-75.66395663,6.19076044],[-75.66395638,6.19076085],[-75.66395379,6.1907651],[-75.66395016,6.19077107],[-75.66394678,6.19077663],[-75.66394606,6.19077782],[-75.66394395,6.1907818],[-75.66394162,6.19078621],[-75.66393843,6.19079227],[-75.66393686,6.19079521],[-75.66393635,6.19079644],[-75.6639338,6.19080255],[-75.66393192,6.19080707],[-75.66392931,6.19081331],[-75.66392904,6.19081398],[-75.66392737,6.19081746],[-75.66392546,6.19082147],[-75.66392188,6.19082898],[-75.6639203,6.19083229],[-75.66392014,6.19083259],[-75.66391647,6.19083936],[-75.66391382,6.19084424],[-75.66391169,6.19084815],[-75.66391111,6.19084921],[-75.663901,6.19086522],[-75.66388998,6.19088123],[-75.6638776,6.19089539],[-75.66386337,6.19090865],[-75.66385441,6.1909165],[-75.66385428,6.19091661],[-75.66385398,6.19091688],[-75.66385086,6.1909196],[-75.66381911,6.190787],[-75.66382473,6.19066428],[-75.66382473,6.19065817],[-75.66383883,6.19061523],[-75.66386197,6.19058359],[-75.66387043,6.19052934],[-75.6638676,6.19044006],[-75.66383596,6.19038244],[-75.66381338,6.19033385],[-75.66379868,6.19026492],[-75.66377609,6.19018807],[-75.6638043,6.19011009],[-75.66384154,6.18999822]]]}},{"type":"Feature","properties":{"Proyecto":"San Antonio de Prado","Municipio":"Medellin","sector":"U","Matricula":null,"terreno_co":"050010008800400000238","Propietari":null,"ABS":null,"Area_Total":0,"Area_Req":0,"Area_Rem":0,"AreaSobran":0,"Shape_Leng":250.904437145,"Shape_Area":2360.06425393},"geometry":{"type":"Polygon","coordinates":[[[-75.66457335,6.18976763],[-75.66458408,6.18975628],[-75.66462416,6.18976568],[-75.6648337,6.18969517],[-75.66501884,6.18973321],[-75.66503852,6.18974869],[-75.66503081,6.18975232],[-75.66502,6.18975679],[-75.66501809,6.18975757],[-75.66501667,6.18975816],[-75.66501203,6.18976007],[-75.6650029,6.18976342],[-75.66498593,6.18976963],[-75.66497733,6.18976982],[-75.66496935,6.18976998],[-75.66496629,6.18977005],[-75.66495986,6.18977097],[-75.66495723,6.18977134],[-75.66495051,6.18977231],[-75.66494807,6.18977267],[-75.66494747,6.18977276],[-75.66494155,6.18977437],[-75.66493559,6.18977599],[-75.66493273,6.18977678],[-75.66492915,6.18977776],[-75.66492695,6.18977874],[-75.66492428,6.18977993],[-75.66491174,6.18978551],[-75.66489569,6.18979601],[-75.66488749,6.1898039],[-75.66488193,6.18980926],[-75.66487805,6.18981362],[-75.66487441,6.18981776],[-75.66487274,6.18981962],[-75.66486931,6.1898235],[-75.66486816,6.1898248],[-75.66486773,6.18982518],[-75.66486214,6.18983007],[-75.66485304,6.18983805],[-75.66483608,6.18984718],[-75.66483537,6.18984755],[-75.66483231,6.18984915],[-75.66483146,6.18984959],[-75.6648288,6.18985097],[-75.66482708,6.18985188],[-75.66482421,6.18985338],[-75.66482075,6.18985519],[-75.66481776,6.18985674],[-75.66481468,6.18985871],[-75.66480953,6.18986197],[-75.66480125,6.18986725],[-75.66479986,6.18986846],[-75.66478703,6.18987959],[-75.66478338,6.18988482],[-75.66478215,6.18988659],[-75.66477985,6.18988989],[-75.66477811,6.18989237],[-75.66477576,6.18989575],[-75.66477555,6.18989605],[-75.66477413,6.18990077],[-75.66477311,6.18990411],[-75.66477179,6.18990852],[-75.66477003,6.18991433],[-75.66476809,6.18991723],[-75.664759,6.18993082],[-75.66474615,6.18994546],[-75.66474029,6.18995373],[-75.66473989,6.1899543],[-75.66473948,6.18995487],[-75.66473824,6.1899566],[-75.6647358,6.18996005],[-75.66473513,6.18996101],[-75.66473078,6.18997063],[-75.66472685,6.18997932],[-75.66472328,6.18999157],[-75.66472086,6.18999992],[-75.66471706,6.19000913],[-75.66471671,6.19000998],[-75.66471124,6.19001585],[-75.66470626,6.19002118],[-75.66470194,6.19002581],[-75.66469805,6.19002998],[-75.66469466,6.19003361],[-75.66469079,6.19003774],[-75.66468762,6.19004115],[-75.6646865,6.19004235],[-75.66468336,6.19004572],[-75.66468063,6.19004863],[-75.66467619,6.1900534],[-75.66467395,6.19005579],[-75.66466959,6.19006047],[-75.66466772,6.19006247],[-75.66466345,6.19006703],[-75.66462749,6.19010556],[-75.66462504,6.19010818],[-75.66462319,6.19011016],[-75.6646173,6.19011646],[-75.66461538,6.19011853],[-75.66461124,6.19012296],[-75.66458541,6.19015063],[-75.66458357,6.1901526],[-75.66457902,6.19015748],[-75.66457632,6.19016037],[-75.66457559,6.19016092],[-75.6645719,6.19016371],[-75.66456119,6.19017179],[-75.66454789,6.19018594],[-75.66454742,6.19018642],[-75.66454635,6.19018873],[-75.66454555,6.19019042],[-75.66454511,6.19019137],[-75.66454395,6.19019385],[-75.66454331,6.19019522],[-75.66454301,6.19019585],[-75.66453823,6.1902061],[-75.66453584,6.19020957],[-75.6645272,6.19022211],[-75.66452526,6.19022501],[-75.66452234,6.19022939],[-75.66452042,6.19023224],[-75.66451877,6.1902347],[-75.66451619,6.19023857],[-75.66451543,6.19023994],[-75.66451373,6.19024298],[-75.66451212,6.19024586],[-75.66450902,6.19025141],[-75.66450731,6.19025448],[-75.66450699,6.19025504],[-75.66450523,6.19026043],[-75.66450412,6.19026383],[-75.66450311,6.19026691],[-75.66450101,6.19027336],[-75.66450097,6.19027351],[-75.66450016,6.19027679],[-75.66449938,6.19027997],[-75.66449769,6.19028681],[-75.6644969,6.19029004],[-75.66449638,6.19029212],[-75.66449627,6.19029319],[-75.66449538,6.19030121],[-75.66449417,6.19031205],[-75.66449006,6.19033267],[-75.66448838,6.19033944],[-75.66448735,6.1903436],[-75.66448679,6.19034588],[-75.66448656,6.1903468],[-75.66448531,6.19035189],[-75.66448459,6.19035412],[-75.66447909,6.19037128],[-75.66447159,6.19039228],[-75.66447145,6.19039263],[-75.66446899,6.19039912],[-75.66446405,6.19041212],[-75.66446359,6.19041334],[-75.66446317,6.19041396],[-75.66446079,6.19041743],[-75.66445763,6.19042205],[-75.66445449,6.19042665],[-75.66445224,6.19042994],[-75.66441128,6.19038007],[-75.66435254,6.19028741],[-75.66432222,6.19021045],[-75.66431808,6.19016989],[-75.6643209,6.19011904],[-75.66433781,6.18999473],[-75.66434349,6.1899492],[-75.66434672,6.18992332],[-75.66439471,6.18990731],[-75.66442628,6.18989286],[-75.66445469,6.18987592],[-75.66445794,6.1898733],[-75.66449198,6.18984578],[-75.66449476,6.18984359],[-75.66450001,6.18983947],[-75.66450337,6.18983683],[-75.66450506,6.18983523],[-75.66450997,6.18983056],[-75.66451265,6.18982801],[-75.66451747,6.18982343],[-75.66452207,6.18981906],[-75.66452353,6.18981767],[-75.66453245,6.1898092],[-75.6645329,6.18980877],[-75.66453682,6.18980485],[-75.66453814,6.18980353],[-75.66454244,6.18979924],[-75.66454334,6.18979835],[-75.66454426,6.18979743],[-75.6645462,6.18979549],[-75.6645548,6.1897869],[-75.66455643,6.18978526],[-75.664561,6.1897807],[-75.66456116,6.18978053],[-75.66456573,6.1897757],[-75.66457057,6.18977057],[-75.66457335,6.18976763]]]}},{"type":"Feature","properties":{"Proyecto":"Mi Casita Venecia","Municipio":"Venecia","sector":"R","Matricula":null,"terreno_co":"058610001000000010094000000000","Propietari":null,"ABS":null,"Area_Total":0,"Area_Req":0,"Area_Rem":0,"AreaSobran":0,"Shape_Leng":101.512283648,"Shape_Area":449.18628156},"geometry":{"type":"Polygon","coordinates":[[[-75.74997918,5.96159567],[-75.7500158,5.96159372],[-75.75005953,5.96159507],[-75.75009151,5.96159349],[-75.75010725,5.9615912],[-75.75013441,5.96158517],[-75.75014791,5.9615846],[-75.75016183,5.961584],[-75.75018197,5.96156509],[-75.75019747,5.96155054],[-75.75020497,5.96156342],[-75.75021391,5.96157879],[-75.75021463,5.96157986],[-75.75021493,5.96158032],[-75.75021608,5.96158203],[-75.75021674,5.96158303],[-75.75021741,5.96158402],[-75.75021855,5.96158574],[-75.75021886,5.96158619],[-75.75022218,5.96159117],[-75.75022429,5.96159433],[-75.75022798,5.96159985],[-75.75022822,5.96160022],[-75.75023612,5.96161205],[-75.75023905,5.96161643],[-75.75027096,5.96164781],[-75.75027393,5.96171429],[-75.75026958,5.96173292],[-75.75026351,5.9617589],[-75.75018158,5.96178214],[-75.75015936,5.96176755],[-75.75010083,5.96172915],[-75.7500635,5.96170108],[-75.75001915,5.96166809],[-75.74999121,5.9616473],[-75.74997278,5.96163475],[-75.74992826,5.96160441],[-75.74992551,5.9616035],[-75.74991568,5.96160027],[-75.74993369,5.96159768],[-75.74996899,5.96159618],[-75.74997198,5.96159605],[-75.74997918,5.96159567]]]}},{"type":"Feature","properties":{"Proyecto":"Mi Casita Venecia","Municipio":"Venecia","sector":"R","Matricula":null,"terreno_co":"058610002000000020261000000000","Propietari":null,"ABS":null,"Area_Total":0,"Area_Req":0,"Area_Rem":0,"AreaSobran":0,"Shape_Leng":1635.86225319,"Shape_Area":39419.8431669},"geometry":{"type":"MultiPolygon","coordinates":[[[[-75.75068484,5.9615243],[-75.75066128,5.96152388],[-75.75061957,5.96152462],[-75.75057906,5.96152466],[-75.75053496,5.96151881],[-75.75050706,5.96151156],[-75.75046159,5.96149129],[-75.75041382,5.96146517],[-75.75037172,5.96144383],[-75.75034006,5.96142718],[-75.75037696,5.96139147],[-75.75035809,5.96136226],[-75.75032556,5.96138318],[-75.7502987,5.96140733],[-75.75026615,5.96144069],[-75.75023146,5.96148276],[-75.75022819,5.96148428],[-75.75021192,5.96149181],[-75.75020488,5.96149599],[-75.75019907,5.9614713],[-75.75019034,5.9614549],[-75.75016968,5.96141606],[-75.7501669,5.9614049],[-75.75016292,5.96138893],[-75.7501613,5.96138242],[-75.75018071,5.96135274],[-75.75026712,5.96129848],[-75.75029457,5.96129037],[-75.75030845,5.96128628],[-75.75031489,5.96126529],[-75.75031524,5.96126415],[-75.7503123,5.96125908],[-75.75031681,5.96125907],[-75.75031988,5.96124906],[-75.75030189,5.96121209],[-75.75027722,5.96117471],[-75.75024435,5.96115525],[-75.75024001,5.96115268],[-75.75019192,5.96112456],[-75.75019281,5.96108446],[-75.75024121,5.96099378],[-75.7502446,5.9609887],[-75.75028495,5.96092802],[-75.75023756,5.96091205],[-75.75018037,5.96087315],[-75.75006114,5.96036882],[-75.74993265,5.96005783],[-75.74964062,5.95922215],[-75.74931972,5.95832055],[-75.74909848,5.9576712],[-75.74891354,5.95714054],[-75.74891404,5.95713962],[-75.74893638,5.95715266],[-75.74897833,5.95717715],[-75.74925456,5.95731452],[-75.74952096,5.95738184],[-75.74961493,5.95750604],[-75.74973472,5.95757635],[-75.74993108,5.95767018],[-75.75009086,5.95773725],[-75.75011163,5.95774318],[-75.7501073,5.95774839],[-75.75008158,5.9577794],[-75.75005068,5.95789159],[-75.75004633,5.95801071],[-75.75008161,5.95822147],[-75.7501593,5.95847781],[-75.74993656,5.95843964],[-75.74997224,5.95862198],[-75.75002828,5.95892243],[-75.7500657,5.95915438],[-75.75010326,5.95932931],[-75.75016,5.95944728],[-75.75024328,5.95956911],[-75.75033412,5.95971758],[-75.75037183,5.9598317],[-75.75038307,5.95997373],[-75.75041881,5.96005778],[-75.75047265,5.96010285],[-75.7505497,5.96011998],[-75.7505667,5.96012376],[-75.75060146,5.96013148],[-75.7506286,5.96013752],[-75.75072179,5.96015823],[-75.75090685,5.96017551],[-75.75104484,5.96017584],[-75.75103194,5.96060018],[-75.75102785,5.96070858],[-75.75089273,5.96074295],[-75.75094944,5.96128239],[-75.75098757,5.96131354],[-75.75099909,5.96132295],[-75.75101075,5.96132981],[-75.75093821,5.9613892],[-75.75093226,5.96139408],[-75.75092166,5.96140733],[-75.75090115,5.96143086],[-75.75086428,5.9614611],[-75.75083043,5.96148636],[-75.75078826,5.96150611],[-75.75076213,5.96151413],[-75.75072149,5.96151914],[-75.75068484,5.9615243]]],[[[-75.75059921,5.96223316],[-75.75055857,5.96218932],[-75.75054197,5.96217991],[-75.75051043,5.96216205],[-75.75048278,5.96215427],[-75.75043509,5.96214084],[-75.75041119,5.96212284],[-75.75040529,5.96210369],[-75.75040417,5.96206901],[-75.75040426,5.96203193],[-75.75042118,5.96196021],[-75.75042846,5.96190403],[-75.75042505,5.9618478],[-75.75042338,5.96184364],[-75.75041431,5.96182108],[-75.75038672,5.96182742],[-75.7503424,5.96184035],[-75.75032491,5.96184475],[-75.75032017,5.96184078],[-75.75030751,5.96183016],[-75.75030636,5.96179588],[-75.75030538,5.96173863],[-75.75031247,5.9617064],[-75.75030811,5.96166374],[-75.75030751,5.96165783],[-75.75030628,5.96162911],[-75.75029496,5.96160459],[-75.75029295,5.96160025],[-75.7502853,5.96158366],[-75.75025627,5.96155203],[-75.7502384,5.9615345],[-75.75025423,5.96152911],[-75.75026835,5.9615243],[-75.75031026,5.96151545],[-75.75033727,5.961517],[-75.75035495,5.96152052],[-75.75036662,5.96152388],[-75.75041929,5.96154919],[-75.75046058,5.9615617],[-75.75049431,5.96156873],[-75.75052219,5.96157492],[-75.75056133,5.96158187],[-75.75063712,5.96158958],[-75.75065656,5.96159311],[-75.75069201,5.96159302],[-75.75070184,5.96159254],[-75.75070551,5.96159357],[-75.75070898,5.96160003],[-75.7507199,5.96161777],[-75.75072598,5.96162764],[-75.75072979,5.96163385],[-75.75093105,5.96164965],[-75.75098633,5.961654],[-75.75101018,5.96162885],[-75.75102286,5.96172938],[-75.75104165,5.9617653],[-75.7510556,5.96182856],[-75.75105619,5.96194697],[-75.7510603,5.96194554],[-75.75106976,5.96194301],[-75.75108676,5.96193829],[-75.75110118,5.96193659],[-75.75113643,5.96192778],[-75.75115063,5.96192158],[-75.75117199,5.96191751],[-75.75118532,5.96191364],[-75.75118931,5.96192942],[-75.75118443,5.96194332],[-75.75117494,5.96196052],[-75.75116858,5.96198207],[-75.75116485,5.96200323],[-75.75115957,5.962027],[-75.75115318,5.96205035],[-75.75114534,5.96206868],[-75.75113817,5.962088],[-75.75113771,5.96208899],[-75.75113531,5.96209409],[-75.75113007,5.96210522],[-75.75111555,5.96211488],[-75.751099,5.96212192],[-75.75109592,5.96212323],[-75.75109354,5.96212391],[-75.75107772,5.96212841],[-75.75105884,5.96213261],[-75.75103721,5.96213525],[-75.75101794,5.96213695],[-75.7509951,5.96213708],[-75.75099011,5.96213721],[-75.75097863,5.96213775],[-75.75092556,5.96214023],[-75.7509049,5.96214288],[-75.75088714,5.96214557],[-75.75086798,5.96215018],[-75.75084725,5.96215796],[-75.75084383,5.96216085],[-75.75081628,5.96218409],[-75.75080759,5.96219142],[-75.75079336,5.96220342],[-75.75077224,5.96222123],[-75.75074818,5.96224152],[-75.75073107,5.96223458],[-75.75071659,5.96222942],[-75.75069851,5.96222381],[-75.75063902,5.96224147],[-75.75060823,5.96225062],[-75.75059921,5.96223316]]]]}},{"type":"Feature","properties":{"Proyecto":"Mi Casita Venecia","Municipio":"Venecia","sector":"R","Matricula":null,"terreno_co":"058610001000000010084000000000","Propietari":null,"ABS":null,"Area_Total":0,"Area_Req":0,"Area_Rem":0,"AreaSobran":0,"Shape_Leng":497.423876536,"Shape_Area":11091.524532},"geometry":{"type":"Polygon","coordinates":[[[-75.74989052,5.96154071],[-75.74988735,5.96154063],[-75.7498856,5.96153958],[-75.74987875,5.96153547],[-75.74987296,5.961532],[-75.74988073,5.96151357],[-75.74988906,5.9614805],[-75.7498811,5.96146615],[-75.74986232,5.96143229],[-75.74983061,5.96140236],[-75.7498024,5.96136991],[-75.74975526,5.96134418],[-75.74955391,5.96130474],[-75.74953359,5.96124242],[-75.74952695,5.96124212],[-75.74947518,5.96123976],[-75.74946262,5.96123919],[-75.74942603,5.96126753],[-75.74941291,5.96127712],[-75.74940783,5.96128083],[-75.74929109,5.9612624],[-75.74921304,5.96125008],[-75.74909952,5.9612206],[-75.74907496,5.9607801],[-75.74907493,5.96060722],[-75.74907486,5.96028558],[-75.74914943,5.96029116],[-75.74930447,5.96031235],[-75.74941973,5.96036186],[-75.74958591,5.96047394],[-75.74981065,5.96060128],[-75.74992965,5.96068296],[-75.75003902,5.96080247],[-75.75009462,5.96087617],[-75.75012507,5.96091654],[-75.75018037,5.96087315],[-75.75023756,5.96091205],[-75.75021361,5.96095144],[-75.75017865,5.9610089],[-75.75014556,5.96107991],[-75.75013958,5.96108783],[-75.75012652,5.96110513],[-75.75013031,5.961129],[-75.75017557,5.96118116],[-75.75022837,5.96119152],[-75.75025187,5.96119917],[-75.75025574,5.96121915],[-75.75024984,5.96123983],[-75.7502395,5.96125655],[-75.75020735,5.96127343],[-75.7501427,5.96128534],[-75.75014259,5.96128537],[-75.75011889,5.9613152],[-75.75009638,5.96135871],[-75.75010254,5.96140252],[-75.75012102,5.96142783],[-75.75014858,5.96145842],[-75.75017851,5.96151119],[-75.75017529,5.96151394],[-75.75016897,5.96151933],[-75.75015736,5.9615243],[-75.75015111,5.96152697],[-75.75014419,5.96152992],[-75.75010683,5.9615485],[-75.75008607,5.96155161],[-75.75004917,5.96155055],[-75.75004117,5.96155011],[-75.75001645,5.96154875],[-75.74996848,5.96154585],[-75.74992669,5.96154164],[-75.74989052,5.96154071]]]}},{"type":"Feature","properties":{"Proyecto":"Concordia Majagual","Municipio":"Betulia","sector":"R","Matricula":null,"terreno_co":"056420004000000080039000000000","Propietari":null,"ABS":null,"Area_Total":0,"Area_Req":0,"Area_Rem":0,"AreaSobran":0,"Shape_Leng":0,"Shape_Area":126750.286252},"geometry":{"type":"Polygon","coordinates":[[[-75.95433114,6.04377903],[-75.9543041,6.04372788],[-75.9543812,6.043688],[-75.95441211,6.04365567],[-75.95445881,6.04357317],[-75.95451874,6.04345316],[-75.95458589,6.04334429],[-75.9546345,6.04319482],[-75.95466043,6.04312686],[-75.95476269,6.04302417],[-75.95487289,6.04291666],[-75.95494167,6.04281416],[-75.9549815,6.04272865],[-75.95502165,6.04263936],[-75.95506742,6.04245714],[-75.95509289,6.0422633],[-75.95515915,6.04208324],[-75.95519702,6.04197981],[-75.95522917,6.04188405],[-75.95524629,6.04181516],[-75.95525843,6.04170179],[-75.95527797,6.04163148],[-75.95533012,6.04154821],[-75.95546918,6.04140344],[-75.95547353,6.04140772],[-75.95555573,6.04148856],[-75.95571617,6.04160193],[-75.95592697,6.04174108],[-75.95604183,6.04180883],[-75.9561593,6.04182408],[-75.95624138,6.04181493],[-75.95638015,6.04175154],[-75.9565049,6.04162444],[-75.95664386,6.04146907],[-75.95677141,6.04135612],[-75.95679675,6.04141702],[-75.95684607,6.04150769],[-75.95687842,6.04160115],[-75.95687543,6.04167897],[-75.95685255,6.04179638],[-75.95682868,6.04191091],[-75.95697054,6.0420447],[-75.95720042,6.04232677],[-75.95765586,6.04288559],[-75.95782888,6.0430768],[-75.95782295,6.04316374],[-75.95781929,6.04321735],[-75.95785195,6.04331759],[-75.95788478,6.0433501],[-75.95798969,6.04335793],[-75.95823894,6.04337652],[-75.95849284,6.04340553],[-75.95883392,6.04352438],[-75.95883599,6.0435251],[-75.95897175,6.04359158],[-75.95902694,6.04362827],[-75.95912635,6.04370024],[-75.95919886,6.04373],[-75.95921203,6.04373541],[-75.95927959,6.04376206],[-75.95954016,6.04379354],[-75.95955086,6.04379483],[-75.95962079,6.04384039],[-75.95972609,6.04398073],[-75.95991474,6.04417306],[-75.96012914,6.04432995],[-75.96022507,6.04440016],[-75.96030233,6.04445053],[-75.9605249,6.04459568],[-75.96071946,6.0447666],[-75.96076827,6.04480948],[-75.96081954,6.04488422],[-75.96087757,6.04496883],[-75.96085523,6.04509399],[-75.96084492,6.04523579],[-75.96084737,6.04534772],[-75.96083894,6.04541651],[-75.96069395,6.04538603],[-75.96049169,6.04540661],[-75.96033238,6.04545228],[-75.96022767,6.04543578],[-75.96003632,6.04539227],[-75.95994858,6.04540483],[-75.95985972,6.04543217],[-75.95977611,6.0454711],[-75.95973338,6.04551708],[-75.95960968,6.04564103],[-75.95954178,6.0457157],[-75.95948728,6.04577563],[-75.9594633,6.04579038],[-75.95937503,6.04582417],[-75.95925323,6.04582937],[-75.95902394,6.04574688],[-75.95880617,6.04572331],[-75.95862692,6.04569763],[-75.95840481,6.04571036],[-75.9581111,6.04574007],[-75.9576789,6.04578461],[-75.95737076,6.04578806],[-75.9572202,6.04576706],[-75.95708386,6.04571493],[-75.95695698,6.04563406],[-75.95673165,6.04540528],[-75.95669984,6.04537306],[-75.9566046,6.04527659],[-75.95650165,6.04520999],[-75.95643466,6.04517674],[-75.95631038,6.04515804],[-75.95627154,6.04515308],[-75.9561646,6.04513942],[-75.95606181,6.04511825],[-75.95596133,6.04507316],[-75.95581763,6.04496366],[-75.95574917,6.04492372],[-75.95569897,6.04491385],[-75.95561439,6.04490841],[-75.95551544,6.04489153],[-75.95543793,6.0448588],[-75.95534166,6.04478089],[-75.95530746,6.04473612],[-75.95518915,6.04465234],[-75.95511736,6.04461432],[-75.95498587,6.04458369],[-75.95489509,6.04457922],[-75.95471596,6.04458941],[-75.9545369,6.04461633],[-75.95439021,6.04460871],[-75.95423722,6.04457863],[-75.95407263,6.0445065],[-75.95396541,6.04444757],[-75.95385471,6.04440907],[-75.95381377,6.04440673],[-75.95371687,6.04441588],[-75.95362659,6.0444068],[-75.95346032,6.04436339],[-75.95352885,6.04428443],[-75.95353791,6.044274],[-75.95362887,6.04427571],[-75.9536631,6.04427636],[-75.95376622,6.04422744],[-75.95384641,6.04418939],[-75.95389143,6.04418406],[-75.95401604,6.04416931],[-75.95416895,6.04414093],[-75.95431914,6.04413206],[-75.95444419,6.04409264],[-75.95452754,6.04406172],[-75.95448119,6.04400861],[-75.95445423,6.04397773],[-75.95436811,6.04383871],[-75.95435671,6.0438203],[-75.95433114,6.04377903]]]}},{"type":"Feature","properties":{"Proyecto":"Tamesis la Oculta","Municipio":"Tamesis","sector":"R","Matricula":null,"terreno_co":"057890002000000040147000000000","Propietari":null,"ABS":null,"Area_Total":0,"Area_Req":0,"Area_Rem":0,"AreaSobran":0,"Shape_Leng":0,"Shape_Area":104648.505957},"geometry":{"type":"Polygon","coordinates":[[[-75.68801627,5.73143655],[-75.68814418,5.73130077],[-75.68829651,5.73113906],[-75.6883151,5.73111932],[-75.68838474,5.73104539],[-75.68842523,5.73100241],[-75.68846349,5.73096179],[-75.6885325,5.73089412],[-75.68860712,5.73082096],[-75.6886468,5.73078205],[-75.68868506,5.73074453],[-75.68872371,5.73070738],[-75.68875895,5.73067351],[-75.688831,5.73060426],[-75.68891255,5.73052587],[-75.68897142,5.73046928],[-75.68901521,5.7304272],[-75.6891244,5.73040501],[-75.68917241,5.73039525],[-75.68935199,5.73038703],[-75.68945648,5.73038225],[-75.689498,5.73038034],[-75.68952152,5.73037927],[-75.68965634,5.73008851],[-75.68968135,5.73003456],[-75.6896858,5.73002549],[-75.68969029,5.7300163],[-75.68970158,5.72999326],[-75.68972819,5.72993882],[-75.68980798,5.72977563],[-75.68987918,5.72965983],[-75.6899367,5.72956462],[-75.6900034,5.72943635],[-75.69008429,5.72927663],[-75.69008102,5.72925258],[-75.69010322,5.72925283],[-75.69011195,5.72925122],[-75.69028156,5.72921992],[-75.69032774,5.72920533],[-75.69033666,5.72920251],[-75.69045951,5.72911627],[-75.69051792,5.7290642],[-75.6905895,5.72901632],[-75.69064164,5.72896357],[-75.69073568,5.72887979],[-75.69076376,5.7288673],[-75.6908359,5.72882142],[-75.69085247,5.72881095],[-75.69086667,5.72880356],[-75.69095156,5.72875312],[-75.69116844,5.72864338],[-75.6914591,5.72850154],[-75.6917895,5.72834895],[-75.69198687,5.72825938],[-75.69203931,5.72823004],[-75.69207331,5.72831191],[-75.69213551,5.72853932],[-75.69218587,5.72868642],[-75.69223075,5.72888713],[-75.69224155,5.72900251],[-75.6922781,5.72915662],[-75.69234329,5.72931059],[-75.69239359,5.72943637],[-75.69242663,5.72951437],[-75.69241549,5.72958331],[-75.69239677,5.72966376],[-75.69232471,5.72977891],[-75.69221848,5.72993823],[-75.69191276,5.73042466],[-75.69166629,5.73083659],[-75.6915598,5.73094042],[-75.6914284,5.73102906],[-75.69128183,5.73114264],[-75.69110802,5.73128356],[-75.69099819,5.73135638],[-75.69089894,5.73137598],[-75.69072116,5.73135194],[-75.69057976,5.73134495],[-75.69044804,5.7313647],[-75.69041544,5.73140817],[-75.69039565,5.73144027],[-75.68927071,5.73211773],[-75.68848777,5.73260302],[-75.68844315,5.73265589],[-75.68817101,5.73252528],[-75.68810702,5.73249457],[-75.68806978,5.7324767],[-75.68811151,5.73220741],[-75.68816356,5.73206191],[-75.68825293,5.73181209],[-75.68795721,5.73149926],[-75.68795738,5.73149907],[-75.68801627,5.73143655]]]}},{"type":"Feature","properties":{"Proyecto":"Tamesis la Oculta","Municipio":"Tamesis","sector":"R","Matricula":null,"terreno_co":"057890002000000010202000000000","Propietari":null,"ABS":null,"Area_Total":0,"Area_Req":0,"Area_Rem":0,"AreaSobran":0,"Shape_Leng":0,"Shape_Area":58140.3005109},"geometry":{"type":"Polygon","coordinates":[[[-75.68562205,5.73070316],[-75.68569644,5.73058368],[-75.68577981,5.73049906],[-75.68582524,5.73047342],[-75.68588122,5.73046144],[-75.68595382,5.73045253],[-75.68603085,5.73045498],[-75.68605151,5.73046056],[-75.68618342,5.73050037],[-75.68645159,5.73060677],[-75.68656248,5.73063206],[-75.68666434,5.73064076],[-75.68672049,5.73063372],[-75.68678291,5.73059617],[-75.68683914,5.73052915],[-75.68695341,5.73040638],[-75.68709814,5.73025652],[-75.68717345,5.73018098],[-75.68726699,5.73015967],[-75.68739884,5.73017461],[-75.68756065,5.73017829],[-75.68769016,5.73016354],[-75.68783606,5.73010067],[-75.68801682,5.73001174],[-75.68816688,5.72993869],[-75.68826682,5.72989111],[-75.68843742,5.72985312],[-75.68868608,5.72984375],[-75.6889043,5.72983434],[-75.68905717,5.72979297],[-75.68909842,5.72975555],[-75.6891441,5.72972499],[-75.68919404,5.72968213],[-75.68919412,5.72968201],[-75.68919415,5.72968197],[-75.68920585,5.72966522],[-75.68923686,5.72961406],[-75.68927686,5.72956307],[-75.68930984,5.72952127],[-75.68933248,5.72948742],[-75.68936224,5.72944173],[-75.68937298,5.72941615],[-75.68941379,5.72931477],[-75.68943626,5.72928506],[-75.68949378,5.729234],[-75.68956784,5.72918478],[-75.68964924,5.7291612],[-75.68980446,5.72919315],[-75.68988485,5.72921084],[-75.68992058,5.72922346],[-75.68998183,5.72924737],[-75.69000728,5.72925057],[-75.69008102,5.72925258],[-75.69008429,5.72927663],[-75.6899367,5.72956462],[-75.68980798,5.72977563],[-75.68972819,5.72993882],[-75.68970158,5.72999326],[-75.68969029,5.7300163],[-75.6896858,5.73002549],[-75.68968135,5.73003456],[-75.68965634,5.73008851],[-75.68952152,5.73037927],[-75.689498,5.73038034],[-75.68945648,5.73038225],[-75.68935199,5.73038703],[-75.68917241,5.73039525],[-75.6891244,5.73040501],[-75.68901521,5.7304272],[-75.68897142,5.73046928],[-75.68891255,5.73052587],[-75.688831,5.73060426],[-75.68875895,5.73067351],[-75.68872371,5.73070738],[-75.68868506,5.73074453],[-75.6886468,5.73078205],[-75.68860712,5.73082096],[-75.6885325,5.73089412],[-75.68846349,5.73096179],[-75.68842523,5.73100241],[-75.68838474,5.73104539],[-75.6883151,5.73111932],[-75.68829651,5.73113906],[-75.68814418,5.73130077],[-75.68801627,5.73143655],[-75.68795738,5.73149907],[-75.68795721,5.73149926],[-75.68790084,5.73155428],[-75.68778645,5.73166594],[-75.68765204,5.73165234],[-75.68745107,5.731632],[-75.68700488,5.73158665],[-75.68657376,5.73154386],[-75.68630281,5.73151979],[-75.68588018,5.73147791],[-75.68582675,5.73146195],[-75.68578097,5.73144827],[-75.68562308,5.73140111],[-75.68512916,5.73123614],[-75.68524897,5.73115513],[-75.6853141,5.73110985],[-75.68537777,5.73104336],[-75.68544903,5.73096628],[-75.68551583,5.73085739],[-75.68562205,5.73070316]]]}},{"type":"Feature","properties":{"Proyecto":"Tamesis la Oculta","Municipio":"Tamesis","sector":"R","Matricula":null,"terreno_co":"057890002000000010153000000000","Propietari":null,"ABS":null,"Area_Total":0,"Area_Req":0,"Area_Rem":0,"AreaSobran":0,"Shape_Leng":0,"Shape_Area":52692.0201711},"geometry":{"type":"Polygon","coordinates":[[[-75.68292945,5.73056997],[-75.68291286,5.73010317],[-75.68294199,5.7295884],[-75.68309503,5.72966833],[-75.68327094,5.72973289],[-75.68351619,5.7299569],[-75.68367847,5.73009564],[-75.6837329,5.73009405],[-75.68397487,5.73004171],[-75.68420121,5.73003362],[-75.68425429,5.73023317],[-75.68456216,5.73017969],[-75.68484388,5.73016694],[-75.68497834,5.73014892],[-75.68504437,5.73014007],[-75.68546862,5.73071587],[-75.68547626,5.73072623],[-75.68541167,5.73082297],[-75.68533172,5.73093633],[-75.6852316,5.7310294],[-75.68505973,5.73114398],[-75.68483267,5.7312948],[-75.68475917,5.73135168],[-75.68471117,5.73140898],[-75.68466937,5.73148011],[-75.68464977,5.7315393],[-75.68463905,5.73155814],[-75.68461992,5.73163097],[-75.68460926,5.73167755],[-75.68460359,5.73170359],[-75.68460181,5.73172467],[-75.68459569,5.73198786],[-75.68460101,5.7320741],[-75.68460233,5.7320856],[-75.68460239,5.73209573],[-75.68459715,5.73211835],[-75.68458034,5.73215009],[-75.68455316,5.7322014],[-75.68454799,5.73220433],[-75.68451484,5.73222179],[-75.68440935,5.73226818],[-75.68427833,5.73230411],[-75.68354528,5.73209868],[-75.68345937,5.7320746],[-75.68330517,5.73203139],[-75.68304723,5.7319314],[-75.68296973,5.73137087],[-75.68296963,5.73133018],[-75.68296856,5.73089321],[-75.68292945,5.73056997]]]}},{"type":"Feature","properties":{"Proyecto":"Tamesis la Oculta","Municipio":"Tamesis","sector":"R","Matricula":null,"terreno_co":"057890002000000010212000000000","Propietari":null,"ABS":null,"Area_Total":0,"Area_Req":0,"Area_Rem":0,"AreaSobran":0,"Shape_Leng":0,"Shape_Area":72489.348384},"geometry":{"type":"Polygon","coordinates":[[[-75.68476489,5.73147481],[-75.68512917,5.73123614],[-75.68562308,5.73140111],[-75.68578097,5.73144827],[-75.68582675,5.73146195],[-75.68588018,5.73147791],[-75.68630281,5.73151979],[-75.68657376,5.73154386],[-75.68700488,5.73158665],[-75.68745107,5.731632],[-75.68765204,5.73165234],[-75.68778645,5.73166594],[-75.68744349,5.73197896],[-75.68742103,5.73202818],[-75.68734602,5.73219937],[-75.6872897,5.7322678],[-75.68727894,5.73227544],[-75.68720655,5.73232681],[-75.68690375,5.73254166],[-75.68667011,5.73275507],[-75.68641017,5.73291482],[-75.68633675,5.73295995],[-75.68600217,5.73312689],[-75.68594961,5.73315312],[-75.68591382,5.73319332],[-75.68584271,5.73327321],[-75.68578882,5.73353854],[-75.68578436,5.73356051],[-75.68571919,5.73366846],[-75.68555293,5.73386059],[-75.68555228,5.73391236],[-75.68554858,5.73420743],[-75.68527115,5.73523276],[-75.68526631,5.73523536],[-75.68523048,5.73524807],[-75.685206,5.7352531],[-75.68517633,5.73525966],[-75.68517552,5.73519526],[-75.6851694,5.73513719],[-75.68516127,5.73510071],[-75.6851486,5.7350751],[-75.68503824,5.73481049],[-75.68495479,5.73463373],[-75.68494357,5.73460582],[-75.6848539,5.73441437],[-75.684818,5.73434948],[-75.68480142,5.7343023],[-75.68476693,5.73423328],[-75.68472856,5.73415169],[-75.68470198,5.73408135],[-75.68461602,5.73390393],[-75.68458149,5.73377686],[-75.6845787,5.7337313],[-75.68457798,5.7336266],[-75.6845733,5.73356164],[-75.68456284,5.73348601],[-75.68454392,5.73340427],[-75.684529,5.7333646],[-75.6845105,5.73333406],[-75.68449326,5.73330842],[-75.68443553,5.73323779],[-75.68436811,5.73313505],[-75.68430941,5.73303407],[-75.68430241,5.7330001],[-75.68429694,5.73296514],[-75.68428919,5.73289048],[-75.68429093,5.73282815],[-75.68429482,5.73266519],[-75.68430596,5.73256788],[-75.68430947,5.73249873],[-75.68431954,5.73243136],[-75.68437231,5.73238372],[-75.68441136,5.73236892],[-75.68446964,5.73234425],[-75.68454778,5.73230473],[-75.68458872,5.73227878],[-75.68463278,5.73224724],[-75.68466884,5.73219088],[-75.68468133,5.73214686],[-75.68468703,5.73209724],[-75.68467758,5.731908],[-75.68466792,5.73180312],[-75.68467627,5.73167845],[-75.68468226,5.73163347],[-75.68476489,5.73147481]]]}},{"type":"Feature","properties":{"Proyecto":"Tamesis la Oculta","Municipio":"Tamesis","sector":"R","Matricula":null,"terreno_co":"057890002000000010154000000000","Propietari":null,"ABS":null,"Area_Total":0,"Area_Req":0,"Area_Rem":0,"AreaSobran":0,"Shape_Leng":0,"Shape_Area":613208.184765},"geometry":{"type":"Polygon","coordinates":[[[-75.68181113,5.73710963],[-75.68148654,5.73700725],[-75.68144803,5.73700059],[-75.68145188,5.73695382],[-75.68139451,5.73681169],[-75.68139451,5.73645005],[-75.6814212,5.73559902],[-75.68149156,5.73501278],[-75.68151751,5.73427525],[-75.68158838,5.7334855],[-75.68163559,5.73245065],[-75.68167899,5.73161254],[-75.68180893,5.73067209],[-75.68187913,5.73019353],[-75.68192602,5.72933817],[-75.68196075,5.72885882],[-75.68196525,5.72879669],[-75.68208025,5.72720411],[-75.68211412,5.72720517],[-75.68213524,5.72721201],[-75.68216833,5.72722483],[-75.68219335,5.7272315],[-75.68221718,5.72724083],[-75.68247929,5.7273135],[-75.68255775,5.72732294],[-75.6826312,5.72733651],[-75.68285301,5.72735241],[-75.68291678,5.72735339],[-75.68296268,5.72736171],[-75.68300893,5.72737783],[-75.68304739,5.72739431],[-75.68323884,5.72745719],[-75.68330795,5.72747582],[-75.6834495,5.72751398],[-75.68362377,5.72754248],[-75.68367432,5.72753886],[-75.68375024,5.72752105],[-75.68379236,5.72750349],[-75.68383819,5.72748186],[-75.68396529,5.72741742],[-75.68403637,5.72737899],[-75.6840851,5.72736083],[-75.68422435,5.72730892],[-75.68422589,5.72725622],[-75.68423969,5.72678622],[-75.68425185,5.72637169],[-75.68425395,5.72629991],[-75.68428144,5.7256054],[-75.68428887,5.7254979],[-75.68432716,5.72550096],[-75.68437895,5.72549598],[-75.68445363,5.72547954],[-75.68449492,5.72547244],[-75.68454394,5.72546368],[-75.68477435,5.7254401],[-75.68480842,5.72543955],[-75.68486272,5.72543866],[-75.68490696,5.72543924],[-75.68494761,5.7254465],[-75.68498324,5.7254579],[-75.68501443,5.7254932],[-75.68505181,5.72553552],[-75.68508314,5.72556665],[-75.68510509,5.7255917],[-75.68512138,5.72560659],[-75.68526174,5.72569004],[-75.68530475,5.72572064],[-75.68534682,5.72575909],[-75.68539969,5.72580617],[-75.68545415,5.72585969],[-75.68550596,5.72591203],[-75.68557776,5.72597518],[-75.68565918,5.72603606],[-75.68575011,5.72610406],[-75.68577136,5.72611335],[-75.68579307,5.72612285],[-75.68583371,5.72614062],[-75.68589353,5.72616914],[-75.68596226,5.72619335],[-75.68602963,5.72621632],[-75.68620059,5.72622933],[-75.68635525,5.72622412],[-75.68641614,5.72622207],[-75.68648516,5.72622412],[-75.68655076,5.72623675],[-75.68660728,5.72624979],[-75.68682674,5.72629966],[-75.68711682,5.72638668],[-75.68727026,5.72641483],[-75.68732229,5.72641505],[-75.68737013,5.72640895],[-75.68742516,5.7263895],[-75.68748361,5.72635947],[-75.68753823,5.72633091],[-75.68759426,5.7263049],[-75.68761704,5.72629256],[-75.68778336,5.72620245],[-75.68789667,5.72614907],[-75.68797848,5.72611797],[-75.68804637,5.72609532],[-75.68813356,5.72609653],[-75.68822961,5.7261208],[-75.6882771,5.72613556],[-75.68833131,5.72615522],[-75.68839503,5.72618356],[-75.68845338,5.72620825],[-75.68853137,5.72623594],[-75.68864352,5.72626553],[-75.68874594,5.72629255],[-75.68882222,5.7263112],[-75.68886767,5.72631754],[-75.6888785,5.72631904],[-75.68893136,5.72633747],[-75.68909264,5.72636655],[-75.68910007,5.72636715],[-75.68919719,5.72637488],[-75.68932106,5.72638475],[-75.68935209,5.72638073],[-75.68937397,5.72637582],[-75.68940854,5.72636381],[-75.68942889,5.72635376],[-75.68947212,5.72633224],[-75.68949748,5.72631805],[-75.68951654,5.72630806],[-75.68956986,5.72627957],[-75.68962813,5.72624564],[-75.68967372,5.7262188],[-75.68980183,5.7261478],[-75.68985833,5.72610353],[-75.68990333,5.72606369],[-75.68991811,5.72604904],[-75.68996803,5.72599951],[-75.6900234,5.72593054],[-75.69006056,5.72588976],[-75.69010415,5.72587604],[-75.69016798,5.72587832],[-75.69023487,5.72589089],[-75.69035994,5.72592424],[-75.69042366,5.72595259],[-75.6906152,5.72600829],[-75.69066749,5.72602349],[-75.69075279,5.72604042],[-75.69086783,5.72605339],[-75.69087319,5.72605374],[-75.69095,5.72605875],[-75.69102092,5.72607374],[-75.69119938,5.72613721],[-75.69125236,5.72615823],[-75.69144044,5.72623299],[-75.69146642,5.726242],[-75.69159637,5.72628707],[-75.69167897,5.72633018],[-75.6917477,5.72638305],[-75.69183067,5.72646262],[-75.69185545,5.72649275],[-75.69188832,5.72652902],[-75.69193948,5.72659571],[-75.69202062,5.7266923],[-75.69208381,5.72673761],[-75.69213998,5.72677151],[-75.6921929,5.72679123],[-75.69227059,5.72678376],[-75.69230976,5.72677588],[-75.69232084,5.72677364],[-75.69230733,5.72687387],[-75.69218918,5.72714111],[-75.6920824,5.72737818],[-75.6920535,5.72744462],[-75.69200989,5.72757498],[-75.69201039,5.72775292],[-75.69202109,5.7279954],[-75.69202273,5.72804541],[-75.69195009,5.72811961],[-75.69170234,5.72825029],[-75.69149771,5.72832894],[-75.69135106,5.72839732],[-75.69125307,5.72845532],[-75.69105119,5.72860521],[-75.69100552,5.72863522],[-75.69090225,5.72867873],[-75.69086255,5.72870452],[-75.69082809,5.72872876],[-75.69077163,5.72876524],[-75.69072624,5.72878692],[-75.69068694,5.72881255],[-75.69064749,5.72883279],[-75.69057887,5.72888681],[-75.69054638,5.72892358],[-75.69051219,5.72896525],[-75.69047497,5.72900322],[-75.69044224,5.72903013],[-75.6904185,5.72905247],[-75.69039364,5.7290814],[-75.69035866,5.72911284],[-75.69031198,5.72913052],[-75.69026274,5.72915079],[-75.69020312,5.72916647],[-75.69007687,5.72917256],[-75.69003395,5.72916379],[-75.68998234,5.72914911],[-75.68992996,5.72913538],[-75.68992719,5.72913458],[-75.68982747,5.7290976],[-75.68965885,5.72907255],[-75.68952858,5.72908766],[-75.68941123,5.72915217],[-75.68931582,5.72930518],[-75.68930545,5.72933883],[-75.68928161,5.72938874],[-75.68924728,5.72943476],[-75.68921672,5.72948086],[-75.68918449,5.72952674],[-75.68914378,5.72957967],[-75.68911758,5.72960903],[-75.68903736,5.72967986],[-75.68893148,5.72972895],[-75.68880685,5.72973217],[-75.68869654,5.72973392],[-75.68846444,5.72972883],[-75.68827687,5.72976523],[-75.68816788,5.72981169],[-75.68789742,5.72995271],[-75.68775105,5.73002976],[-75.68763746,5.73006941],[-75.68759076,5.73008372],[-75.68756905,5.73008862],[-75.68750913,5.73008801],[-75.68749128,5.73008585],[-75.68737398,5.73007923],[-75.68725465,5.73005988],[-75.68719895,5.73006259],[-75.68716212,5.7300709],[-75.68711397,5.7300931],[-75.68704929,5.73013655],[-75.68701469,5.73016787],[-75.68680264,5.73039449],[-75.68676348,5.73044112],[-75.68672075,5.73050384],[-75.68670714,5.73051506],[-75.68669375,5.73053124],[-75.68668383,5.73053444],[-75.6866815,5.73053519],[-75.6866619,5.73054008],[-75.68663851,5.73053985],[-75.68658072,5.73053514],[-75.68633615,5.73045517],[-75.68613825,5.73038542],[-75.68595331,5.73033858],[-75.68582081,5.73035412],[-75.68569482,5.73042749],[-75.68553336,5.73062398],[-75.68547626,5.73072623],[-75.68546862,5.73071587],[-75.68504437,5.73014007],[-75.68497834,5.73014892],[-75.68484388,5.73016694],[-75.68456216,5.73017969],[-75.68425429,5.73023317],[-75.68420121,5.73003362],[-75.68397487,5.73004171],[-75.6837329,5.73009405],[-75.68367847,5.73009564],[-75.68351619,5.7299569],[-75.68327094,5.72973289],[-75.68309503,5.72966833],[-75.68294199,5.7295884],[-75.68291286,5.73010317],[-75.68292945,5.73056997],[-75.68296856,5.73089321],[-75.68296963,5.73133018],[-75.68296973,5.73137087],[-75.68304723,5.7319314],[-75.68330517,5.73203139],[-75.68345937,5.7320746],[-75.68354528,5.73209868],[-75.68427833,5.73230411],[-75.68421676,5.73237764],[-75.6841887,5.73264837],[-75.68420062,5.7328977],[-75.68423787,5.73306266],[-75.68429722,5.73318028],[-75.68440554,5.73333389],[-75.68444377,5.73338219],[-75.68446221,5.73341924],[-75.68446936,5.73345968],[-75.68447085,5.73358471],[-75.68447131,5.73374914],[-75.68453149,5.73392236],[-75.68466366,5.73422394],[-75.68476127,5.73440344],[-75.68476293,5.73440713],[-75.68478673,5.73441931],[-75.68477421,5.7344351],[-75.68479347,5.73448651],[-75.68480176,5.73450445],[-75.68498573,5.73491868],[-75.68504804,5.73505993],[-75.68509119,5.73515261],[-75.6850941,5.73516051],[-75.68510932,5.73525987],[-75.68508301,5.73525787],[-75.68507941,5.7352576],[-75.68504557,5.73525719],[-75.68494721,5.73526755],[-75.68491718,5.73527935],[-75.6848917,5.73529094],[-75.68481042,5.73533374],[-75.68478335,5.73533889],[-75.68474403,5.73534655],[-75.68466856,5.73535977],[-75.68463768,5.73536705],[-75.68459863,5.73538056],[-75.68456863,5.735393],[-75.68454578,5.73540512],[-75.6845264,5.73542229],[-75.68447669,5.73548709],[-75.68445378,5.73551224],[-75.68442605,5.73553175],[-75.6843973,5.73554283],[-75.6843753,5.73554514],[-75.68435589,5.73554734],[-75.68426616,5.73553321],[-75.68422938,5.73553945],[-75.68419661,5.73554811],[-75.68415777,5.73556617],[-75.68412816,5.73558707],[-75.68410543,5.73561612],[-75.68409151,5.73565323],[-75.68408265,5.73571551],[-75.68407053,5.73584893],[-75.68406163,5.7358819],[-75.68405379,5.73590962],[-75.68403676,5.73596381],[-75.68401235,5.73602745],[-75.68399874,5.73607106],[-75.68398648,5.73611591],[-75.68397805,5.73615928],[-75.68395203,5.73632945],[-75.68393506,5.73634415],[-75.68389101,5.73640283],[-75.68388847,5.73640621],[-75.68382242,5.73649781],[-75.68374931,5.73662641],[-75.68373305,5.73665501],[-75.68367796,5.73675192],[-75.683625,5.73684553],[-75.68358361,5.73690735],[-75.6835461,5.73694033],[-75.6835159,5.73696255],[-75.68344193,5.7369946],[-75.68336206,5.73701128],[-75.68333882,5.73701495],[-75.68328367,5.7370318],[-75.68323253,5.73703113],[-75.6832173,5.73703093],[-75.68317146,5.73702391],[-75.68310397,5.73699834],[-75.68304143,5.73696734],[-75.68298957,5.73694236],[-75.68295807,5.73693598],[-75.68293064,5.73693333],[-75.68287872,5.73693571],[-75.68283625,5.73694547],[-75.6827913,5.73695794],[-75.68267859,5.73702433],[-75.68262438,5.73706198],[-75.68260793,5.73707185],[-75.68258999,5.73707788],[-75.68255018,5.73708882],[-75.68248281,5.73709451],[-75.68238648,5.73709241],[-75.68220886,5.73710445],[-75.6821514,5.73709926],[-75.6820996,5.73710424],[-75.6820143,5.73711596],[-75.68196257,5.73712006],[-75.68195308,5.73712081],[-75.68193656,5.73712212],[-75.68190742,5.73711958],[-75.68189738,5.7371187],[-75.68181113,5.73710963]]]}},{"type":"Feature","properties":{"Proyecto":"Tamesis la Oculta","Municipio":"Tamesis","sector":"R","Matricula":null,"terreno_co":"057890002000000010048000000000","Propietari":null,"ABS":null,"Area_Total":0,"Area_Req":0,"Area_Rem":0,"AreaSobran":0,"Shape_Leng":0,"Shape_Area":31519.7343675},"geometry":{"type":"Polygon","coordinates":[[[-75.68333232,5.7373394],[-75.68310397,5.73699834],[-75.68317146,5.73702391],[-75.6832173,5.73703093],[-75.68323253,5.73703113],[-75.68328367,5.7370318],[-75.68333882,5.73701495],[-75.68336206,5.73701128],[-75.68344193,5.7369946],[-75.6835159,5.73696255],[-75.6835461,5.73694033],[-75.68358361,5.73690735],[-75.683625,5.73684553],[-75.68367796,5.73675192],[-75.68373305,5.73665501],[-75.68374931,5.73662641],[-75.68382242,5.73649781],[-75.68388847,5.73640621],[-75.68389101,5.73640283],[-75.68393506,5.73634415],[-75.68395203,5.73632945],[-75.68397805,5.73615928],[-75.68398648,5.73611591],[-75.68399874,5.73607106],[-75.68401235,5.73602745],[-75.68403676,5.73596381],[-75.68405379,5.73590962],[-75.68406163,5.7358819],[-75.68407053,5.73584893],[-75.68408265,5.73571551],[-75.68409151,5.73565323],[-75.68410543,5.73561612],[-75.68412816,5.73558707],[-75.68415777,5.73556617],[-75.68419661,5.73554811],[-75.68422938,5.73553945],[-75.68426616,5.73553321],[-75.68435589,5.73554734],[-75.6843753,5.73554514],[-75.6843973,5.73554283],[-75.68442605,5.73553175],[-75.68445378,5.73551224],[-75.68447669,5.73548709],[-75.6845264,5.73542229],[-75.68454578,5.73540512],[-75.68456863,5.735393],[-75.68459863,5.73538056],[-75.68463768,5.73536705],[-75.68466856,5.73535977],[-75.68474403,5.73534655],[-75.68478335,5.73533889],[-75.68481042,5.73533374],[-75.6848917,5.73529094],[-75.68491718,5.73527935],[-75.68494721,5.73526755],[-75.68504557,5.73525719],[-75.68507941,5.7352576],[-75.68508301,5.73525788],[-75.68509711,5.73525899],[-75.68510932,5.73525987],[-75.68511072,5.73526906],[-75.6850821,5.73539257],[-75.68505471,5.73549854],[-75.68504748,5.73555749],[-75.68504754,5.73556272],[-75.68504765,5.73557368],[-75.68504865,5.73557949],[-75.68504818,5.73561773],[-75.68504904,5.73564821],[-75.68504998,5.73567961],[-75.68505166,5.7357029],[-75.6850527,5.73571745],[-75.68505452,5.73573137],[-75.68506738,5.73577907],[-75.68509132,5.7358566],[-75.68510353,5.73588644],[-75.68514175,5.73607072],[-75.6851606,5.73626764],[-75.68515686,5.73638342],[-75.6851452,5.73656383],[-75.68514381,5.73659106],[-75.68513961,5.7366178],[-75.68513578,5.7366424],[-75.68513507,5.73664701],[-75.68512876,5.73666612],[-75.68511824,5.73669799],[-75.6851057,5.73673547],[-75.68507805,5.73676742],[-75.68506128,5.7367794],[-75.68500935,5.73679841],[-75.68492651,5.73681734],[-75.68481901,5.73683757],[-75.6847493,5.73686694],[-75.68468034,5.73689598],[-75.6846143,5.73693746],[-75.68456485,5.7369981],[-75.68453261,5.73705086],[-75.684505,5.73709766],[-75.68449608,5.7371224],[-75.68449008,5.73713371],[-75.68438781,5.73730637],[-75.68432491,5.7374038],[-75.68426407,5.73753309],[-75.68424453,5.73756478],[-75.6842402,5.73757453],[-75.68420314,5.73762881],[-75.68416868,5.7376728],[-75.68411808,5.73772307],[-75.68410583,5.73773734],[-75.68401232,5.73783894],[-75.68396249,5.73789679],[-75.68391627,5.73792365],[-75.68387068,5.73795426],[-75.6838558,5.73794088],[-75.68385487,5.73793981],[-75.68379117,5.73786662],[-75.68333232,5.7373394]]]}},{"type":"Feature","properties":{"Proyecto":"Tamesis la Oculta","Municipio":"Tamesis","sector":"R","Matricula":null,"terreno_co":"057890002000000010047000000000","Propietari":null,"ABS":null,"Area_Total":0,"Area_Req":0,"Area_Rem":0,"AreaSobran":0,"Shape_Leng":0,"Shape_Area":21378.5104392},"geometry":{"type":"Polygon","coordinates":[[[-75.68284069,5.73859047],[-75.68275293,5.73843503],[-75.68258325,5.73817356],[-75.68218811,5.73775852],[-75.6819396,5.73726773],[-75.68190742,5.73711958],[-75.68193656,5.73712212],[-75.68195308,5.73712081],[-75.68196257,5.73712006],[-75.6820143,5.73711596],[-75.6820996,5.73710424],[-75.6821514,5.73709926],[-75.68220886,5.73710445],[-75.68238648,5.73709241],[-75.68248281,5.73709451],[-75.68255018,5.73708882],[-75.68258999,5.73707788],[-75.68260793,5.73707185],[-75.68262438,5.73706198],[-75.68267859,5.73702433],[-75.6827913,5.73695794],[-75.68283625,5.73694547],[-75.68287872,5.73693571],[-75.68293064,5.73693333],[-75.68295807,5.73693598],[-75.68298957,5.73694236],[-75.68304143,5.73696734],[-75.68310397,5.73699834],[-75.68333232,5.7373394],[-75.68379117,5.73786662],[-75.68385487,5.73793981],[-75.6838558,5.73794088],[-75.68387068,5.73795426],[-75.68381145,5.73797128],[-75.68361009,5.73800529],[-75.68350327,5.73805916],[-75.68344447,5.73819486],[-75.68340938,5.73828239],[-75.68334718,5.73838404],[-75.6833114,5.73843157],[-75.68327482,5.73846768],[-75.68323297,5.73848532],[-75.68316386,5.73849012],[-75.68309477,5.73849031],[-75.68303306,5.73851323],[-75.68296318,5.73854216],[-75.68292294,5.73857991],[-75.68288964,5.73860096],[-75.68284508,5.73860537],[-75.68284069,5.73859047]]]}},{"type":"Feature","properties":{"Proyecto":"Tamesis la Oculta","Municipio":"Tamesis","sector":"R","Matricula":null,"terreno_co":"057890002000000010061000000000","Propietari":null,"ABS":null,"Area_Total":0,"Area_Req":0,"Area_Rem":0,"AreaSobran":0,"Shape_Leng":0,"Shape_Area":19891.2635301},"geometry":{"type":"Polygon","coordinates":[[[-75.68185811,5.73859782],[-75.68169792,5.73853501],[-75.68166418,5.73852178],[-75.68163762,5.73851645],[-75.68137769,5.73842481],[-75.68135249,5.73841756],[-75.68128871,5.73838423],[-75.68112405,5.73829815],[-75.68112396,5.73829811],[-75.68110018,5.73828698],[-75.68100193,5.73824513],[-75.68091854,5.73820961],[-75.68104614,5.73796621],[-75.68123762,5.73763063],[-75.68139823,5.7373584],[-75.68143057,5.73721248],[-75.68144803,5.73700059],[-75.68148654,5.73700725],[-75.68181113,5.73710963],[-75.68189738,5.7371187],[-75.68190742,5.73711958],[-75.6819396,5.73726773],[-75.68218811,5.73775852],[-75.68258325,5.73817356],[-75.68275293,5.73843503],[-75.68284069,5.73859047],[-75.68284508,5.73860537],[-75.68281899,5.73860793],[-75.68280078,5.73860975],[-75.68278329,5.73861149],[-75.6827747,5.73861233],[-75.68272648,5.73860732],[-75.68260946,5.73858634],[-75.68245963,5.73856627],[-75.68244352,5.73856551],[-75.68231074,5.73858048],[-75.68226603,5.73860462],[-75.68222885,5.7386161],[-75.68211313,5.73868139],[-75.68208536,5.73867091],[-75.68198198,5.7386379],[-75.68187876,5.73860494],[-75.68185811,5.73859782]]]}},{"type":"Feature","properties":{"Proyecto":"Tamesis la Oculta","Municipio":"Tamesis","sector":"R","Matricula":null,"terreno_co":"057890002000000010028000000000","Propietari":null,"ABS":null,"Area_Total":0,"Area_Req":0,"Area_Rem":0,"AreaSobran":0,"Shape_Leng":0,"Shape_Area":19318.99},"geometry":{"type":"Polygon","coordinates":[[[-75.68070703,5.73956469],[-75.68066775,5.73952777],[-75.68062431,5.73948262],[-75.68059119,5.73944154],[-75.68054985,5.73940462],[-75.68049814,5.73935126],[-75.6804606,5.73932433],[-75.68043496,5.73931113],[-75.6803973,5.73929684],[-75.68020718,5.73926766],[-75.68018408,5.73926583],[-75.68014058,5.73925708],[-75.67994504,5.73921228],[-75.67998624,5.73913156],[-75.68008611,5.7389359],[-75.68016686,5.73877769],[-75.68018737,5.73873723],[-75.68024496,5.73862361],[-75.68037814,5.73836089],[-75.68044167,5.7382467],[-75.68054448,5.73806194],[-75.68054504,5.73806093],[-75.68056169,5.73804835],[-75.6807043,5.73811901],[-75.68073719,5.73813104],[-75.68089485,5.73819952],[-75.68091854,5.73820961],[-75.68100193,5.73824513],[-75.68110018,5.73828698],[-75.68112396,5.73829811],[-75.68112405,5.73829815],[-75.68128871,5.73838423],[-75.68135249,5.73841756],[-75.68137769,5.73842481],[-75.68163762,5.73851645],[-75.68166418,5.73852178],[-75.68169792,5.73853501],[-75.68185811,5.73859782],[-75.68187876,5.73860494],[-75.68198198,5.7386379],[-75.68208536,5.73867091],[-75.68211313,5.73868139],[-75.68200751,5.73875987],[-75.68200645,5.73876108],[-75.68200552,5.73876226],[-75.68197656,5.73878241],[-75.68194747,5.73880274],[-75.68193061,5.7388119],[-75.68191208,5.73882506],[-75.68190981,5.73882691],[-75.68190846,5.73882667],[-75.68189362,5.738824],[-75.68185981,5.73881598],[-75.68184692,5.73881293],[-75.6818285,5.73880856],[-75.6818261,5.73880799],[-75.68182276,5.73880752],[-75.68179299,5.73880853],[-75.68171538,5.73882507],[-75.68158108,5.73886583],[-75.68152551,5.73889438],[-75.68151038,5.73891057],[-75.68149011,5.73893854],[-75.68145098,5.73901748],[-75.68143797,5.73907933],[-75.68142377,5.73919166],[-75.68141828,5.73929387],[-75.68141237,5.73934675],[-75.68138673,5.73940295],[-75.68135841,5.73945115],[-75.68131775,5.73949305],[-75.68125009,5.739528],[-75.6811945,5.7395426],[-75.68109984,5.73954759],[-75.68105232,5.73954635],[-75.68101905,5.73954955],[-75.68101055,5.73955123],[-75.68095803,5.73956159],[-75.68091676,5.73956351],[-75.68086651,5.73956889],[-75.68074005,5.73962071],[-75.68070703,5.73956469]]]}},{"type":"Feature","properties":{"Proyecto":"Tamesis la Oculta","Municipio":"Tamesis","sector":"R","Matricula":null,"terreno_co":"057890002000000010138000000000","Propietari":null,"ABS":null,"Area_Total":0,"Area_Req":0,"Area_Rem":0,"AreaSobran":0,"Shape_Leng":0,"Shape_Area":568593.29},"geometry":{"type":"Polygon","coordinates":[[[-75.67884195,5.74826452],[-75.67878848,5.74821674],[-75.67873114,5.74817159],[-75.67864783,5.74812268],[-75.67858016,5.74808538],[-75.67830454,5.74798429],[-75.67822651,5.74795225],[-75.67802983,5.74781432],[-75.67793272,5.74773366],[-75.67782295,5.74759459],[-75.6777036,5.74748156],[-75.67761431,5.747408],[-75.6775941,5.74738992],[-75.67759008,5.74738356],[-75.677581,5.7473692],[-75.67757115,5.74734782],[-75.67749998,5.74726506],[-75.67746719,5.74720287],[-75.67743312,5.74714329],[-75.6774017,5.74709279],[-75.67737164,5.74705397],[-75.67733903,5.74702427],[-75.67720906,5.74698213],[-75.67713245,5.74697217],[-75.67707661,5.74696209],[-75.677035,5.74694608],[-75.67699336,5.74692293],[-75.67696533,5.74689905],[-75.67689198,5.74677666],[-75.67686372,5.7467125],[-75.67685868,5.746702],[-75.67684009,5.74666325],[-75.67683792,5.74665897],[-75.67683346,5.74665015],[-75.67682636,5.74663614],[-75.6768262,5.74663581],[-75.676825,5.74663345],[-75.67680601,5.74660237],[-75.67676457,5.74656187],[-75.67674867,5.74655351],[-75.67674791,5.74655311],[-75.67672786,5.74654256],[-75.67672058,5.74653905],[-75.67671537,5.74653653],[-75.67667959,5.74651925],[-75.67662755,5.74648816],[-75.67659281,5.7464625],[-75.67656242,5.74643265],[-75.67652544,5.74639571],[-75.67642274,5.74632581],[-75.67641683,5.74632179],[-75.67638222,5.74631091],[-75.6763417,5.74630715],[-75.67629657,5.7463019],[-75.67626761,5.7462902],[-75.67624526,5.74627419],[-75.67621046,5.74624739],[-75.67617448,5.74623146],[-75.67614805,5.74622846],[-75.67613564,5.74622706],[-75.67605353,5.74622072],[-75.67600564,5.74621731],[-75.67592706,5.74621366],[-75.67588722,5.74620019],[-75.67584465,5.74617718],[-75.67576031,5.74608787],[-75.67572899,5.74605067],[-75.67570006,5.74601562],[-75.67568211,5.74598461],[-75.67567758,5.74596926],[-75.67567399,5.74595711],[-75.67566682,5.74585388],[-75.67566347,5.74580738],[-75.6756557,5.74576336],[-75.67561379,5.74564643],[-75.67554591,5.7455091],[-75.67552807,5.74545646],[-75.67551101,5.74539638],[-75.67550384,5.74537172],[-75.67548996,5.74532397],[-75.6754786,5.74527614],[-75.67545593,5.74522942],[-75.67544073,5.74519657],[-75.67543043,5.74515893],[-75.67542649,5.74509994],[-75.67542957,5.7450662],[-75.67543546,5.74500163],[-75.67545701,5.74486915],[-75.67548776,5.74472713],[-75.6755008,5.74467871],[-75.67550432,5.74465692],[-75.67550612,5.7446352],[-75.67550078,5.74458254],[-75.67549374,5.7445419],[-75.67548961,5.74450283],[-75.67550044,5.74442291],[-75.67549508,5.74441788],[-75.6754747,5.74438357],[-75.67545962,5.74435299],[-75.67543856,5.74430449],[-75.67542167,5.74427172],[-75.6754004,5.74424257],[-75.675374,5.74422505],[-75.67534094,5.74421069],[-75.67531284,5.74419325],[-75.67529427,5.74417308],[-75.67526944,5.74410483],[-75.67526512,5.74407374],[-75.67525929,5.74403475],[-75.67524944,5.74400677],[-75.67523303,5.74398422],[-75.6751997,5.74396418],[-75.67519684,5.743963],[-75.67508031,5.74391467],[-75.67505631,5.74389988],[-75.67503515,5.743873],[-75.67501051,5.74383263],[-75.67498014,5.7437675],[-75.67496614,5.74373573],[-75.67496399,5.74372774],[-75.67495648,5.74369977],[-75.67494193,5.74365665],[-75.67492325,5.7436342],[-75.67490109,5.74362217],[-75.67487868,5.74361713],[-75.67485515,5.74361184],[-75.67481439,5.74360478],[-75.67480617,5.74358694],[-75.67492862,5.74201254],[-75.67495159,5.74169962],[-75.67495573,5.74166925],[-75.67496099,5.7416307],[-75.67497004,5.74156437],[-75.67497519,5.74152664],[-75.67498362,5.74146581],[-75.67502386,5.74117549],[-75.67502403,5.74116351],[-75.67502559,5.74105647],[-75.67502686,5.74103536],[-75.67505636,5.74074518],[-75.67506133,5.74069626],[-75.67513057,5.74032364],[-75.67524188,5.73941474],[-75.67524045,5.73916952],[-75.67526726,5.73902027],[-75.67525015,5.73902],[-75.67528092,5.73892881],[-75.6753233,5.73862645],[-75.67534844,5.7384157],[-75.67536889,5.73824426],[-75.67537165,5.73822241],[-75.67537705,5.73817938],[-75.67539507,5.73803582],[-75.67541805,5.73789369],[-75.67544164,5.73774778],[-75.67545611,5.73765574],[-75.67545661,5.73764504],[-75.67546938,5.73737173],[-75.67547389,5.73732536],[-75.67549006,5.73719439],[-75.67551986,5.73695312],[-75.67556394,5.73677017],[-75.67557274,5.73673367],[-75.67557317,5.73672957],[-75.67559534,5.73652126],[-75.67559802,5.73649608],[-75.67559916,5.73648537],[-75.67561999,5.7363128],[-75.6756442,5.73611226],[-75.67567758,5.7358338],[-75.67569032,5.73575088],[-75.67571478,5.73559178],[-75.67571471,5.73558323],[-75.67571042,5.73509249],[-75.67573361,5.73510573],[-75.6757511,5.73511514],[-75.67576851,5.73512285],[-75.67579275,5.7351308],[-75.67581281,5.7351344],[-75.67583092,5.73513297],[-75.67585044,5.73512521],[-75.67586693,5.73511361],[-75.67588326,5.7350986],[-75.67590667,5.73506505],[-75.67591952,5.73504851],[-75.67595258,5.73502701],[-75.67597305,5.73501523],[-75.67599299,5.7350046],[-75.67601356,5.73499509],[-75.67601633,5.73499417],[-75.6760337,5.73498844],[-75.67605287,5.73498525],[-75.67607157,5.73498436],[-75.67608005,5.7349832],[-75.67618705,5.73495021],[-75.67620993,5.7349476],[-75.67623995,5.73494585],[-75.67626997,5.7349441],[-75.67631419,5.73494668],[-75.67636065,5.73496237],[-75.67636668,5.73496783],[-75.67638225,5.73498191],[-75.67639465,5.7350038],[-75.67641499,5.73504419],[-75.67644004,5.7350795],[-75.6764579,5.73509306],[-75.67647583,5.73510402],[-75.67649959,5.7351158],[-75.67651892,5.73512353],[-75.67655119,5.73513424],[-75.67659953,5.7351526],[-75.67671128,5.73520866],[-75.6767564,5.73524846],[-75.6767885,5.73528788],[-75.6768193,5.73532727],[-75.67687128,5.7353777],[-75.67691059,5.73541538],[-75.67695144,5.73544526],[-75.67698164,5.73545983],[-75.67701718,5.73546999],[-75.67708574,5.73551046],[-75.67714783,5.73557162],[-75.67717898,5.73559862],[-75.67719883,5.73561094],[-75.67723058,5.73561707],[-75.67726203,5.73561079],[-75.67729715,5.73559027],[-75.67733386,5.73555934],[-75.67735326,5.73554163],[-75.67737196,5.73552585],[-75.67740728,5.73549815],[-75.67743698,5.73548465],[-75.67744879,5.73548173],[-75.67746712,5.73547899],[-75.6775212,5.73547858],[-75.67757734,5.73547497],[-75.67764887,5.73547964],[-75.67771876,5.735496],[-75.67791289,5.73558771],[-75.67792167,5.73559278],[-75.67799365,5.7356344],[-75.67792942,5.7359221],[-75.67787664,5.73616832],[-75.67782832,5.73637405],[-75.67780832,5.7364592],[-75.67775645,5.73667624],[-75.67768833,5.7369326],[-75.67763485,5.73709114],[-75.67760649,5.73717525],[-75.67752935,5.73738086],[-75.67749738,5.73755514],[-75.67743403,5.73780014],[-75.67734954,5.73807104],[-75.6773141,5.73818678],[-75.67729282,5.73830208],[-75.67724829,5.73840965],[-75.67720923,5.73846961],[-75.6770375,5.73868786],[-75.67700111,5.73876802],[-75.67687549,5.73904473],[-75.67677607,5.73926035],[-75.67675254,5.73931137],[-75.67673362,5.73935781],[-75.67659096,5.73976679],[-75.67656972,5.73982622],[-75.67644009,5.74021671],[-75.67641198,5.74030138],[-75.67637294,5.74041898],[-75.67674302,5.7404938],[-75.67680176,5.74050568],[-75.67714532,5.74058928],[-75.67740986,5.74065691],[-75.67761564,5.74070589],[-75.67791692,5.74076413],[-75.67817835,5.74082645],[-75.67820809,5.74083448],[-75.67844279,5.74088902],[-75.67846762,5.74089479],[-75.679448,5.74107151],[-75.6792478,5.74009969],[-75.67921907,5.73963848],[-75.67924981,5.73927989],[-75.67934196,5.73904911],[-75.67934717,5.7390478],[-75.67939092,5.73904626],[-75.67944861,5.73905277],[-75.67962838,5.73911624],[-75.67988996,5.73919967],[-75.67994504,5.73921228],[-75.68014058,5.73925708],[-75.68018408,5.73926583],[-75.68020718,5.73926766],[-75.6803973,5.73929684],[-75.68043496,5.73931113],[-75.6804606,5.73932433],[-75.68049814,5.73935126],[-75.68054985,5.73940462],[-75.68059119,5.73944154],[-75.68062431,5.73948262],[-75.68066775,5.73952777],[-75.68070703,5.73956469],[-75.68074005,5.73962071],[-75.68069218,5.73965101],[-75.68065483,5.73970571],[-75.6806622,5.73986822],[-75.6804381,5.73999083],[-75.68023181,5.74012447],[-75.68043163,5.74073773],[-75.6804681,5.74084966],[-75.6805562,5.74103277],[-75.68104785,5.74101172],[-75.68105042,5.74104408],[-75.68105721,5.74112927],[-75.68107812,5.74132806],[-75.68107614,5.7413504],[-75.68106989,5.7414212],[-75.68106086,5.74144674],[-75.68103451,5.7414972],[-75.68101783,5.74152],[-75.68099686,5.74154555],[-75.68095665,5.74159457],[-75.68090696,5.74167055],[-75.68089617,5.7416908],[-75.68086873,5.74178559],[-75.68086759,5.74184627],[-75.68087345,5.74186864],[-75.68090229,5.74193837],[-75.68098885,5.74207399],[-75.68104722,5.74218776],[-75.68107873,5.74224918],[-75.68108822,5.74231809],[-75.68108524,5.74234565],[-75.68105829,5.74240674],[-75.68099195,5.74249261],[-75.68092935,5.74254021],[-75.68082995,5.74262533],[-75.68071808,5.74276226],[-75.68067467,5.7428348],[-75.68062879,5.74294795],[-75.68056214,5.74315737],[-75.68050676,5.74335798],[-75.68048118,5.74342713],[-75.68045966,5.74350901],[-75.68045711,5.74358963],[-75.68046331,5.74364379],[-75.68048657,5.74371448],[-75.68051286,5.74375891],[-75.68052268,5.74376967],[-75.68059388,5.74383817],[-75.68065704,5.74388035],[-75.68073391,5.74392241],[-75.68081284,5.74397002],[-75.68084721,5.74399978],[-75.68086188,5.74402063],[-75.68087016,5.74404817],[-75.68087415,5.74406146],[-75.68087629,5.74407076],[-75.68087992,5.74411633],[-75.68087673,5.74417191],[-75.68084542,5.74423807],[-75.68081184,5.74427419],[-75.68073235,5.74432608],[-75.68069779,5.74434865],[-75.68068085,5.74435925],[-75.68035768,5.74457877],[-75.68005782,5.74483519],[-75.68001182,5.7448944],[-75.67995724,5.74501869],[-75.67995618,5.74506557],[-75.6799705,5.74514388],[-75.68000472,5.7452206],[-75.68002476,5.74525582],[-75.68013031,5.74542957],[-75.68021707,5.74559425],[-75.68025546,5.74572118],[-75.68027714,5.74595011],[-75.68027316,5.74603329],[-75.68024213,5.74628263],[-75.68021778,5.74638582],[-75.68017844,5.74649183],[-75.68015635,5.74653247],[-75.680079,5.74669503],[-75.68001915,5.74682081],[-75.68000174,5.74685391],[-75.67995251,5.74693041],[-75.67990248,5.74699003],[-75.67988161,5.7470053],[-75.67980755,5.74703789],[-75.6796677,5.74708217],[-75.67958937,5.74712557],[-75.67955103,5.74715251],[-75.67945507,5.74723841],[-75.67941738,5.74729435],[-75.67936902,5.74739131],[-75.67933989,5.74747646],[-75.67933582,5.7475446],[-75.67933024,5.74759318],[-75.67933016,5.74759689],[-75.67933057,5.74759931],[-75.67933573,5.74766522],[-75.67933954,5.74769007],[-75.67935872,5.74778565],[-75.67937137,5.74782637],[-75.67937329,5.7478309],[-75.67943123,5.74797326],[-75.67950872,5.74806662],[-75.67951925,5.74807931],[-75.67952566,5.74809001],[-75.67952727,5.74809309],[-75.6795368,5.74811131],[-75.67954266,5.74812335],[-75.67955535,5.74815113],[-75.67955585,5.74815226],[-75.67956044,5.74816241],[-75.67956735,5.74818385],[-75.67957437,5.74820549],[-75.67958546,5.74822662],[-75.67958711,5.74823038],[-75.67958715,5.74823037],[-75.67958733,5.74823036],[-75.67965727,5.74837782],[-75.67966884,5.74839767],[-75.67968398,5.7484315],[-75.67969007,5.74845003],[-75.67969818,5.74847517],[-75.67970569,5.74849827],[-75.67971195,5.74851752],[-75.67971474,5.74852595],[-75.67971478,5.74852605],[-75.67970655,5.74852671],[-75.67969725,5.74852772],[-75.67964396,5.7485335],[-75.67949984,5.74851352],[-75.67923549,5.7484546],[-75.67912967,5.74844091],[-75.67908485,5.74843077],[-75.67899246,5.74838126],[-75.67884195,5.74826452]]]}},{"type":"Feature","properties":{"Proyecto":"Tamesis la Oculta","Municipio":"Tamesis","sector":"R","Matricula":null,"terreno_co":"057890002000000010210000000000","Propietari":null,"ABS":null,"Area_Total":0,"Area_Req":0,"Area_Rem":0,"AreaSobran":0,"Shape_Leng":0,"Shape_Area":105021.2},"geometry":{"type":"Polygon","coordinates":[[[-75.6778367,5.75028084],[-75.67777682,5.7502801],[-75.67768426,5.75031002],[-75.67754141,5.75036455],[-75.67747052,5.75037052],[-75.67744356,5.75036708],[-75.67741927,5.75035749],[-75.67732575,5.75029418],[-75.6772176,5.7501133],[-75.67716957,5.7500149],[-75.67706812,5.74993865],[-75.67697247,5.74988917],[-75.67692971,5.74986761],[-75.6768956,5.74984181],[-75.67687276,5.74980833],[-75.67685097,5.74970403],[-75.67682711,5.74958985],[-75.67681575,5.74953549],[-75.67677557,5.74928479],[-75.67676012,5.74923984],[-75.67672888,5.74918621],[-75.67669605,5.74915451],[-75.67662512,5.74911333],[-75.67652896,5.74909762],[-75.67638309,5.74909155],[-75.67633598,5.74908672],[-75.6761795,5.74906099],[-75.67610989,5.74905358],[-75.67597223,5.74904525],[-75.67596213,5.74904391],[-75.67592491,5.74903757],[-75.67584647,5.74902421],[-75.6757772,5.74899978],[-75.67573749,5.74898578],[-75.67568087,5.74895551],[-75.67565994,5.74893928],[-75.67564961,5.74893127],[-75.67562919,5.74889982],[-75.67562006,5.74887771],[-75.67561014,5.74885366],[-75.67560721,5.74881161],[-75.67564569,5.74852942],[-75.67564597,5.74852649],[-75.67564981,5.74848622],[-75.67565219,5.74846124],[-75.67567272,5.74828899],[-75.67570847,5.74809373],[-75.67572218,5.74805121],[-75.67574899,5.74800111],[-75.67579289,5.74794641],[-75.6758648,5.74788157],[-75.67598842,5.74778681],[-75.67604881,5.74773902],[-75.67607866,5.74768216],[-75.67608512,5.74765595],[-75.67608862,5.74759211],[-75.67607218,5.74752915],[-75.67603224,5.74747356],[-75.67601183,5.74745851],[-75.67592591,5.74742469],[-75.67587277,5.74741404],[-75.67567021,5.74738782],[-75.67556129,5.74737473],[-75.67547147,5.74735967],[-75.6754064,5.74731776],[-75.67539474,5.747247],[-75.67540221,5.74718575],[-75.67542518,5.74708069],[-75.6755358,5.74691682],[-75.67573584,5.7469029],[-75.67593129,5.74658003],[-75.67599254,5.74647886],[-75.67614805,5.74622846],[-75.67617448,5.74623146],[-75.67621046,5.74624739],[-75.67624526,5.74627419],[-75.67626761,5.7462902],[-75.67629657,5.7463019],[-75.6763417,5.74630715],[-75.67638222,5.74631091],[-75.67641683,5.74632179],[-75.67642274,5.74632581],[-75.67652544,5.74639571],[-75.67656242,5.74643265],[-75.67659281,5.7464625],[-75.67662755,5.74648816],[-75.67667959,5.74651925],[-75.67671537,5.74653653],[-75.67672058,5.74653905],[-75.67672786,5.74654256],[-75.67674791,5.74655311],[-75.67674867,5.74655351],[-75.67676457,5.74656187],[-75.67680601,5.74660237],[-75.676825,5.74663345],[-75.6768262,5.74663581],[-75.67682636,5.74663614],[-75.67683346,5.74665015],[-75.67683792,5.74665897],[-75.67684009,5.74666325],[-75.67685868,5.746702],[-75.67686372,5.7467125],[-75.67689198,5.74677666],[-75.67696533,5.74689905],[-75.67699336,5.74692293],[-75.677035,5.74694608],[-75.67707661,5.74696209],[-75.67713245,5.74697217],[-75.67720906,5.74698213],[-75.67733903,5.74702427],[-75.67737164,5.74705397],[-75.6774017,5.74709279],[-75.67743312,5.74714329],[-75.67746719,5.74720287],[-75.67749998,5.74726506],[-75.67757115,5.74734782],[-75.677581,5.7473692],[-75.67759008,5.74738356],[-75.6775941,5.74738992],[-75.67761431,5.747408],[-75.6777036,5.74748156],[-75.67782295,5.74759459],[-75.67793272,5.74773366],[-75.67802983,5.74781432],[-75.67822651,5.74795225],[-75.67830454,5.74798429],[-75.67858016,5.74808538],[-75.67864783,5.74812268],[-75.67873114,5.74817159],[-75.67878848,5.74821674],[-75.67884195,5.74826452],[-75.67899246,5.74838126],[-75.67908485,5.74843077],[-75.67912967,5.74844091],[-75.67923549,5.7484546],[-75.67949984,5.74851352],[-75.67964396,5.7485335],[-75.67969725,5.74852771],[-75.67970655,5.74852671],[-75.67971467,5.74852606],[-75.67971478,5.74852605],[-75.67971667,5.74853176],[-75.67972252,5.74853396],[-75.67972504,5.74855095],[-75.67972189,5.74858541],[-75.67971744,5.74862084],[-75.67971314,5.74863488],[-75.67970565,5.74865368],[-75.67969437,5.74868155],[-75.67966431,5.7487212],[-75.67965133,5.74873822],[-75.6796253,5.74876379],[-75.67960145,5.74878673],[-75.67957785,5.74880191],[-75.67956979,5.7488071],[-75.67943682,5.74885908],[-75.6791476,5.74898508],[-75.67907479,5.74904137],[-75.6789881,5.74915423],[-75.67891819,5.74932361],[-75.67877945,5.74955019],[-75.67866776,5.74969794],[-75.6784776,5.75000939],[-75.67838869,5.75010922],[-75.67827683,5.75029994],[-75.67825326,5.75034013],[-75.67819624,5.75040877],[-75.67816167,5.75042699],[-75.67812729,5.75042995],[-75.67810305,5.75042379],[-75.67803579,5.75038517],[-75.67794056,5.75030903],[-75.67789599,5.75028664],[-75.67787737,5.75028482],[-75.6778367,5.75028084]]]}},{"type":"Feature","properties":{"Proyecto":"Tamesis la Oculta","Municipio":"Tamesis","sector":"R","Matricula":null,"terreno_co":"057890002000000010213000000000","Propietari":null,"ABS":null,"Area_Total":0,"Area_Req":0,"Area_Rem":0,"AreaSobran":0,"Shape_Leng":0,"Shape_Area":71284.14},"geometry":{"type":"Polygon","coordinates":[[[-75.67734922,5.75200427],[-75.67731739,5.75199666],[-75.67715344,5.75202683],[-75.67714522,5.75202617],[-75.67709243,5.75202198],[-75.67703009,5.75200934],[-75.67699649,5.75199785],[-75.6768806,5.75195821],[-75.67668047,5.75190087],[-75.67657654,5.75187547],[-75.67629087,5.75185903],[-75.67628185,5.75185949],[-75.67612656,5.75182939],[-75.67600819,5.75179727],[-75.6764973,5.7505329],[-75.67654421,5.75043736],[-75.67676953,5.74976234],[-75.6767956,5.74974368],[-75.67681972,5.74979138],[-75.67685352,5.74985864],[-75.67689315,5.74989306],[-75.67693715,5.74991454],[-75.67695461,5.74991986],[-75.67702851,5.74996102],[-75.67707244,5.74999731],[-75.67712987,5.75003924],[-75.67717017,5.7501061],[-75.67724126,5.75025131],[-75.67731799,5.75036781],[-75.67741176,5.75042686],[-75.67751492,5.7504304],[-75.677639,5.75039752],[-75.67775728,5.75034362],[-75.67785465,5.75032421],[-75.67787584,5.75032562],[-75.67790641,5.75033619],[-75.6779396,5.75035613],[-75.67797971,5.75038638],[-75.67803206,5.75043403],[-75.67809993,5.75046977],[-75.67817456,5.75047255],[-75.67824603,5.75041555],[-75.67834716,5.75028971],[-75.67852011,5.75001887],[-75.67853136,5.75000126],[-75.67875705,5.74963093],[-75.67885845,5.74951114],[-75.67890012,5.74947036],[-75.67893818,5.74941884],[-75.67896068,5.7493542],[-75.67900702,5.74927395],[-75.67904267,5.74921525],[-75.67907595,5.74916135],[-75.67911518,5.74910025],[-75.67915441,5.74904154],[-75.67919372,5.74900675],[-75.67923905,5.74899587],[-75.67926416,5.74900775],[-75.67926065,5.74903168],[-75.67920357,5.74911316],[-75.67914419,5.74922573],[-75.67908007,5.74935267],[-75.67905293,5.74946635],[-75.67902943,5.74960393],[-75.67899749,5.74970806],[-75.67899123,5.7497228],[-75.67897042,5.74978249],[-75.67896439,5.74982654],[-75.67896506,5.74985633],[-75.67897402,5.74990232],[-75.67898975,5.7499305],[-75.67907368,5.75005464],[-75.6791733,5.75024569],[-75.67922141,5.75037231],[-75.67924802,5.75049421],[-75.67926189,5.75058152],[-75.67926676,5.7506105],[-75.67927646,5.75066828],[-75.6792817,5.75085603],[-75.67926573,5.75103456],[-75.67923508,5.7511234],[-75.67917653,5.75122793],[-75.67913302,5.75138112],[-75.67910706,5.75148014],[-75.67909082,5.75154207],[-75.67907381,5.75164092],[-75.67907377,5.75164123],[-75.67906726,5.75169062],[-75.67904139,5.75175965],[-75.67901981,5.75180893],[-75.67897389,5.7518445],[-75.67897028,5.7518466],[-75.67897015,5.75184668],[-75.67896403,5.75185025],[-75.6789655,5.75185219],[-75.67896574,5.75185229],[-75.6789627,5.75185614],[-75.67885724,5.75194839],[-75.67880356,5.75198061],[-75.67874623,5.75201853],[-75.67872621,5.75203973],[-75.67867119,5.75209405],[-75.6785716,5.75218311],[-75.6785237,5.75222381],[-75.67845711,5.75228038],[-75.67829006,5.75247001],[-75.67828244,5.7524903],[-75.67827468,5.75251285],[-75.67824691,5.75254415],[-75.67819575,5.75258709],[-75.67814432,5.75262004],[-75.6781347,5.75260892],[-75.67808434,5.75255067],[-75.67805925,5.75252458],[-75.678024,5.75248709],[-75.67799794,5.75246645],[-75.67798292,5.75244964],[-75.67795233,5.75243097],[-75.67792436,5.75241814],[-75.67785744,5.75239838],[-75.67775616,5.75238531],[-75.67759965,5.75235436],[-75.67755209,5.75231759],[-75.67750303,5.7522464],[-75.67744401,5.75213303],[-75.67743091,5.75211102],[-75.6774204,5.75208833],[-75.67741362,5.7520773],[-75.67740011,5.75205531],[-75.67738704,5.75203915],[-75.67737984,5.75202814],[-75.67734922,5.75200427]]]}},{"type":"Feature","properties":{"Proyecto":"Tamesis la Oculta","Municipio":"Tamesis","sector":"R","Matricula":null,"terreno_co":"057890002000000010211000000000","Propietari":null,"ABS":null,"Area_Total":0,"Area_Req":0,"Area_Rem":0,"AreaSobran":0,"Shape_Leng":0,"Shape_Area":156505.99},"geometry":{"type":"MultiPolygon","coordinates":[[[[-75.67422351,5.75279113],[-75.67439419,5.75252915],[-75.67442927,5.75247047],[-75.67446416,5.75241213],[-75.67451549,5.75232627],[-75.6746336,5.75214462],[-75.67476729,5.75192095],[-75.67478361,5.75189365],[-75.67483543,5.75182168],[-75.67486081,5.75178642],[-75.67515561,5.75131672],[-75.67517999,5.75135786],[-75.67522263,5.75141366],[-75.67529705,5.75148956],[-75.67536629,5.75153494],[-75.6754088,5.75155269],[-75.67553975,5.75160216],[-75.67561547,5.7516327],[-75.67566613,5.75165642],[-75.67585267,5.75174377],[-75.67594681,5.75178062],[-75.67600819,5.75179727],[-75.67612656,5.75182939],[-75.67628185,5.75185949],[-75.67629087,5.75185903],[-75.67657654,5.75187547],[-75.67668047,5.75190087],[-75.6768806,5.75195821],[-75.67699649,5.75199785],[-75.67703009,5.75200934],[-75.67709243,5.75202198],[-75.67714522,5.75202617],[-75.67715344,5.75202683],[-75.67731739,5.75199666],[-75.67734922,5.75200427],[-75.67737984,5.75202814],[-75.67738704,5.75203915],[-75.67740011,5.75205531],[-75.67741362,5.7520773],[-75.6774204,5.75208833],[-75.67743091,5.75211102],[-75.67744401,5.75213303],[-75.67750303,5.7522464],[-75.67755209,5.75231759],[-75.67759965,5.75235436],[-75.67775616,5.75238531],[-75.67785744,5.75239838],[-75.67792436,5.75241814],[-75.67795233,5.75243097],[-75.67798292,5.75244964],[-75.67799794,5.75246645],[-75.678024,5.75248709],[-75.67805925,5.75252458],[-75.67808434,5.75255067],[-75.67813471,5.75260892],[-75.67814432,5.75262004],[-75.6780699,5.75266773],[-75.67803221,5.75267872],[-75.67799088,5.75267862],[-75.67761402,5.75266411],[-75.67714489,5.75269412],[-75.6768873,5.75279888],[-75.67665138,5.75296816],[-75.67644062,5.75316965],[-75.67626226,5.75342844],[-75.67609476,5.75373026],[-75.67597341,5.75388486],[-75.67586276,5.7540215],[-75.6757311,5.75433398],[-75.67558532,5.75471825],[-75.67545018,5.7549166],[-75.67536473,5.75485484],[-75.67518934,5.75471435],[-75.67501194,5.75455221],[-75.67479029,5.75438487],[-75.67461987,5.75427172],[-75.67458788,5.75425158],[-75.67457089,5.75423992],[-75.67442256,5.75413811],[-75.67437295,5.75409245],[-75.67422017,5.75395187],[-75.67397302,5.75375029],[-75.67395433,5.75373645],[-75.67383109,5.75364522],[-75.67373132,5.7535688],[-75.67370481,5.7535457],[-75.67369774,5.75354005],[-75.6737559,5.75345738],[-75.67387117,5.75329351],[-75.67388138,5.75327809],[-75.67389775,5.75325337],[-75.67394544,5.75318133],[-75.67398442,5.75312246],[-75.67402146,5.75306652],[-75.67405307,5.75302343],[-75.67407094,5.75299908],[-75.67422351,5.75279113]]],[[[-75.67736347,5.7527258],[-75.67764636,5.75269989],[-75.67793653,5.7527206],[-75.67810485,5.75271296],[-75.67817906,5.75266121],[-75.6782153,5.75270432],[-75.67825463,5.75277491],[-75.67826135,5.75281711],[-75.67825508,5.75285548],[-75.67823648,5.75289327],[-75.67820615,5.75292073],[-75.67817512,5.7529432],[-75.67816997,5.75294692],[-75.67812928,5.75297834],[-75.67804351,5.7530672],[-75.67799157,5.7531747],[-75.67797447,5.75324757],[-75.67796963,5.75330867],[-75.67797258,5.75337233],[-75.67798074,5.75343725],[-75.6779979,5.75349043],[-75.67802944,5.75356043],[-75.67811225,5.75373792],[-75.67815158,5.75382223],[-75.67824555,5.75415046],[-75.6782496,5.75417206],[-75.67825626,5.75420758],[-75.67825812,5.75423309],[-75.67826329,5.7543037],[-75.67825637,5.75445577],[-75.67823629,5.75457674],[-75.67821083,5.75466265],[-75.67811798,5.75499064],[-75.678098,5.7552175],[-75.67793325,5.75536974],[-75.67789865,5.75540189],[-75.67767218,5.75566135],[-75.67760411,5.75573934],[-75.67760303,5.75574058],[-75.6775316,5.75582241],[-75.67723249,5.75616508],[-75.67701076,5.75599004],[-75.6757154,5.75509903],[-75.67567058,5.7550682],[-75.67564025,5.75504733],[-75.67550353,5.75499259],[-75.6755575,5.75490688],[-75.67557556,5.75487281],[-75.67562175,5.75479839],[-75.67566875,5.75471493],[-75.67569374,5.75466107],[-75.67573324,5.75456877],[-75.67578025,5.75447026],[-75.67582034,5.75437653],[-75.67588266,5.75426417],[-75.67590954,5.75419154],[-75.67596186,5.75405985],[-75.67607274,5.753961],[-75.67609209,5.75391363],[-75.67613863,5.75385571],[-75.67622699,5.75362585],[-75.67636955,5.75337074],[-75.67655515,5.75314062],[-75.67682309,5.75289234],[-75.67704846,5.75279126],[-75.67736347,5.7527258]]]]}},{"type":"Feature","properties":{"Proyecto":"Tamesis la Oculta","Municipio":"Tamesis","sector":"R","Matricula":null,"terreno_co":"057890002000000010031000000000","Propietari":null,"ABS":null,"Area_Total":0,"Area_Req":0,"Area_Rem":0,"AreaSobran":0,"Shape_Leng":0,"Shape_Area":120201.38},"geometry":{"type":"Polygon","coordinates":[[[-75.6748184,5.75975487],[-75.67499299,5.75925919],[-75.67501472,5.7592019],[-75.67505243,5.75911181],[-75.67506802,5.75906808],[-75.67508564,5.75900219],[-75.67508939,5.75898814],[-75.67510072,5.75888237],[-75.67511312,5.7588418],[-75.6751232,5.75880882],[-75.67513544,5.75876874],[-75.67513956,5.75875791],[-75.67512804,5.75869228],[-75.6751278,5.75866545],[-75.67514245,5.75863316],[-75.67515484,5.7585521],[-75.6751732,5.75850191],[-75.67518721,5.75847874],[-75.6752317,5.75841857],[-75.67530005,5.75835165],[-75.67535078,5.75830347],[-75.67541868,5.75825323],[-75.67546864,5.75822542],[-75.6755485,5.758191],[-75.67564219,5.75815795],[-75.67570806,5.75812707],[-75.67577033,5.75808593],[-75.67580657,5.75804942],[-75.67583727,5.7579982],[-75.67586899,5.75783843],[-75.6759406,5.75786078],[-75.67600251,5.75787727],[-75.67632714,5.75795523],[-75.67652986,5.75800967],[-75.67660495,5.75789742],[-75.67677641,5.75788152],[-75.67702364,5.75791312],[-75.67721006,5.75797358],[-75.6773572,5.75807362],[-75.67749768,5.75822315],[-75.67764249,5.75837596],[-75.67774551,5.75849525],[-75.67945875,5.75890818],[-75.67958386,5.7589298],[-75.679953,5.7589936],[-75.6801801,5.75903285],[-75.68012859,5.76045427],[-75.67875187,5.76072627],[-75.67818402,5.76060629],[-75.67797742,5.76055341],[-75.6777604,5.76049786],[-75.67738357,5.7604014],[-75.67730126,5.76038033],[-75.67728714,5.76037672],[-75.6771991,5.76035418],[-75.67661518,5.76020471],[-75.67645432,5.76016354],[-75.67606606,5.76006415],[-75.67578267,5.76000522],[-75.67568917,5.75998578],[-75.67486018,5.75981341],[-75.67483128,5.7597888],[-75.6748184,5.75975487]],[[-75.67915569,5.75911763],[-75.67905084,5.75911099],[-75.67869626,5.75911557],[-75.67842048,5.75912352],[-75.67844639,5.75942121],[-75.6785539,5.75944243],[-75.67873663,5.75946344],[-75.67885486,5.75947387],[-75.6790874,5.75945983],[-75.67915569,5.75911763]]]}},{"type":"Feature","properties":{"Proyecto":"Tamesis la Oculta","Municipio":"Tamesis","sector":"R","Matricula":null,"terreno_co":"057890002000000010032000000000","Propietari":null,"ABS":null,"Area_Total":0,"Area_Req":0,"Area_Rem":0,"AreaSobran":0,"Shape_Leng":0,"Shape_Area":7716.69},"geometry":{"type":"Polygon","coordinates":[[[-75.67473111,5.75993356],[-75.6748184,5.75975487],[-75.67483128,5.7597888],[-75.67486018,5.75981341],[-75.67568917,5.75998578],[-75.67543485,5.76044163],[-75.67516359,5.76064466],[-75.67492577,5.76066532],[-75.67476371,5.76068172],[-75.67466713,5.76070557],[-75.67466233,5.76045626],[-75.6746623,5.76045297],[-75.67466096,5.76032757],[-75.67465537,5.76024687],[-75.67467194,5.76021772],[-75.6746849,5.76012195],[-75.674692,5.76007182],[-75.67470535,5.7600247],[-75.67472118,5.75996866],[-75.67473111,5.75993356]]]}},{"type":"Feature","properties":{"Proyecto":"Tamesis la Oculta","Municipio":"Tamesis","sector":"R","Matricula":null,"terreno_co":"057890002000000010113000000000","Propietari":null,"ABS":null,"Area_Total":0,"Area_Req":0,"Area_Rem":0,"AreaSobran":0,"Shape_Leng":0,"Shape_Area":87474.23},"geometry":{"type":"Polygon","coordinates":[[[-75.67148243,5.76679748],[-75.67183457,5.76667743],[-75.67187686,5.76666332],[-75.67210417,5.76657352],[-75.6721838,5.76654758],[-75.67224681,5.76652706],[-75.67253126,5.76643441],[-75.67291043,5.7662927],[-75.67311427,5.76621807],[-75.67340593,5.76610363],[-75.67358166,5.76604277],[-75.67548314,5.76530981],[-75.67574982,5.76562016],[-75.67578295,5.76567749],[-75.67594879,5.76596455],[-75.67617958,5.76628096],[-75.67624268,5.76636721],[-75.67632177,5.76645162],[-75.67632281,5.76645273],[-75.67633779,5.76646608],[-75.67634733,5.7664746],[-75.67640704,5.76650315],[-75.67648767,5.76654406],[-75.67654052,5.76657243],[-75.67659751,5.76662738],[-75.67661471,5.76664474],[-75.67667227,5.76670056],[-75.67670331,5.76674479],[-75.67674342,5.76681989],[-75.67676539,5.76686959],[-75.6767931,5.7669018],[-75.67676442,5.76691017],[-75.67621838,5.76709191],[-75.67570805,5.76729803],[-75.67567021,5.76731331],[-75.67538691,5.76706656],[-75.67524728,5.76708847],[-75.67510039,5.76707454],[-75.67496411,5.76701393],[-75.67476678,5.7668961],[-75.67435529,5.76704793],[-75.67409535,5.76681221],[-75.67405911,5.76680468],[-75.67395839,5.76678374],[-75.67391352,5.76678435],[-75.67386573,5.76679256],[-75.6738143,5.76680612],[-75.67374744,5.76683605],[-75.67356986,5.76691239],[-75.6735137,5.7669496],[-75.67340621,5.76701973],[-75.67337391,5.76703913],[-75.67337118,5.76704078],[-75.67332408,5.76707379],[-75.67327816,5.76710598],[-75.67323606,5.76713204],[-75.67319794,5.7671493],[-75.67316247,5.76716354],[-75.67312319,5.7671803],[-75.6730682,5.76720036],[-75.67301058,5.76722096],[-75.6729927,5.76722473],[-75.67297403,5.76723035],[-75.67293774,5.76724427],[-75.67291026,5.76725404],[-75.67285372,5.76727792],[-75.67284049,5.76728351],[-75.67279051,5.76731091],[-75.67278457,5.767315],[-75.6727571,5.76734299],[-75.67273635,5.76737502],[-75.67273166,5.76739378],[-75.67271075,5.76747747],[-75.67270555,5.76749828],[-75.67270066,5.76753845],[-75.67269832,5.76756034],[-75.67269708,5.76757385],[-75.67269555,5.76759041],[-75.6726878,5.76762803],[-75.67267665,5.76765406],[-75.67265001,5.76769369],[-75.67258698,5.76774542],[-75.67253599,5.76777107],[-75.67229259,5.76780257],[-75.67224988,5.76781505],[-75.67219253,5.76784017],[-75.67213093,5.76787006],[-75.67211655,5.76787696],[-75.67200593,5.76792997],[-75.67197054,5.76795923],[-75.67193478,5.76799759],[-75.6719196,5.7680166],[-75.67189992,5.76804654],[-75.67184647,5.76812784],[-75.67182983,5.76816354],[-75.67182595,5.76817187],[-75.67180868,5.76820892],[-75.6717723,5.7683606],[-75.67176349,5.76839159],[-75.67175579,5.76841867],[-75.67174038,5.76845438],[-75.67169761,5.76855351],[-75.67168849,5.76856655],[-75.67168841,5.76856665],[-75.67168175,5.76857619],[-75.67164206,5.76860933],[-75.67160208,5.76863605],[-75.67159837,5.76862941],[-75.67151124,5.7685167],[-75.67137108,5.76833277],[-75.67135251,5.76830938],[-75.67124719,5.7681684],[-75.67117088,5.76806626],[-75.67115216,5.76804016],[-75.67097726,5.7678193],[-75.67075337,5.76751883],[-75.6705301,5.7672292],[-75.67049129,5.76715353],[-75.67050656,5.76714823],[-75.67066909,5.76709185],[-75.67067589,5.76708956],[-75.67067685,5.76708924],[-75.6708926,5.7670167],[-75.6709248,5.76700587],[-75.67096234,5.76699325],[-75.67124051,5.76688992],[-75.67127262,5.76687647],[-75.67142778,5.76681805],[-75.67148243,5.76679748]]]}},{"type":"Feature","properties":{"Proyecto":"Tamesis la Oculta","Municipio":"Tamesis","sector":"R","Matricula":null,"terreno_co":"057890002000000010057000000000","Propietari":null,"ABS":null,"Area_Total":0,"Area_Req":0,"Area_Rem":0,"AreaSobran":0,"Shape_Leng":0,"Shape_Area":49523.63},"geometry":{"type":"Polygon","coordinates":[[[-75.67405462,5.76831068],[-75.67393723,5.76810092],[-75.67385412,5.76796315],[-75.67385634,5.76796231],[-75.67378339,5.76780691],[-75.67363793,5.7675515],[-75.6734191,5.7672515],[-75.67339515,5.76721752],[-75.67332408,5.76707379],[-75.67337118,5.76704078],[-75.67337391,5.76703913],[-75.67340621,5.76701973],[-75.6735137,5.7669496],[-75.67356986,5.76691239],[-75.67374744,5.76683605],[-75.6738143,5.76680612],[-75.67386573,5.76679256],[-75.67391352,5.76678435],[-75.67395839,5.76678374],[-75.67405911,5.76680468],[-75.67409535,5.76681221],[-75.67435529,5.76704793],[-75.67476678,5.7668961],[-75.67496411,5.76701393],[-75.67510039,5.76707454],[-75.67524728,5.76708847],[-75.67538691,5.76706656],[-75.67567021,5.76731331],[-75.67570805,5.76729803],[-75.67621838,5.76709191],[-75.67676442,5.76691017],[-75.6767931,5.7669018],[-75.67683987,5.76710636],[-75.67691118,5.76734379],[-75.67697046,5.76749544],[-75.6770152,5.76764342],[-75.67705501,5.76770748],[-75.67706792,5.76771617],[-75.67704971,5.76772352],[-75.67579616,5.76822931],[-75.67566699,5.76814717],[-75.67555596,5.76815107],[-75.67533409,5.76822344],[-75.67469431,5.76856733],[-75.67469404,5.76856747],[-75.67433245,5.76876183],[-75.6743059,5.7687192],[-75.67424427,5.76860613],[-75.67422118,5.76856534],[-75.67405462,5.76831068]]]}},{"type":"Feature","properties":{"Proyecto":"Tamesis la Oculta","Municipio":"Tamesis","sector":"R","Matricula":null,"terreno_co":"057890002000000010024000000000","Propietari":null,"ABS":null,"Area_Total":0,"Area_Req":0,"Area_Rem":0,"AreaSobran":0,"Shape_Leng":0,"Shape_Area":35.4007915773},"geometry":{"type":"Polygon","coordinates":[[[-75.66629402,5.772213],[-75.666274,5.7720473],[-75.66626422,5.7719664],[-75.66607578,5.77101746],[-75.6660404,5.77083931],[-75.66606715,5.77083229],[-75.66608667,5.77082572],[-75.66612211,5.77081276],[-75.66616444,5.77079396],[-75.66618747,5.77078536],[-75.66620668,5.77077336],[-75.6662278,5.77076306],[-75.66624923,5.77075817],[-75.66625874,5.77075762],[-75.66626907,5.77075701],[-75.66629273,5.77075925],[-75.6663166,5.7707651],[-75.66634238,5.77077265],[-75.66636624,5.7707785],[-75.66638661,5.77078637],[-75.66640508,5.77079254],[-75.66641791,5.77079541],[-75.66643112,5.7707892],[-75.66645378,5.77078968],[-75.66647367,5.77078942],[-75.66649346,5.77078736],[-75.66653558,5.77078036],[-75.66655053,5.77077759],[-75.66655707,5.77077638],[-75.66658035,5.77077228],[-75.66659845,5.77077213],[-75.66661765,5.77077554],[-75.66663993,5.77078511],[-75.66666046,5.77079569],[-75.66667626,5.77080291],[-75.66669806,5.77080436],[-75.66672363,5.77080829],[-75.66674189,5.77081085],[-75.6667822,5.77081937],[-75.66680341,5.77082627],[-75.66682203,5.77083515],[-75.66684163,5.7708504],[-75.66685996,5.77086465],[-75.66687618,5.77087911],[-75.66689241,5.77089357],[-75.66691231,5.77090872],[-75.66693097,5.7709185],[-75.66694943,5.77092467],[-75.66697039,5.77092706],[-75.66699532,5.77093557],[-75.66701733,5.77094062],[-75.66703409,5.77094871],[-75.66705277,5.77095849],[-75.66706783,5.77096848],[-75.6670822,5.77098214],[-75.66709493,5.77099861],[-75.66710495,5.77101525],[-75.66711508,5.77103368],[-75.6671243,5.77105218],[-75.66713178,5.77107168],[-75.66713825,5.77108943],[-75.66714662,5.77110888],[-75.66715755,5.77112546],[-75.66717462,5.77113896],[-75.66719053,5.77114799],[-75.66723085,5.7711565],[-75.66725277,5.77115975],[-75.66727043,5.77116778],[-75.66728364,5.77117697],[-75.66729095,5.77119377],[-75.66729121,5.77121369],[-75.66728701,5.77123478],[-75.6672808,5.77125237],[-75.66727193,5.77127101],[-75.66726021,5.77128711],[-75.66725129,5.77130485],[-75.66724179,5.77132807],[-75.66723584,5.77135017],[-75.66723541,5.77137376],[-75.66724018,5.77139343],[-75.66723954,5.77141341],[-75.66724165,5.77143412],[-75.66724663,5.7714574],[-75.66725135,5.77147615],[-75.66725243,5.77147908],[-75.66725888,5.77149656],[-75.66726726,5.77151601],[-75.66728009,5.77153429],[-75.66729266,5.77154805],[-75.66730878,5.7715607],[-75.66732666,5.77157235],[-75.66734719,5.77158292],[-75.66736776,5.77159441],[-75.66736814,5.77159454],[-75.66738808,5.77160137],[-75.66740574,5.7716094],[-75.66742494,5.77161281],[-75.66744956,5.77161589],[-75.66746138,5.77161688],[-75.66746866,5.77161749],[-75.66748871,5.77161994],[-75.66751253,5.77162489],[-75.66755322,5.77163972],[-75.66756998,5.7716478],[-75.66759061,5.77166019],[-75.66760954,5.77167449],[-75.66762577,5.77168895],[-75.66764025,5.77170441],[-75.66765743,5.77171972],[-75.66767441,5.77173141],[-75.66767873,5.77173401],[-75.66770606,5.77174874],[-75.66771085,5.77175103],[-75.66773005,5.77175443],[-75.66774909,5.77175513],[-75.66776915,5.77175758],[-75.66779397,5.77176428],[-75.66781715,5.77177379],[-75.66783492,5.77178363],[-75.66785184,5.77179442],[-75.66786632,5.77180988],[-75.66787454,5.77182663],[-75.66789807,5.77185222],[-75.66800447,5.77190956],[-75.6680125,5.77191098],[-75.66803255,5.77191343],[-75.6680517,5.77191593],[-75.66806969,5.77191397],[-75.66809027,5.77191004],[-75.66811456,5.77190772],[-75.66813716,5.77190729],[-75.66815716,5.77190884],[-75.66818469,5.77191538],[-75.66820225,5.7719216],[-75.66822548,5.77193203],[-75.66824086,5.77194744],[-75.66826526,5.77196741],[-75.66828839,5.77198634],[-75.66831888,5.77201265],[-75.66833586,5.77202435],[-75.6683583,5.77203663],[-75.668375,5.7720438],[-75.66839251,5.77204912],[-75.66840847,5.77205906],[-75.66842693,5.77206523],[-75.66844518,5.77206779],[-75.66844979,5.77206752],[-75.66846503,5.77206662],[-75.66846819,5.77206644],[-75.66848396,5.77206551],[-75.66850534,5.77205973],[-75.66854259,5.77203125],[-75.66855686,5.77201229],[-75.66856939,5.77199433],[-75.66857926,5.77197744],[-75.66859258,5.77195763],[-75.66860516,5.77194057],[-75.66861508,5.77192459],[-75.66862119,5.77190519],[-75.66862565,5.77188861],[-75.668623,5.77187427],[-75.66861022,5.77185689],[-75.66859389,5.77184062],[-75.66857787,5.77182978],[-75.66856264,5.77181708],[-75.66854822,5.77180251],[-75.66853644,5.77178689],[-75.66852908,5.7717692],[-75.66852967,5.77174832],[-75.66853392,5.77172813],[-75.66854013,5.77171055],[-75.66855536,5.77169243],[-75.6685691,5.77167984],[-75.66858179,5.77166459],[-75.66859176,5.77164951],[-75.66860173,5.77163442],[-75.66860509,5.77161429],[-75.66860392,5.77159442],[-75.66859089,5.77152629],[-75.66859154,5.77150632],[-75.66859589,5.77148793],[-75.66860151,5.77146041],[-75.66861113,5.77143901],[-75.66862185,5.77142115],[-75.668648,5.7713888],[-75.66865867,5.77137005],[-75.66866663,5.77135146],[-75.66867285,5.77133387],[-75.66867514,5.77131108],[-75.66866957,5.77129327],[-75.66865668,5.77127409],[-75.66864391,5.77125671],[-75.66863523,5.77124582],[-75.66863218,5.77124199],[-75.66862211,5.77122446],[-75.66861263,5.77118604],[-75.66861242,5.77116702],[-75.66861263,5.77115522],[-75.66862282,5.77114375],[-75.66863958,5.77113642],[-75.66865768,5.77113626],[-75.66866042,5.7711372],[-75.66867799,5.77114323],[-75.66869391,5.77115227],[-75.66871278,5.77116566],[-75.66872541,5.77118033],[-75.66873713,5.77119505],[-75.668748,5.77121073],[-75.66876348,5.77122795],[-75.66878061,5.77124235],[-75.66882162,5.77126261],[-75.66884061,5.7712624],[-75.66885568,5.77125699],[-75.66887027,5.77124343],[-75.66888269,5.77122368],[-75.6688916,5.77120593],[-75.66890838,5.77116778],[-75.66891549,5.77115014],[-75.66892515,5.77112964],[-75.66893715,5.77111806],[-75.66894426,5.77110042],[-75.6689579,5.77108603],[-75.66897525,5.77107322],[-75.66899271,5.77106223],[-75.66901127,5.7710548],[-75.6690327,5.77104992],[-75.66905074,5.77104886],[-75.66905778,5.77104877],[-75.66907063,5.7710486],[-75.66908884,5.77105025],[-75.66910803,5.77105366],[-75.6691292,5.77105967],[-75.66914777,5.77106764],[-75.66916829,5.77107821],[-75.66918431,5.77108907],[-75.66919773,5.77110187],[-75.66921045,5.77111835],[-75.66922042,5.77113408],[-75.66923045,5.77115071],[-75.66923978,5.77117101],[-75.6692508,5.77118939],[-75.66926512,5.77120215],[-75.66928273,5.77120927],[-75.66930179,5.77120997],[-75.66933314,5.77120451],[-75.66935085,5.77119803],[-75.66936943,5.77119059],[-75.66938619,5.77118327],[-75.66940747,5.77117567],[-75.66942529,5.771171],[-75.66944593,5.77116798],[-75.66946768,5.77116852],[-75.66948667,5.77116831],[-75.66950465,5.77116635],[-75.66952243,5.77116078],[-75.669541,5.77115334],[-75.66955659,5.77114155],[-75.6695704,5.77112986],[-75.66958308,5.77111461],[-75.6695982,5.77109469],[-75.66961258,5.77107753],[-75.66961655,5.7710739],[-75.66962633,5.77106495],[-75.66964378,5.77105395],[-75.66965753,5.77104137],[-75.66967509,5.77103218],[-75.6696927,5.7710239],[-75.6697084,5.77101391],[-75.66972416,5.77100483],[-75.66974331,5.77099192],[-75.66975982,5.77098007],[-75.66977727,5.77096908],[-75.66979394,5.77095994],[-75.66981505,5.77094965],[-75.66983171,5.77094051],[-75.66985304,5.77093382],[-75.66987097,5.77093096],[-75.66989081,5.77092979],[-75.66991081,5.77093134],[-75.66993097,5.7709356],[-75.66994863,5.77094362],[-75.6699664,5.77095346],[-75.6699857,5.77095867],[-75.67000587,5.77096293],[-75.67002592,5.77096537],[-75.67004767,5.77096592],[-75.6700657,5.77096486],[-75.67008369,5.7709629],[-75.67010247,5.77095907],[-75.67012465,5.77095143],[-75.67014502,5.77094389],[-75.67016703,5.77093353],[-75.6701872,5.77092238],[-75.67020566,5.77091314],[-75.67022307,5.77090124],[-75.67023962,5.7708903],[-75.67025543,5.77088212],[-75.67026807,5.77086597],[-75.67027502,5.77084562],[-75.67027927,5.77082544],[-75.67028372,5.77080886],[-75.67029726,5.77079266],[-75.67030687,5.77078666],[-75.67031959,5.77078772],[-75.67033317,5.77080324],[-75.67034404,5.77081892],[-75.67035247,5.77082386],[-75.67036229,5.77082148],[-75.67036238,5.77082134],[-75.67036406,5.77081879],[-75.67037226,5.77080638],[-75.67038002,5.77078418],[-75.67038527,5.77076575],[-75.67039228,5.7707463],[-75.67040576,5.77072919],[-75.67042322,5.7707182],[-75.67043595,5.77070385],[-75.67044646,5.77068239],[-75.67045267,5.77066481],[-75.67046048,5.7706435],[-75.67046711,5.77061773],[-75.67047476,5.77059373],[-75.67048586,5.77055138],[-75.67049265,5.77052832],[-75.67050248,5.77049511],[-75.67051495,5.77047626],[-75.67052874,5.77046457],[-75.67054811,5.77045528],[-75.67056461,5.77044343],[-75.6705764,5.77042824],[-75.67058595,5.77040593],[-75.6705912,5.77038749],[-75.67059455,5.77036735],[-75.67059429,5.77034743],[-75.67059212,5.77032581],[-75.67058964,5.77028335],[-75.67059028,5.77026337],[-75.67059389,5.77024775],[-75.67060578,5.77023436],[-75.67061984,5.7702272],[-75.67064239,5.77022587],[-75.67066414,5.77022641],[-75.67068217,5.77022536],[-75.67069994,5.77021978],[-75.67070801,5.7702184],[-75.67071704,5.77020246],[-75.67071958,5.77018418],[-75.67071917,5.77016155],[-75.67071789,5.77013987],[-75.67071753,5.77010273],[-75.67071801,5.77008005],[-75.67072142,5.77006081],[-75.67073224,5.77004477],[-75.6707327,5.77004451],[-75.670748,5.77003569],[-75.67076599,5.77003373],[-75.67078583,5.77003256],[-75.67080562,5.77003049],[-75.67082864,5.77002189],[-75.67084435,5.77001191],[-75.67085438,5.77000341],[-75.67086159,5.7699973],[-75.67087316,5.76998193],[-75.67087587,5.76997834],[-75.6708877,5.76996405],[-75.67090537,5.76994126],[-75.67092002,5.76992862],[-75.67093731,5.76991491],[-75.67094063,5.76991322],[-75.67094139,5.76991247],[-75.67097856,5.76987548],[-75.67099491,5.76986092],[-75.67101884,5.76983686],[-75.67105237,5.76980679],[-75.67108978,5.76978103],[-75.67111148,5.76976526],[-75.67114326,5.7697362],[-75.67117733,5.76968436],[-75.67123064,5.76952805],[-75.67124321,5.76949791],[-75.67127741,5.76946691],[-75.67146874,5.76934964],[-75.67166554,5.76922555],[-75.67180475,5.76913778],[-75.67191843,5.7693417],[-75.67200291,5.76949324],[-75.6721266,5.76967357],[-75.67217801,5.76974853],[-75.67233416,5.77004847],[-75.6723401,5.77005988],[-75.67251826,5.77018024],[-75.67274424,5.77029799],[-75.67286236,5.77026896],[-75.67323794,5.77008136],[-75.67372798,5.76984321],[-75.67397503,5.76980664],[-75.67402146,5.76975987],[-75.67397825,5.76967748],[-75.6738849,5.76959882],[-75.67377356,5.76949151],[-75.67366956,5.76944516],[-75.67357617,5.76935215],[-75.67358319,5.76930191],[-75.67366931,5.76920941],[-75.67384039,5.76905365],[-75.67433245,5.76876183],[-75.67469404,5.76856747],[-75.67469431,5.76856733],[-75.67533409,5.76822344],[-75.67555596,5.76815107],[-75.67566699,5.76814717],[-75.67579616,5.76822931],[-75.6770497,5.76772351],[-75.67706792,5.76771616],[-75.67713747,5.76776297],[-75.67723553,5.76780953],[-75.67728727,5.76782337],[-75.67744591,5.76788784],[-75.67751468,5.76792932],[-75.67757037,5.76798992],[-75.67760692,5.76806541],[-75.67758282,5.7683276],[-75.67753951,5.76855158],[-75.67750769,5.76878318],[-75.67744137,5.76897853],[-75.67740397,5.76926563],[-75.67741965,5.76940718],[-75.67745454,5.76958884],[-75.67751807,5.76976278],[-75.67754394,5.77013006],[-75.6775655,5.77031209],[-75.67747928,5.77033994],[-75.67723995,5.77041154],[-75.67702233,5.77049214],[-75.6768135,5.7705695],[-75.67627436,5.77075273],[-75.67624008,5.770765],[-75.67602617,5.77084161],[-75.67598022,5.77086063],[-75.67590454,5.7708916],[-75.6755613,5.77103204],[-75.67525348,5.77115342],[-75.67519682,5.77117487],[-75.67498501,5.77126705],[-75.67492454,5.77128511],[-75.67446668,5.77144067],[-75.67443888,5.77146043],[-75.67397021,5.77163535],[-75.6734045,5.7718369],[-75.67285378,5.7720331],[-75.67193065,5.77239086],[-75.67190951,5.77239958],[-75.67101117,5.77277012],[-75.67050285,5.77297535],[-75.6704808,5.77298505],[-75.67035356,5.77304099],[-75.67034833,5.77304265],[-75.67031089,5.77305447],[-75.67019469,5.77310315],[-75.67011786,5.77313534],[-75.67007192,5.77315291],[-75.66990006,5.77322221],[-75.66988232,5.77322931],[-75.66984855,5.77324283],[-75.66966227,5.77332175],[-75.66961662,5.77334727],[-75.6694566,5.77341444],[-75.66942802,5.77342514],[-75.66920645,5.77350191],[-75.66916842,5.77351806],[-75.66910078,5.77354321],[-75.66909949,5.77354369],[-75.66900589,5.7735785],[-75.66894991,5.77360098],[-75.66893819,5.77360587],[-75.66744965,5.77421969],[-75.66732478,5.77426782],[-75.6672681,5.77429152],[-75.66706847,5.77437831],[-75.66670236,5.77453214],[-75.6666304,5.77456238],[-75.66656813,5.77407577],[-75.66656622,5.7740383],[-75.66655309,5.77392349],[-75.66653896,5.77379983],[-75.66648161,5.77345095],[-75.66643323,5.77309834],[-75.66642323,5.77304125],[-75.66640696,5.77294588],[-75.66638659,5.77282643],[-75.66635158,5.77259392],[-75.66629402,5.772213]]]}},{"type":"Feature","properties":{"Proyecto":"Puente Gabino","Municipio":"Santo Domingo","sector":"R","Matricula":null,"terreno_co":"056900004000000010063000000000","Propietari":null,"ABS":null,"Area_Total":0,"Area_Req":0,"Area_Rem":0,"AreaSobran":0,"Shape_Leng":0,"Shape_Area":392795.900546},"geometry":{"type":"Polygon","coordinates":[[[-75.20125117,6.56716535],[-75.20120272,6.5669936],[-75.20127488,6.56700434],[-75.20161172,6.56708143],[-75.20187331,6.5671413],[-75.20214032,6.56716708],[-75.2022253,6.5671808],[-75.20223311,6.56725587],[-75.2019722,6.56795194],[-75.20188149,6.56822054],[-75.20187566,6.56832742],[-75.20190737,6.56838806],[-75.20199071,6.56848158],[-75.20214169,6.5685649],[-75.20229737,6.56867511],[-75.20232075,6.56878112],[-75.20230643,6.56887804],[-75.20231201,6.56894106],[-75.20234299,6.56901323],[-75.202344,6.56909395],[-75.2023336,6.56917802],[-75.20234086,6.56932844],[-75.20236749,6.56949057],[-75.20239322,6.56960504],[-75.20242326,6.56988017],[-75.20240681,6.57003552],[-75.20235612,6.57021267],[-75.20231762,6.57029643],[-75.20225021,6.57038428],[-75.20218575,6.57043139],[-75.2020821,6.57048708],[-75.20184171,6.57059547],[-75.2016382,6.57069069],[-75.20147234,6.57077348],[-75.20135883,6.57079291],[-75.20119175,6.57080974],[-75.20108881,6.57084467],[-75.20100044,6.57086878],[-75.20093597,6.57091281],[-75.20079088,6.57099861],[-75.20064945,6.57102289],[-75.200568,6.57104622],[-75.20048959,6.57107783],[-75.20040667,6.57110133],[-75.20032326,6.57111082],[-75.20021837,6.57113959],[-75.2001612,6.57118127],[-75.20009629,6.5712061],[-75.20000253,6.57122408],[-75.19993655,6.57127888],[-75.19988409,6.57129071],[-75.19977208,6.571314],[-75.19971376,6.57134374],[-75.19947998,6.57093235],[-75.19952574,6.57090355],[-75.19960712,6.57084263],[-75.19971561,6.5707614],[-75.1999517,6.5705794],[-75.20032763,6.57033596],[-75.2007605,6.57005059],[-75.20091861,6.56994467],[-75.20109145,6.56980604],[-75.20116511,6.56969245],[-75.20121935,6.56951874],[-75.2012291,6.56931655],[-75.20122458,6.56914799],[-75.20120308,6.56865003],[-75.20119356,6.56836734],[-75.20119538,6.56800861],[-75.2011911,6.56781697],[-75.2012068,6.56772443],[-75.20123586,6.56755309],[-75.20125649,6.56743144],[-75.20126544,6.56729134],[-75.20125117,6.56716535]]]}},{"type":"Feature","properties":{"Proyecto":"Puente Gabino","Municipio":"Santa Rosa de Osos","sector":"R","Matricula":null,"terreno_co":"056860004000000020028000000000","Propietari":null,"ABS":null,"Area_Total":0,"Area_Req":0,"Area_Rem":0,"AreaSobran":0,"Shape_Leng":0,"Shape_Area":14016.8109142},"geometry":{"type":"Polygon","coordinates":[[[-75.19997549,6.57176297],[-75.19999881,6.571749],[-75.19999864,6.57174915],[-75.19999867,6.57174918],[-75.19999869,6.57174921],[-75.1999987,6.57174924],[-75.19999871,6.57174927],[-75.20002318,6.57174294],[-75.20007222,6.57173028],[-75.2000801,6.57172824],[-75.20016494,6.57170632],[-75.20016493,6.57170628],[-75.20016493,6.57170625],[-75.20016494,6.57170621],[-75.20016495,6.57170618],[-75.20016497,6.57170615],[-75.20016499,6.57170612],[-75.20016516,6.57170627],[-75.20016537,6.57170619],[-75.20017302,6.57170314],[-75.20025523,6.57167032],[-75.20025893,6.57166884],[-75.20026198,6.57166746],[-75.20026197,6.57166754],[-75.20026198,6.57166762],[-75.20026203,6.57166769],[-75.20026206,6.57166772],[-75.20026209,6.57166774],[-75.20026212,6.57166775],[-75.20026216,6.57166776],[-75.2002622,6.57166776],[-75.20026223,6.57166776],[-75.20026226,6.57166775],[-75.20026229,6.57166774],[-75.20026232,6.57166773],[-75.20026235,6.5716677],[-75.20026237,6.57166768],[-75.20026239,6.57166765],[-75.20026241,6.57166761],[-75.20026242,6.57166757],[-75.20026242,6.57166754],[-75.20026242,6.5716675],[-75.20026241,6.57166746],[-75.20026239,6.57166743],[-75.20027571,6.57165995],[-75.20029081,6.57165146],[-75.20029101,6.57165135],[-75.20029123,6.57165135],[-75.20031671,6.57165178],[-75.20032215,6.57165187],[-75.20033953,6.57165216],[-75.2003409,6.57165218],[-75.20034708,6.57165228],[-75.20035286,6.5716527],[-75.20035302,6.57165254],[-75.20035318,6.57165238],[-75.20035333,6.57165222],[-75.20035336,6.57165224],[-75.20035338,6.57165227],[-75.20035339,6.5716523],[-75.2003534,6.57165234],[-75.20040993,6.57163994],[-75.20049702,6.57162083],[-75.20055492,6.57160813],[-75.20055714,6.57160765],[-75.20055731,6.57160751],[-75.20058371,6.57158871],[-75.20059279,6.57158224],[-75.20059501,6.57158066],[-75.20060103,6.57157636],[-75.20060124,6.57157629],[-75.20070078,6.57154814],[-75.2007068,6.57154644],[-75.20070751,6.57154624],[-75.2007087,6.57154591],[-75.20070891,6.57154584],[-75.20070914,6.57154579],[-75.20072787,6.57154158],[-75.20076519,6.5715332],[-75.20077193,6.57153169],[-75.20077213,6.57153158],[-75.20078364,6.57152463],[-75.20078368,6.57152461],[-75.20078382,6.57152453],[-75.20078547,6.57152353],[-75.20078566,6.57152342],[-75.20078589,6.57152338],[-75.2007867,6.57152326],[-75.20078807,6.57152305],[-75.20087888,6.57150932],[-75.20087911,6.57150928],[-75.20087932,6.57150922],[-75.20095714,6.57148608],[-75.20095736,6.57148601],[-75.20095757,6.57148593],[-75.20096246,6.57148394],[-75.20101279,6.57146351],[-75.20101505,6.57146259],[-75.20101526,6.5714625],[-75.20101545,6.57146238],[-75.20102285,6.57145759],[-75.20104941,6.57144036],[-75.20105595,6.57143612],[-75.20105789,6.57143487],[-75.20105808,6.57143474],[-75.20105831,6.57143473],[-75.20105901,6.57143468],[-75.20106428,6.57143426],[-75.20106775,6.57143398],[-75.20107333,6.57143354],[-75.20107875,6.57143311],[-75.20107897,6.5714331],[-75.20107919,6.57143305],[-75.20108051,6.57143272],[-75.20114727,6.57141576],[-75.20115498,6.57141379],[-75.20116477,6.57141129],[-75.2011663,6.57141089],[-75.20118888,6.57140472],[-75.20121949,6.57139634],[-75.20125814,6.57138576],[-75.20125836,6.57138569],[-75.20125858,6.57138566],[-75.20136679,6.5713731],[-75.20136701,6.57137307],[-75.20136721,6.57137296],[-75.20137841,6.57136712],[-75.20151373,6.57129644],[-75.20151372,6.57129641],[-75.20151371,6.57129638],[-75.20151371,6.57129634],[-75.20151371,6.57129631],[-75.20151372,6.57129627],[-75.20151373,6.57129624],[-75.20151374,6.57129621],[-75.20151377,6.57129618],[-75.20151393,6.57129633],[-75.20151413,6.57129623],[-75.20155487,6.57127446],[-75.20157179,6.57126542],[-75.20169019,6.57120215],[-75.201755,6.57116756],[-75.20176663,6.5711613],[-75.20176701,6.57116115],[-75.20176725,6.57116105],[-75.2018202,6.57114009],[-75.20186091,6.57112397],[-75.20192668,6.57109792],[-75.2019269,6.57109784],[-75.20192706,6.57109768],[-75.20192722,6.57109752],[-75.20200509,6.57102096],[-75.20202248,6.57100387],[-75.2020234,6.57100296],[-75.20202356,6.57100279],[-75.20202373,6.57100264],[-75.20202392,6.57100252],[-75.20202449,6.57100215],[-75.20205558,6.57098187],[-75.20210297,6.57095095],[-75.20210472,6.57094981],[-75.20210491,6.57094969],[-75.20210509,6.57094955],[-75.20210567,6.57094913],[-75.20225276,6.57084204],[-75.20225294,6.5708419],[-75.20225316,6.57084182],[-75.20230134,6.57082326],[-75.20230311,6.57082258],[-75.20230333,6.5708225],[-75.20230349,6.57082235],[-75.20230403,6.57082187],[-75.20235291,6.57077894],[-75.20242769,6.57071323],[-75.20242858,6.57071245],[-75.20242875,6.5707123],[-75.20242894,6.57071217],[-75.20242943,6.57071182],[-75.20245911,6.57069011],[-75.20248216,6.57067326],[-75.20248307,6.57067259],[-75.20248325,6.57067246],[-75.20248341,6.5706723],[-75.20248377,6.57067198],[-75.2025098,6.57064869],[-75.20251057,6.57064799],[-75.20251074,6.57064784],[-75.20251089,6.57064767],[-75.20251124,6.57064727],[-75.20259068,6.57055735],[-75.20260872,6.57053693],[-75.20260932,6.57053625],[-75.20260947,6.57053608],[-75.20260962,6.57053591],[-75.20260989,6.57053561],[-75.20261687,6.57052755],[-75.20263339,6.57050852],[-75.20263428,6.57050751],[-75.20263443,6.57050734],[-75.20263462,6.57050723],[-75.20263499,6.57050706],[-75.20267661,6.5704873],[-75.20267779,6.57048674],[-75.20267799,6.57048664],[-75.20267814,6.57048647],[-75.20267843,6.57048615],[-75.20273236,6.5704243],[-75.20278249,6.57036681],[-75.20278265,6.57036665],[-75.20278276,6.57036645],[-75.20279754,6.57034112],[-75.20286258,6.57022968],[-75.20286377,6.57022764],[-75.20286389,6.57022744],[-75.20286397,6.57022723],[-75.20286415,6.57022679],[-75.20288697,6.57016943],[-75.20288706,6.57016921],[-75.20288714,6.570169],[-75.20288714,6.57016878],[-75.20288697,6.57015008],[-75.20288681,6.57013246],[-75.20288647,6.57009546],[-75.20288642,6.57009524],[-75.20288544,6.5700913],[-75.20287962,6.57006796],[-75.20287719,6.57005821],[-75.20286934,6.57002672],[-75.20286928,6.5700265],[-75.20286927,6.57002628],[-75.20286919,6.57002517],[-75.20286729,6.57000104],[-75.20286548,6.56997781],[-75.20286491,6.56997057],[-75.20286425,6.5699622],[-75.2028642,6.56996198],[-75.2028636,6.56995961],[-75.20284309,6.56987801],[-75.20283683,6.56985309],[-75.20283424,6.56984278],[-75.20283419,6.56984256],[-75.20283416,6.56984234],[-75.20283193,6.56981921],[-75.20282957,6.5697947],[-75.20282456,6.56974268],[-75.20282451,6.56974246],[-75.20282399,6.56973994],[-75.2028113,6.56967875],[-75.20280887,6.56966701],[-75.20280804,6.56966304],[-75.20280197,6.56963374],[-75.20280192,6.56963352],[-75.20280183,6.56963332],[-75.20279892,6.56962671],[-75.20279764,6.56962378],[-75.20279754,6.56962357],[-75.20279609,6.5696059],[-75.20279554,6.56959942],[-75.20279553,6.56959919],[-75.20279556,6.56959897],[-75.20279725,6.5695867],[-75.20279841,6.56957825],[-75.20279856,6.56957809],[-75.20280617,6.56956913],[-75.20280803,6.56956694],[-75.20280951,6.56956519],[-75.20280966,6.56956502],[-75.20280987,6.5695651],[-75.20282001,6.5695685],[-75.20283323,6.56957294],[-75.20283345,6.56957295],[-75.20283411,6.569573],[-75.20286345,6.56957498],[-75.20287546,6.56957579],[-75.20289168,6.56957688],[-75.20289312,6.56957684],[-75.20289497,6.56957678],[-75.20290618,6.56957643],[-75.20290741,6.56957639],[-75.2029152,6.56957615],[-75.20291543,6.56957614],[-75.20291565,6.56957619],[-75.20291683,6.56957647],[-75.20292474,6.56957833],[-75.20293235,6.56958011],[-75.20294061,6.56958205],[-75.20294082,6.5695821],[-75.20294368,6.56958288],[-75.20296326,6.56958811],[-75.20296334,6.56958813],[-75.2029658,6.5695888],[-75.20296991,6.5695899],[-75.2029703,6.56959004],[-75.202971,6.5695903],[-75.20298869,6.56959686],[-75.20298952,6.56959717],[-75.20298973,6.56959725],[-75.20298992,6.56959737],[-75.20299005,6.56959745],[-75.2029971,6.56960203],[-75.20300548,6.56960748],[-75.20301432,6.56961322],[-75.20301439,6.56961343],[-75.20301508,6.56961527],[-75.20302025,6.56962903],[-75.20303282,6.56966253],[-75.2030504,6.56970937],[-75.20305068,6.56971011],[-75.20305076,6.56971032],[-75.20305098,6.56971036],[-75.20306708,6.56971357],[-75.20307517,6.56971517],[-75.20307538,6.56971526],[-75.20307588,6.56971549],[-75.20316555,6.56975573],[-75.20316688,6.56975633],[-75.20316709,6.56975642],[-75.20316725,6.56975657],[-75.20316769,6.56975694],[-75.20318557,6.56977228],[-75.20318751,6.56977394],[-75.20318768,6.56977409],[-75.20318784,6.56977425],[-75.20318846,6.56977479],[-75.20319928,6.56978431],[-75.20320221,6.56978688],[-75.20320238,6.56978703],[-75.20320249,6.56978723],[-75.20321486,6.56981028],[-75.20321497,6.56981048],[-75.20321502,6.5698107],[-75.20321749,6.56982151],[-75.20322079,6.56983598],[-75.20322097,6.56983612],[-75.20323432,6.56984722],[-75.20324267,6.56985415],[-75.20324284,6.5698543],[-75.20324304,6.56985441],[-75.20324724,6.56985666],[-75.2032575,6.56986215],[-75.20325769,6.56986226],[-75.20326382,6.56986593],[-75.20326953,6.56986934],[-75.2032699,6.56986958],[-75.20327937,6.56987606],[-75.20328776,6.56988179],[-75.20328795,6.56988192],[-75.20328809,6.56988209],[-75.20328861,6.56988273],[-75.20329024,6.56988475],[-75.20329435,6.56988983],[-75.20329449,6.56989],[-75.20329471,6.56989006],[-75.20330616,6.56989318],[-75.20331189,6.56989475],[-75.20331208,6.56989488],[-75.20331386,6.56989613],[-75.20332072,6.56990092],[-75.20332083,6.56990112],[-75.20332678,6.56991118],[-75.20332689,6.56991137],[-75.20332701,6.56991157],[-75.20333336,6.56992213],[-75.20333388,6.56992298],[-75.20333399,6.56992317],[-75.20334285,6.56993439],[-75.20334296,6.56993458],[-75.20334325,6.5699351],[-75.20335058,6.56994813],[-75.2033509,6.56994871],[-75.20335102,6.56994891],[-75.20335117,6.56994907],[-75.20335143,6.56994935],[-75.2033579,6.56995643],[-75.20335848,6.56995706],[-75.20335863,6.56995722],[-75.20335881,6.56995736],[-75.20335888,6.56995741],[-75.20336515,6.56996206],[-75.20336547,6.56996229],[-75.20336565,6.56996243],[-75.20336585,6.56996253],[-75.20337734,6.56996819],[-75.2033779,6.56996846],[-75.2033781,6.56996856],[-75.20337828,6.5699687],[-75.2033844,6.56997314],[-75.20338504,6.5699736],[-75.20338858,6.56997617],[-75.2033888,6.5699761],[-75.20340937,6.56996916],[-75.20343531,6.5699604],[-75.20344143,6.56995834],[-75.20344134,6.56995854],[-75.20344121,6.56995882],[-75.20344097,6.56995935],[-75.20342738,6.56998887],[-75.20342735,6.56998886],[-75.20342731,6.56998885],[-75.20342728,6.56998885],[-75.20342724,6.56998886],[-75.20342721,6.56998887],[-75.20342717,6.56998888],[-75.20342714,6.5699889],[-75.20342712,6.56998892],[-75.20342729,6.56998908],[-75.20342716,6.56998927],[-75.20342065,6.5699994],[-75.20339189,6.57004421],[-75.20338149,6.57005885],[-75.20336389,6.57008436],[-75.20334056,6.5701114],[-75.20329443,6.57016489],[-75.20324467,6.57022098],[-75.20317742,6.57028281],[-75.20312407,6.57033635],[-75.20303923,6.57041972],[-75.2029766,6.57047866],[-75.20293825,6.57051706],[-75.20291059,6.57054477],[-75.20289074,6.57056665],[-75.20286661,6.57059326],[-75.20281448,6.57063002],[-75.2027819,6.57065019],[-75.20272299,6.57068535],[-75.20269697,6.57069966],[-75.20266512,6.57071739],[-75.20262942,6.57073597],[-75.2026172,6.57074233],[-75.20258185,6.57076038],[-75.20256981,6.57076653],[-75.20255547,6.57077357],[-75.20253062,6.57078731],[-75.20250436,6.57079897],[-75.20247717,6.57081385],[-75.20247077,6.57081785],[-75.20245372,6.57082852],[-75.20243601,6.57083864],[-75.20242715,6.57084465],[-75.2024177,6.57085106],[-75.20240055,6.57085984],[-75.20237595,6.57087215],[-75.20234552,6.57088322],[-75.202312,6.57090105],[-75.20228188,6.57091663],[-75.20223407,6.57094204],[-75.20220639,6.57095705],[-75.20216946,6.57097808],[-75.20213993,6.57099962],[-75.20212876,6.57100777],[-75.20210903,6.57102017],[-75.20209361,6.57102987],[-75.20206678,6.57105254],[-75.20206633,6.57105298],[-75.20206236,6.57105684],[-75.20204735,6.57107142],[-75.20200103,6.57110486],[-75.20194916,6.57114807],[-75.20191865,6.57117425],[-75.2018754,6.57120522],[-75.20185153,6.57122466],[-75.20178507,6.57127877],[-75.20172516,6.57132227],[-75.201691,6.57135017],[-75.20164109,6.57138744],[-75.20159579,6.57142247],[-75.20156158,6.57145721],[-75.20151966,6.57149097],[-75.20149019,6.57151951],[-75.2014492,6.5715495],[-75.20141846,6.57157422],[-75.20138738,6.5716],[-75.20133834,6.57163681],[-75.20131281,6.57165989],[-75.20128752,6.57167955],[-75.2012328,6.57171556],[-75.2012129,6.57173302],[-75.20118551,6.57175302],[-75.20115639,6.57177473],[-75.20113156,6.57179265],[-75.2011217,6.57179696],[-75.20109909,6.57180685],[-75.20107232,6.57183216],[-75.20106591,6.57183822],[-75.20103726,6.57186379],[-75.20102609,6.57187494],[-75.20099189,6.57190911],[-75.20095407,6.57193932],[-75.20092839,6.57195712],[-75.20091002,6.57196985],[-75.20090696,6.57197187],[-75.20090069,6.57197598],[-75.20088812,6.57198424],[-75.20088498,6.5719863],[-75.20082258,6.57202728],[-75.20074126,6.5720729],[-75.20073509,6.57207636],[-75.20067472,6.5721022],[-75.20062601,6.57212816],[-75.20062338,6.57212956],[-75.2006231,6.57212971],[-75.20061975,6.57213149],[-75.20060021,6.57214061],[-75.20057979,6.57215013],[-75.20053535,6.57218089],[-75.20048807,6.57219908],[-75.20045105,6.57221673],[-75.20041844,6.57223553],[-75.20037571,6.57225621],[-75.20033029,6.57227803],[-75.20032764,6.57227364],[-75.20027396,6.57218446],[-75.20027163,6.57218064],[-75.20023845,6.57212608],[-75.20022714,6.57210999],[-75.20021793,6.57209691],[-75.20019902,6.57206999],[-75.20017825,6.57203274],[-75.2001729,6.57202315],[-75.20015442,6.57199037],[-75.20006732,6.57187945],[-75.20004301,6.5718508],[-75.20002153,6.57182366],[-75.20000044,6.5717945],[-75.19999817,6.57179162],[-75.19997549,6.57176297]]]}},{"type":"Feature","properties":{"Proyecto":"Puente Cisneros","Municipio":"Cisneros","sector":"R","Matricula":"038-7348","terreno_co":"051900099000099990001400000000","Propietari":null,"ABS":null,"Area_Total":0,"Area_Req":335.72,"Area_Rem":0,"AreaSobran":0,"Shape_Leng":0,"Shape_Area":0},"geometry":{"type":"Polygon","coordinates":[[[-75.07795295,6.53800513],[-75.07793385,6.53800089],[-75.07787943,6.53798883],[-75.07768927,6.53794443],[-75.07735592,6.53785928],[-75.07727902,6.53784113],[-75.07719519,6.53782134],[-75.07714739,6.53781005],[-75.07699108,6.53777316],[-75.07695751,6.53776814],[-75.076916,6.53776194],[-75.07689431,6.53776023],[-75.07682087,6.53775445],[-75.0767453,6.53775398],[-75.07672051,6.53775383],[-75.07670032,6.5377537],[-75.07669441,6.53775366],[-75.07668335,6.5377536],[-75.07663342,6.53775929],[-75.07662972,6.53775972],[-75.07660287,6.53776476],[-75.07651973,6.53778037],[-75.07641928,6.53779923],[-75.07641203,6.53780323],[-75.07640445,6.5378068],[-75.07637639,6.53782003],[-75.07636569,6.53782336],[-75.07635401,6.53782699],[-75.07635118,6.53782771],[-75.07624833,6.53785392],[-75.07623055,6.53785768],[-75.07612958,6.53787394],[-75.0761015,6.53787846],[-75.07609925,6.53787883],[-75.07606132,6.53788493],[-75.0759895,6.53790148],[-75.07597893,6.53790365],[-75.07594759,6.53790708],[-75.07591578,6.53790832],[-75.07589576,6.5379091],[-75.07588223,6.53790963],[-75.07584895,6.53791093],[-75.07584105,6.5379111],[-75.07582416,6.53791054],[-75.07572715,6.53790368],[-75.07568641,6.53790079],[-75.07566363,6.53789801],[-75.07559832,6.53788653],[-75.07559023,6.53788496],[-75.07550098,6.53786589],[-75.07548801,6.53786219],[-75.07547176,6.53785756],[-75.0754661,6.53785542],[-75.07546502,6.53785501],[-75.07534803,6.53780871],[-75.07533141,6.53780135],[-75.07530815,6.5377899],[-75.07526302,6.5377677],[-75.07521262,6.53774289],[-75.07520389,6.53773836],[-75.0751476,6.53770755],[-75.07513196,6.537699],[-75.07512669,6.53769601],[-75.07505578,6.53765394],[-75.0750491,6.53764998],[-75.07501557,6.53763145],[-75.07497417,6.53760857],[-75.0749125,6.5375745],[-75.07488871,6.53756099],[-75.07484283,6.53753496],[-75.07476423,6.53749299],[-75.07475003,6.53748542],[-75.07473828,6.53747914],[-75.07469149,6.5374574],[-75.07468107,6.53745255],[-75.07466229,6.53744418],[-75.07461769,6.53742992],[-75.07456542,6.53742193],[-75.07454581,6.53741894],[-75.074537,6.53741848],[-75.07451065,6.53741713],[-75.07449241,6.53741619],[-75.07447526,6.53741531],[-75.07447073,6.53741584],[-75.07446792,6.53741617],[-75.07444075,6.53741936],[-75.0744287,6.53742077],[-75.07439353,6.53742896],[-75.0743776,6.53743267],[-75.07437348,6.53743363],[-75.07433093,6.53744739],[-75.07432622,6.53744926],[-75.0742882,6.53745962],[-75.07427743,6.5374606],[-75.07427098,6.53746265],[-75.07426928,6.53746318],[-75.0742573,6.53746698],[-75.07421048,6.53748181],[-75.07406215,6.5375389],[-75.0739536,6.53758069],[-75.07390357,6.53759995],[-75.07387563,6.53760953],[-75.07370483,6.53766813],[-75.07364593,6.53767299],[-75.07356699,6.53767951],[-75.0735486,6.53768028],[-75.07345089,6.53768037],[-75.07341153,6.53767694],[-75.07339218,6.53767264],[-75.07325002,6.53763447],[-75.07323362,6.53762939],[-75.07308678,6.53757772],[-75.07273163,6.53746139],[-75.07261399,6.53742151],[-75.07258151,6.53740757],[-75.07242533,6.53732836],[-75.0723112,6.53726353],[-75.07224582,6.53722639],[-75.07220087,6.53720085],[-75.07216881,6.5371787],[-75.07201463,6.53705115],[-75.07201164,6.53704862],[-75.07191212,6.53696273],[-75.07178832,6.53689615],[-75.07169813,6.53686753],[-75.07153685,6.53685911],[-75.07142907,6.53685551],[-75.07127376,6.53686028],[-75.07124741,6.53686109],[-75.0712382,6.53686118],[-75.07111132,6.53685866],[-75.07092463,6.536867],[-75.07062332,6.53688047],[-75.07061337,6.53688069],[-75.07056139,6.53688072],[-75.07039909,6.53688083],[-75.07037676,6.53687972],[-75.07022522,6.53686472],[-75.07020824,6.53686238],[-75.07017955,6.53685536],[-75.07011853,6.53683613],[-75.07010917,6.53683295],[-75.07007225,6.53681558],[-75.07005504,6.53680536],[-75.06996306,6.53675071],[-75.06994419,6.53673818],[-75.06983245,6.53665561],[-75.06979909,6.53663096],[-75.06978812,6.53662231],[-75.06977747,6.53661236],[-75.06977053,6.53660588],[-75.06964017,6.53647036],[-75.06963643,6.53646637],[-75.06952092,6.53634032],[-75.06951676,6.53633579],[-75.06950607,6.53632642],[-75.06949513,6.53631757],[-75.06949483,6.53631733],[-75.06949474,6.53631726],[-75.0694044,6.53624423],[-75.06933085,6.53620298],[-75.069264,6.53617987],[-75.06915628,6.53616121],[-75.06909114,6.53616044],[-75.06907278,6.53616022],[-75.06905123,6.53616132],[-75.06903756,6.53616202],[-75.06903597,6.5361621],[-75.0690249,6.53616533],[-75.06900404,6.53617143],[-75.06897347,6.53618751],[-75.06887421,6.53625282],[-75.06886999,6.53625553],[-75.06886363,6.53625951],[-75.06871951,6.53634983],[-75.06861217,6.53641999],[-75.06855381,6.53645814],[-75.06832213,6.53661443],[-75.06830242,6.53662772],[-75.06817746,6.53670841],[-75.06815316,6.53672409],[-75.06788667,6.53689616],[-75.0676925,6.53702415],[-75.0676647,6.53704247],[-75.06765332,6.5370495],[-75.06763437,6.53705928],[-75.06761181,6.5370696],[-75.06753095,6.53710661],[-75.06751555,6.53711366],[-75.06751192,6.53711532],[-75.06748922,6.53712571],[-75.06746955,6.53713472],[-75.06742119,6.53715685],[-75.06741776,6.53715842],[-75.06741745,6.53715856],[-75.06741382,6.5371601],[-75.06741053,6.53716149],[-75.06740833,6.53716242],[-75.06740569,6.53716354],[-75.06720955,6.53724024],[-75.06720454,6.53724212],[-75.06717662,6.53725029],[-75.06715441,6.53725527],[-75.06702065,6.53728521],[-75.06701051,6.53728724],[-75.067002,6.53728857],[-75.06680689,6.53731535],[-75.06661465,6.53734534],[-75.06659372,6.53734762],[-75.06656688,6.53734927],[-75.06635657,6.53736225],[-75.06620111,6.53737964],[-75.06605621,6.53739585],[-75.06604903,6.53739654],[-75.06597912,6.5374021],[-75.06584752,6.53741259],[-75.06580152,6.53741625],[-75.06577166,6.53741863],[-75.06575371,6.53741934],[-75.06574864,6.53741928],[-75.0655711,6.53741529],[-75.06554358,6.53741298],[-75.06539747,6.53739168],[-75.06539081,6.53739061],[-75.06535452,6.53738104],[-75.06519053,6.53732287],[-75.06496548,6.53724138],[-75.06475677,6.53718583],[-75.06475205,6.53718453],[-75.06464611,6.53715386],[-75.06454512,6.53712463],[-75.06453064,6.5371199],[-75.06451728,6.53711455],[-75.06451514,6.53711362],[-75.0643684,6.53704934],[-75.06434605,6.53703804],[-75.06432802,6.53702645],[-75.06429674,6.53700419],[-75.06427135,6.53698612],[-75.06424653,6.53696845],[-75.06423229,6.53695744],[-75.0642146,6.5369409],[-75.06419697,6.53692254],[-75.06411779,6.53684014],[-75.06410762,6.53682881],[-75.06408956,6.53680404],[-75.06405565,6.53675024],[-75.06398686,6.53664107],[-75.06385914,6.5364381],[-75.06376155,6.53635699],[-75.06368894,6.53632163],[-75.06367316,6.53631395],[-75.06360059,6.53629509],[-75.06348887,6.53628829],[-75.06343057,6.53629239],[-75.06335904,6.53630925],[-75.06332377,6.53632305],[-75.06324589,6.5363535],[-75.06319477,6.53637349],[-75.06302058,6.53645059],[-75.06299217,6.53646365],[-75.06291962,6.53649699],[-75.06279188,6.53655568],[-75.06278177,6.53656003],[-75.06275463,6.53657093],[-75.06252192,6.53666442],[-75.06248539,6.53667561],[-75.06246749,6.53667873],[-75.06245416,6.5366805],[-75.06225436,6.53670708],[-75.06222454,6.53670906],[-75.06217048,6.53670905],[-75.06210427,6.53670904],[-75.0620676,6.5367059],[-75.06206659,6.53670581],[-75.06206593,6.53670576],[-75.06205737,6.53670428],[-75.06201386,6.53669678],[-75.0619914,6.53669291],[-75.06195096,6.53668191],[-75.06185274,6.53664411],[-75.06183374,6.53663577],[-75.06182063,6.53662928],[-75.06170777,6.53657345],[-75.0616929,6.53656537],[-75.06163959,6.53653307],[-75.06156292,6.53648661],[-75.06153585,6.5364702],[-75.06151338,6.53646054],[-75.06149155,6.53645114],[-75.06144885,6.53643276],[-75.06142026,6.53642045],[-75.0613966,6.53641565],[-75.06134778,6.53640575],[-75.06131875,6.53639987],[-75.06127453,6.53639782],[-75.06126716,6.53639748],[-75.0611841,6.53639363],[-75.06106054,6.5363879],[-75.06103872,6.53638813],[-75.06083648,6.53639022],[-75.06081459,6.53639045],[-75.0605314,6.5363917],[-75.06049359,6.53639186],[-75.06046047,6.53639201],[-75.06045231,6.53639205],[-75.06039749,6.53639393],[-75.06038959,6.5363942],[-75.06036293,6.53639512],[-75.06033259,6.53639616],[-75.06032482,6.53639629],[-75.06031362,6.53639601],[-75.06026871,6.53639378],[-75.06021236,6.53638735],[-75.06014286,6.53638047],[-75.06010177,6.53637452],[-75.06005116,6.53636355],[-75.05997864,6.53634497],[-75.05997317,6.53634334],[-75.05990443,6.53632281],[-75.05988962,6.53631838],[-75.05988316,6.53631628],[-75.05978388,6.53628398],[-75.05961341,6.53622398],[-75.05961323,6.53622392],[-75.05958051,6.5362119],[-75.05943124,6.53615704],[-75.05937768,6.53613495],[-75.05932434,6.53611295],[-75.05931623,6.53610961],[-75.05925321,6.53608595],[-75.05924133,6.53608157],[-75.05915524,6.53604988],[-75.0591523,6.5360488],[-75.05913954,6.5360441],[-75.05899507,6.53600868],[-75.05893747,6.53600511],[-75.05889774,6.53600859],[-75.05886035,6.53601551],[-75.05882405,6.53602224],[-75.05877536,6.53603871],[-75.05873467,6.53605247],[-75.05869978,6.53606759],[-75.05866569,6.53608235],[-75.05858291,6.53611821],[-75.05857479,6.53612154],[-75.05851519,6.53614465],[-75.05846515,6.53616405],[-75.05842842,6.5361783],[-75.05840181,6.53618856],[-75.05838198,6.53619621],[-75.05825013,6.53624117],[-75.05823771,6.5362454],[-75.0582094,6.53625506],[-75.05818511,6.53626443],[-75.05811699,6.5362907],[-75.05807629,6.5363064],[-75.05801707,6.53632924],[-75.05799514,6.5363377],[-75.05798836,6.53634028],[-75.05790005,6.53637386],[-75.05789811,6.5363746],[-75.05789089,6.53637734],[-75.05785911,6.53638942],[-75.05781752,6.53640524],[-75.05776628,6.5364252],[-75.05775033,6.53643141],[-75.05774329,6.53643416],[-75.05771885,6.53644368],[-75.05771289,6.536446],[-75.05770365,6.5364496],[-75.05763844,6.536475],[-75.05759901,6.53649103],[-75.05759496,6.53649268],[-75.05756078,6.53650658],[-75.05749829,6.53653199],[-75.05739135,6.53657546],[-75.05738476,6.53657809],[-75.05736062,6.5365877],[-75.05730884,6.53660832],[-75.05720646,6.53664908],[-75.05715404,6.53666995],[-75.056999,6.53673291],[-75.05691811,6.53676575],[-75.05689164,6.5367765],[-75.05675465,6.53683543],[-75.05674779,6.53683816],[-75.05672689,6.53684648],[-75.0567217,6.53684798],[-75.05671802,6.53684905],[-75.05671575,6.53684971],[-75.0567078,6.53685202],[-75.05669018,6.5368551],[-75.05663925,6.53686401],[-75.05661499,6.53686957],[-75.0565264,6.53688632],[-75.05651549,6.53688806],[-75.05647873,6.53689393],[-75.05646207,6.5368966],[-75.05645233,6.53689815],[-75.05641775,6.53690368],[-75.05631734,6.53691592],[-75.05617169,6.53693927],[-75.05617149,6.53692806],[-75.05617148,6.53692776],[-75.0561708,6.53688994],[-75.05617042,6.53686839],[-75.05616973,6.53683014],[-75.05616964,6.53682554],[-75.05616834,6.53675315],[-75.0561681,6.53673982],[-75.05616737,6.53669932],[-75.05616726,6.53669321],[-75.05616584,6.53661399],[-75.05616575,6.53660891],[-75.05616527,6.53658229],[-75.05616432,6.53657087],[-75.05616148,6.53653679],[-75.0561611,6.53653225],[-75.05616063,6.53652662],[-75.05615869,6.53650333],[-75.05615865,6.53650278],[-75.0561581,6.53649617],[-75.05615647,6.53647658],[-75.0562593,6.53646415],[-75.05629374,6.53646144],[-75.05634639,6.5364573],[-75.05634958,6.53645679],[-75.05636344,6.53645457],[-75.05636405,6.53645448],[-75.05636572,6.53645421],[-75.05639378,6.53644973],[-75.05641431,6.53644645],[-75.0564337,6.53644336],[-75.05645673,6.53643968],[-75.05647289,6.53643476],[-75.05651936,6.53642301],[-75.05653125,6.5364213],[-75.05655902,6.53641731],[-75.05659134,6.53641266],[-75.05663379,6.53640573],[-75.05663723,6.53640517],[-75.05664966,6.53640269],[-75.05666548,6.53639887],[-75.05667582,6.53639637],[-75.05669161,6.53639256],[-75.05670763,6.53638869],[-75.05680445,6.53634611],[-75.05704342,6.53624101],[-75.05710077,6.53621579],[-75.05711671,6.53620878],[-75.05713852,6.53619919],[-75.05737517,6.53609511],[-75.05755132,6.53602676],[-75.05765782,6.53598543],[-75.05770067,6.5359688],[-75.05785224,6.53590999],[-75.05798411,6.53586096],[-75.05803234,6.53584303],[-75.05814656,6.53580056],[-75.05828359,6.53574962],[-75.05833177,6.53573093],[-75.05836481,6.53571812],[-75.05838212,6.53571141],[-75.05840731,6.53570164],[-75.05856361,6.53563394],[-75.05857614,6.53562896],[-75.05858101,6.53562724],[-75.05860967,6.53561755],[-75.058663,6.53559951],[-75.05868399,6.53559241],[-75.05869456,6.53558883],[-75.05872208,6.53558167],[-75.05872581,6.5355807],[-75.05875219,6.53557581],[-75.05877188,6.53557216],[-75.05882704,6.53556195],[-75.05884755,6.5355592],[-75.05887133,6.53555712],[-75.05891489,6.53555331],[-75.05893459,6.53555245],[-75.05894899,6.53555291],[-75.05904318,6.53555874],[-75.05906848,6.53556174],[-75.05908304,6.53556481],[-75.05925951,6.53560808],[-75.05928338,6.53561535],[-75.05946002,6.53568038],[-75.05947302,6.53568516],[-75.0594865,6.53569062],[-75.05974833,6.53580664],[-75.05974976,6.53580712],[-75.05995152,6.53587411],[-75.06011481,6.53591748],[-75.06014717,6.53592349],[-75.06020419,6.53593408],[-75.06023282,6.53593939],[-75.06032657,6.53594405],[-75.06044018,6.53594015],[-75.06044694,6.53594002],[-75.06081125,6.53593841],[-75.06097831,6.53593668],[-75.06106343,6.5359358],[-75.06107505,6.53593604],[-75.06135706,6.5359491],[-75.06138586,6.5359523],[-75.06139152,6.53595337],[-75.06153303,6.53598207],[-75.06156542,6.5359912],[-75.06157746,6.53599597],[-75.06172893,6.53606117],[-75.06175466,6.53607427],[-75.06187405,6.53614662],[-75.06190277,6.53616402],[-75.06191685,6.53617255],[-75.06202484,6.53622598],[-75.06209059,6.5362513],[-75.06212364,6.53625699],[-75.06220961,6.536257],[-75.06235205,6.53623805],[-75.06237977,6.53623437],[-75.06256369,6.53616048],[-75.06260818,6.53614261],[-75.06283475,6.53603851],[-75.06301638,6.5359581],[-75.06302555,6.53595428],[-75.06320933,6.53588242],[-75.06321434,6.53588053],[-75.06323975,6.53587294],[-75.06334463,6.5358482],[-75.06335727,6.5358456],[-75.06338068,6.53584272],[-75.06339727,6.53584156],[-75.063472,6.53583632],[-75.06348619,6.53583582],[-75.06348783,6.53583576],[-75.06350155,6.53583618],[-75.06364993,6.53584521],[-75.06367546,6.53584823],[-75.06369302,6.53585205],[-75.06376306,6.53587025],[-75.06380863,6.53588209],[-75.06382912,6.53588846],[-75.06385075,6.53589764],[-75.06398395,6.5359625],[-75.06399802,6.53596998],[-75.06402945,6.53599188],[-75.06417612,6.53611377],[-75.06420439,6.53614198],[-75.06422253,6.53616687],[-75.06436934,6.53640018],[-75.06445968,6.53654354],[-75.06446979,6.53655406],[-75.06448796,6.53657297],[-75.06449464,6.53657993],[-75.06454584,6.53662056],[-75.06457897,6.53664685],[-75.0645824,6.53664957],[-75.06459094,6.53665635],[-75.06463417,6.53669065],[-75.0646849,6.53672042],[-75.06496919,6.53682823],[-75.06513309,6.5368869],[-75.06530166,6.53691875],[-75.06548467,6.53694757],[-75.06559509,6.53696367],[-75.06565394,6.53696499],[-75.06574728,6.53696709],[-75.06581328,6.53696183],[-75.06596024,6.53695013],[-75.06600955,6.5369462],[-75.06627716,6.53691626],[-75.06631192,6.53691237],[-75.06632313,6.5369114],[-75.06655538,6.53689707],[-75.06674132,6.53686808],[-75.06693116,6.53684201],[-75.06706104,6.53681293],[-75.0671462,6.53677963],[-75.06714781,6.53677901],[-75.06723516,6.53674485],[-75.0673082,6.53671142],[-75.06743047,6.53665546],[-75.06763973,6.53651753],[-75.06771613,6.53646821],[-75.06782555,6.53639757],[-75.06793819,6.53632484],[-75.06805344,6.53625043],[-75.06830377,6.53608155],[-75.06837091,6.53603768],[-75.06842116,6.53600483],[-75.06847586,6.53596908],[-75.06851687,6.53594337],[-75.06862787,6.5358738],[-75.06866763,6.53584763],[-75.06873428,6.53580378],[-75.0687455,6.53579686],[-75.0687533,6.53579256],[-75.06881371,6.53576078],[-75.06884161,6.53574843],[-75.06885552,6.53574388],[-75.06893464,6.53572076],[-75.06895878,6.53571512],[-75.06898652,6.53571198],[-75.06905687,6.5357084],[-75.06906971,6.53570811],[-75.06916101,6.53570918],[-75.0691797,6.5357094],[-75.0692156,6.5357127],[-75.06935947,6.53573763],[-75.0693944,6.53574665],[-75.06941245,6.5357529],[-75.06949935,6.53578295],[-75.06953434,6.53579882],[-75.0695557,6.5358108],[-75.06961067,6.53584164],[-75.06961103,6.53584184],[-75.06964339,6.53586],[-75.06967367,6.53588065],[-75.06969344,6.53589664],[-75.06969567,6.53589843],[-75.06969661,6.5358992],[-75.06980256,6.53598485],[-75.06981303,6.53599332],[-75.06983597,6.53601507],[-75.06993893,6.53612741],[-75.0699678,6.53615893],[-75.07008304,6.53627872],[-75.07020368,6.53636787],[-75.07024798,6.53639419],[-75.07027939,6.53641286],[-75.07029309,6.53641718],[-75.07034107,6.53642193],[-75.07041012,6.53642877],[-75.07047116,6.53642873],[-75.07050295,6.53642871],[-75.07060811,6.53642864],[-75.07090445,6.5364154],[-75.07109846,6.53640673],[-75.07111081,6.53640653],[-75.07123926,6.53640908],[-75.07128004,6.53640783],[-75.07142243,6.53640345],[-75.07142938,6.53640334],[-75.07143693,6.53640347],[-75.07155618,6.53640748],[-75.07175064,6.5364176],[-75.07177812,6.53642073],[-75.07180723,6.53642789],[-75.07194515,6.53647166],[-75.07195408,6.5364747],[-75.07198381,6.53648803],[-75.07211213,6.53655703],[-75.07214802,6.53657633],[-75.07215399,6.53657966],[-75.07218745,6.53660327],[-75.07224902,6.5366564],[-75.07237676,6.53675394],[-75.07249795,6.53682962],[-75.07252491,6.53684646],[-75.07260875,6.53689159],[-75.07265546,6.53691673],[-75.07269432,6.5369381],[-75.07278341,6.5369871],[-75.07293164,6.53705123],[-75.07296333,6.53706161],[-75.07296744,6.53706296],[-75.07322979,6.53714889],[-75.07323446,6.53715048],[-75.07330409,6.53717497],[-75.07331653,6.53717935],[-75.07332285,6.53718157],[-75.07337553,6.53720011],[-75.07343533,6.53721617],[-75.07352618,6.53722825],[-75.07353896,6.53722824],[-75.07361174,6.53722222],[-75.07367907,6.53720855],[-75.07374225,6.53718793],[-75.07377926,6.53717586],[-75.07379527,6.53716908],[-75.07380002,6.53716722],[-75.07380662,6.53716463],[-75.07381047,6.53716296],[-75.07384414,6.53714827],[-75.07387954,6.53713282],[-75.07392175,6.5371144],[-75.07398301,6.53708768],[-75.07399846,6.53708094],[-75.07401299,6.53707459],[-75.0740346,6.53706483],[-75.07403944,6.53706264],[-75.07404406,6.53706055],[-75.07405204,6.53705783],[-75.07405312,6.53705747],[-75.07406568,6.53705349],[-75.07411206,6.5370388],[-75.07415261,6.53702596],[-75.07415996,6.53702363],[-75.07416681,6.53702158],[-75.07420992,6.53701128],[-75.07424339,6.53700045],[-75.07426171,6.53699536],[-75.07433852,6.53697748],[-75.0743496,6.5369752],[-75.07436341,6.53697314],[-75.07444147,6.53696397],[-75.0744669,6.53696243],[-75.07447945,6.53696273],[-75.07458036,6.53696792],[-75.07460287,6.53697022],[-75.07470573,6.53698595],[-75.07473832,6.53699375],[-75.07479371,6.53701146],[-75.07481183,6.53701725],[-75.07481945,6.53701983],[-75.0748351,6.53702613],[-75.07485124,6.53703333],[-75.07486845,6.53704102],[-75.07493449,6.5370717],[-75.07494567,6.53707727],[-75.07505834,6.53713742],[-75.07506348,6.53714025],[-75.07513342,6.53717996],[-75.07518111,6.53720631],[-75.07527224,6.53725667],[-75.07527685,6.53725932],[-75.07535247,6.53730421],[-75.07541663,6.53733932],[-75.07552286,6.53739159],[-75.07561387,6.53742761],[-75.07568066,6.53744188],[-75.07572999,6.53745055],[-75.07584369,6.5374586],[-75.0759087,6.53745606],[-75.0759672,6.53744258],[-75.07597991,6.53744005],[-75.07614655,6.53741321],[-75.0761971,6.53740033],[-75.0762049,6.53739483],[-75.07624054,6.53737802],[-75.07626888,6.53736963],[-75.076326,6.53735672],[-75.07633424,6.53735501],[-75.07654449,6.53731563],[-75.07655515,6.53731363],[-75.07657041,6.53731136],[-75.07664555,6.53730278],[-75.07667142,6.53730133],[-75.07683187,6.53730232],[-75.07684821,6.53730301],[-75.07692981,6.53730944],[-75.07695935,6.53731176],[-75.07697499,6.53731355],[-75.07706721,6.53732732],[-75.07707216,6.53732811],[-75.07708575,6.53733089],[-75.07746382,6.53742015],[-75.07779661,6.53750517],[-75.07786901,6.53752206],[-75.07797971,6.5375479],[-75.07803166,6.53755941],[-75.07813402,6.53758209],[-75.07830742,6.53761912],[-75.07840727,6.53763227],[-75.07844736,6.53763495],[-75.07851513,6.53763947],[-75.07874255,6.53764229],[-75.07875336,6.53764268],[-75.07887041,6.53764974],[-75.07897952,6.5376512],[-75.07899866,6.53765227],[-75.07910001,6.53766226],[-75.0791352,6.53766573],[-75.07914418,6.53766679],[-75.07920121,6.53767473],[-75.07920808,6.53767568],[-75.07923363,6.53767923],[-75.07923775,6.53767988],[-75.07924082,6.53768035],[-75.07926094,6.53768477],[-75.07922033,6.53814201],[-75.07916111,6.53812615],[-75.07915752,6.53812519],[-75.07910706,6.53811817],[-75.07908637,6.5381153],[-75.07896388,6.53810322],[-75.07885906,6.53810182],[-75.07884847,6.53810143],[-75.07873153,6.53809438],[-75.0785034,6.53809155],[-75.07849116,6.53809106],[-75.0783982,6.53808486],[-75.07839395,6.53808458],[-75.07836993,6.53808298],[-75.07835545,6.53808154],[-75.07831819,6.53807664],[-75.07823949,6.53806627],[-75.07823066,6.53806493],[-75.07822179,6.53806322],[-75.0780379,6.53802395],[-75.07801349,6.53801854],[-75.07796813,6.53800849],[-75.07795295,6.53800513]]]}},{"type":"Feature","properties":{"Proyecto":"Puente Cisneros","Municipio":"Cisneros","sector":"R","Matricula":"038-20295","terreno_co":"051900001000000050033000000000","Propietari":null,"ABS":null,"Area_Total":4400,"Area_Req":144.701744244,"Area_Rem":0,"AreaSobran":0,"Shape_Leng":0,"Shape_Area":0},"geometry":{"type":"MultiPolygon","coordinates":[[[[-75.06513309,6.5368869],[-75.06496919,6.53682823],[-75.0646849,6.53672042],[-75.06463417,6.53669065],[-75.06459094,6.53665635],[-75.0645824,6.53664957],[-75.06457897,6.53664685],[-75.06454584,6.53662056],[-75.06455069,6.53661669],[-75.06455091,6.53661653],[-75.06457071,6.53660226],[-75.06458459,6.53659226],[-75.0646115,6.53657513],[-75.06466954,6.53653667],[-75.06467018,6.53653778],[-75.0646736,6.53654377],[-75.06468276,6.53655557],[-75.06469855,6.53656841],[-75.06470671,6.53657381],[-75.06472303,6.53658308],[-75.0647345,6.53659054],[-75.0647493,6.53659673],[-75.06476487,6.53660114],[-75.0647965,6.53661686],[-75.06480388,6.53662302],[-75.06481176,6.53663635],[-75.06481683,6.53664582],[-75.06481909,6.5366558],[-75.0648267,6.53668166],[-75.06483602,6.5366878],[-75.06484467,6.5366911],[-75.06485174,6.53669314],[-75.06485834,6.53669435],[-75.06486111,6.53669486],[-75.06487404,6.53669662],[-75.06488819,6.53669945],[-75.06489477,6.53670253],[-75.06490123,6.53670635],[-75.06490561,6.53671066],[-75.06491049,6.53671745],[-75.06491573,6.53672354],[-75.06492563,6.5367265],[-75.0649345,6.5367259],[-75.0649492,6.53672751],[-75.06496187,6.53673511],[-75.06497551,6.53674548],[-75.06497875,6.53674666],[-75.06498419,6.53674732],[-75.06498832,6.53674713],[-75.06499829,6.53674443],[-75.06500572,6.53674612],[-75.06501433,6.53675243],[-75.06502567,6.53675257],[-75.06503721,6.53675166],[-75.06504279,6.53674553],[-75.06504394,6.53673829],[-75.0650464,6.53673207],[-75.06505046,6.53672757],[-75.06505261,6.53672565],[-75.06505898,6.53672662],[-75.06506691,6.53673097],[-75.06507149,6.53673298],[-75.06509911,6.53675104],[-75.06510686,6.53675503],[-75.06511363,6.53675317],[-75.06512256,6.53674744],[-75.06513342,6.5367444],[-75.06514613,6.53674881],[-75.06515562,6.53675601],[-75.06515909,6.5367619],[-75.06516094,6.53677007],[-75.06515979,6.53677749],[-75.06515615,6.53678488],[-75.0651541,6.53679007],[-75.06515462,6.53679336],[-75.06515645,6.536796],[-75.06516463,6.53680164],[-75.06520659,6.53682095],[-75.06520821,6.53682197],[-75.06523182,6.53683695],[-75.06524933,6.53684805],[-75.06526192,6.53686202],[-75.0652894,6.53687618],[-75.06531706,6.53687583],[-75.06536488,6.53686582],[-75.06537439,6.53686159],[-75.0653827,6.5368579],[-75.06539305,6.53685201],[-75.06540252,6.53684629],[-75.06541515,6.53684309],[-75.06543024,6.53684116],[-75.06543929,6.53683986],[-75.065448,6.53683855],[-75.06545613,6.53684043],[-75.06546313,6.53684778],[-75.06546799,6.53685545],[-75.06547394,6.53686172],[-75.06547852,6.53686426],[-75.06549373,6.53686694],[-75.06550825,6.53686818],[-75.06551341,6.53686756],[-75.06553204,6.5368653],[-75.06556118,6.53686001],[-75.06558641,6.53685503],[-75.06568847,6.53683118],[-75.06570179,6.53682922],[-75.06571762,6.53682571],[-75.06575018,6.53681833],[-75.06575249,6.53681781],[-75.06578481,6.53681049],[-75.06579551,6.53680374],[-75.06580715,6.53679153],[-75.06581538,6.53678351],[-75.065829,6.53678263],[-75.06583989,6.53678824],[-75.06585162,6.53679811],[-75.06586529,6.53680765],[-75.06587015,6.53681123],[-75.06587825,6.53681718],[-75.06589372,6.53682444],[-75.06595725,6.53683339],[-75.06598829,6.53683909],[-75.0660114,6.53684327],[-75.0660324,6.53684602],[-75.06605485,6.53684631],[-75.06607042,6.53684509],[-75.06608477,6.53684298],[-75.06614225,6.53682641],[-75.06615879,6.53681833],[-75.06617025,6.53680681],[-75.06617871,6.53679421],[-75.06618541,6.53678158],[-75.06618839,6.53676925],[-75.06618817,6.53675847],[-75.06618896,6.53675177],[-75.06619132,6.53674703],[-75.0662008,6.53673779],[-75.06621297,6.53672647],[-75.06621942,6.53671913],[-75.06623081,6.5367131],[-75.06625608,6.53671061],[-75.06627128,6.53670939],[-75.06628995,6.53671352],[-75.06630611,6.53672008],[-75.06632579,6.53672775],[-75.06634515,6.53673259],[-75.06635948,6.53673048],[-75.06638048,6.53671734],[-75.06640131,6.53670385],[-75.0664204,6.53670251],[-75.06642828,6.53670737],[-75.06643506,6.53671611],[-75.06644272,6.53672521],[-75.06645797,6.53673353],[-75.06647385,6.53673497],[-75.06648906,6.53673252],[-75.06650291,6.53672652],[-75.06652192,6.53671759],[-75.06653739,6.53670844],[-75.06656607,6.53668799],[-75.06659882,6.53666776],[-75.06660946,6.53666349],[-75.06661825,6.53666191],[-75.06662043,6.53666151],[-75.0666367,6.53666014],[-75.06665297,6.5366577],[-75.06666843,6.53664978],[-75.06668037,6.53664147],[-75.06668845,6.53663028],[-75.06669003,6.53662382],[-75.06669264,6.53662161],[-75.06669558,6.53662015],[-75.0667001,6.53661862],[-75.06670505,6.53661789],[-75.06671362,6.53661633],[-75.06672828,6.53661511],[-75.06674295,6.53661301],[-75.06676061,6.53661235],[-75.06679542,6.53662268],[-75.06681071,6.53662835],[-75.06682069,6.53663465],[-75.06683972,6.53664402],[-75.06684557,6.53664836],[-75.06687423,6.53664055],[-75.06691272,6.53663006],[-75.06707821,6.53655483],[-75.06712682,6.5365369],[-75.06719854,6.53652103],[-75.06736006,6.53650253],[-75.06739942,6.536495],[-75.06745611,6.53647612],[-75.06755724,6.53640732],[-75.06761209,6.53636596],[-75.06765029,6.53633912],[-75.06770141,6.53631701],[-75.06774716,6.53630324],[-75.06784749,6.53629935],[-75.06785831,6.53629785],[-75.06787067,6.53629615],[-75.0678896,6.53628989],[-75.06791855,6.53628031],[-75.06807133,6.53618279],[-75.06810686,6.53617275],[-75.0681332,6.53616995],[-75.06815707,6.53616712],[-75.06816692,6.53616445],[-75.06817792,6.53615407],[-75.06818655,6.536137],[-75.06819702,6.53611223],[-75.06820525,6.53609865],[-75.06822115,6.5360894],[-75.06829025,6.53605841],[-75.06833441,6.53603199],[-75.0683977,6.53598935],[-75.06848373,6.5359221],[-75.06859255,6.53585516],[-75.06862166,6.53584055],[-75.06863136,6.53583569],[-75.06865365,6.53581909],[-75.06866746,6.53580881],[-75.06868848,6.53578138],[-75.06871289,6.5357354],[-75.06871473,6.53572976],[-75.06872969,6.53568388],[-75.06873658,6.53566274],[-75.06874339,6.53559406],[-75.06874879,6.53558423],[-75.06875189,6.53557074],[-75.06875446,6.53555584],[-75.06876053,6.53554076],[-75.06876644,6.53552848],[-75.06877654,6.53551286],[-75.06878716,6.53549863],[-75.06879587,6.53548494],[-75.06881237,6.53544986],[-75.06882004,6.53543932],[-75.06882649,6.53543194],[-75.06883521,6.53542316],[-75.06884254,6.53541578],[-75.06884898,6.53540472],[-75.06885064,6.53540053],[-75.06885349,6.53539332],[-75.0688566,6.53538193],[-75.06886162,6.53536825],[-75.06886594,6.53535247],[-75.06886937,6.53533214],[-75.06887003,6.53532058],[-75.06887079,6.53529064],[-75.06887375,6.53528555],[-75.0688816,6.53527956],[-75.06888875,6.53527113],[-75.06889257,6.53526236],[-75.06889359,6.53525483],[-75.06889619,6.53524624],[-75.06890262,6.53523291],[-75.06890399,6.53522432],[-75.06890271,6.53521154],[-75.06890268,6.53520226],[-75.06890406,6.5351963],[-75.06890859,6.53519068],[-75.06891453,6.53518733],[-75.06892573,6.53518414],[-75.0689642,6.53517069],[-75.06897348,6.53516995],[-75.06898294,6.53517272],[-75.06898769,6.53517621],[-75.06899209,6.53518372],[-75.06899438,6.53518791],[-75.06899527,6.53518949],[-75.06900245,6.53519016],[-75.06901121,6.53519083],[-75.06901996,6.53518957],[-75.069028,6.53518744],[-75.06905336,6.53517894],[-75.06906456,6.53517487],[-75.06907768,6.53517133],[-75.06910199,6.53516318],[-75.06911178,6.53516139],[-75.06912037,6.53516206],[-75.06912563,6.53516432],[-75.06913037,6.53516886],[-75.06913442,6.53517392],[-75.06913654,6.53517899],[-75.06913796,6.53518511],[-75.06913886,6.53519159],[-75.06914203,6.53519595],[-75.06914852,6.53519995],[-75.06915483,6.53520238],[-75.06916201,6.53520236],[-75.0691751,6.53519636],[-75.069187,6.53519894],[-75.06919767,6.53519838],[-75.06920045,6.53519504],[-75.06920305,6.53518874],[-75.06920582,6.53518226],[-75.06920911,6.5351735],[-75.06921276,6.5351658],[-75.06921867,6.53515843],[-75.06922687,6.53515211],[-75.06923436,6.53514543],[-75.06924046,6.53513999],[-75.06924796,6.53513542],[-75.06926508,6.53512941],[-75.06930318,6.53512437],[-75.06931017,6.5351254],[-75.06931333,6.53512766],[-75.06931493,6.53513535],[-75.06931688,6.53514251],[-75.06932266,6.53514354],[-75.06932858,6.53513844],[-75.06933522,6.53513667],[-75.06934294,6.53514206],[-75.06934821,6.53514921],[-75.06935855,6.53515564],[-75.06936696,6.53515981],[-75.06937152,6.53516329],[-75.06937504,6.53517097],[-75.06938294,6.53517846],[-75.06938819,6.53517949],[-75.06939518,6.53517877],[-75.06940514,6.53517681],[-75.0694144,6.53517538],[-75.06942647,6.53517603],[-75.06944258,6.53518262],[-75.06945467,6.53518992],[-75.06947588,6.53520453],[-75.06948658,6.53521201],[-75.06949446,6.53521565],[-75.06949866,6.53521529],[-75.06950285,6.535213],[-75.06951245,6.53521051],[-75.06951789,6.53521469],[-75.06952036,6.53522133],[-75.0695232,6.53523251],[-75.06952393,6.53523967],[-75.0695229,6.5352458],[-75.06952047,6.53525053],[-75.06951471,6.53525317],[-75.06950754,6.5352525],[-75.06949931,6.53524991],[-75.06949441,6.53524975],[-75.0694897,6.53525239],[-75.06948466,6.5352594],[-75.06948412,6.535265],[-75.06948365,6.5352699],[-75.06948595,6.53527811],[-75.06949157,6.53528473],[-75.06949665,6.53528681],[-75.06950487,6.53528678],[-75.06951798,6.53528464],[-75.06952637,6.53528478],[-75.06953756,6.53528561],[-75.06954823,6.53528697],[-75.06956102,6.53529165],[-75.06956663,6.53529513],[-75.06957469,6.53530069],[-75.0695782,6.5353054],[-75.0695819,6.53531203],[-75.0695842,6.53531762],[-75.06958509,6.53532374],[-75.06958373,6.53533283],[-75.06957957,6.53534334],[-75.06957664,6.53535419],[-75.06957754,6.53536241],[-75.06958053,6.53536694],[-75.06958825,6.53537304],[-75.06959422,6.53537914],[-75.06959686,6.5353835],[-75.06959915,6.53538961],[-75.06960093,6.5353973],[-75.06960236,6.53540551],[-75.0696071,6.53541039],[-75.06961462,6.53541141],[-75.06962494,6.5354126],[-75.06963334,6.53541309],[-75.06964209,6.53541481],[-75.0696498,6.53541845],[-75.06965698,6.5354235],[-75.06967032,6.53543726],[-75.06967683,6.5354472],[-75.06967895,6.53545314],[-75.06968109,6.53546328],[-75.06968076,6.53547045],[-75.06967957,6.5354778],[-75.06967942,6.53548479],[-75.0696814,6.53549912],[-75.06968423,6.53550891],[-75.06968636,6.53551642],[-75.06969111,6.53552392],[-75.06969427,6.5355288],[-75.06969726,6.53553334],[-75.06969798,6.53553841],[-75.06969677,6.53554191],[-75.06969258,6.53554507],[-75.06968578,6.53554947],[-75.0696795,6.53555159],[-75.06967513,6.5355537],[-75.0696727,6.53555756],[-75.06967277,6.53555817],[-75.06967324,6.53556211],[-75.06968588,6.53558594],[-75.0696908,6.53559639],[-75.06969362,6.53560596],[-75.06969663,6.53561693],[-75.06969806,6.53562791],[-75.06969864,6.53564133],[-75.0696985,6.53565057],[-75.06969699,6.53566748],[-75.06969723,6.53568317],[-75.06970083,6.53571384],[-75.06970347,6.53572202],[-75.06970577,6.53572986],[-75.06970859,6.53573891],[-75.06971211,6.53574709],[-75.06971859,6.53575491],[-75.06972696,6.53575784],[-75.06973289,6.53575887],[-75.0697411,6.53576145],[-75.0697486,6.53576509],[-75.06975367,6.53576942],[-75.06975527,6.53577535],[-75.06975617,6.53578476],[-75.06975603,6.5357919],[-75.06975484,6.5358015],[-75.06975302,6.53581086],[-75.06974988,6.53582696],[-75.0697506,6.53583306],[-75.06975359,6.53584055],[-75.06975815,6.53584785],[-75.06976672,6.53585462],[-75.06977475,6.5358579],[-75.06978487,6.53585995],[-75.06979585,6.53586183],[-75.06980458,6.53586511],[-75.06981366,6.53586891],[-75.06982449,6.53587428],[-75.06982991,6.53587879],[-75.06983324,6.53588348],[-75.06983535,6.5358894],[-75.06983625,6.53589672],[-75.0698361,6.53590334],[-75.06983735,6.53591118],[-75.06983981,6.53591762],[-75.06984194,6.53592773],[-75.06984022,6.53593418],[-75.06983537,6.53594135],[-75.06982426,6.53595237],[-75.06981715,6.53596233],[-75.06981003,6.53596916],[-75.06980464,6.53597249],[-75.06980064,6.53597651],[-75.06980013,6.53598035],[-75.06980256,6.53598485],[-75.06969661,6.5358992],[-75.06969567,6.53589843],[-75.06969344,6.53589664],[-75.06967367,6.53588065],[-75.06964339,6.53586],[-75.06961103,6.53584184],[-75.06961067,6.53584164],[-75.0695557,6.5358108],[-75.06953434,6.53579882],[-75.06949935,6.53578295],[-75.06941245,6.5357529],[-75.0693944,6.53574665],[-75.06935947,6.53573763],[-75.0692156,6.5357127],[-75.0691797,6.5357094],[-75.06916101,6.53570918],[-75.06906971,6.53570811],[-75.06905687,6.5357084],[-75.06898652,6.53571198],[-75.06895878,6.53571512],[-75.06893464,6.53572076],[-75.06885552,6.53574388],[-75.06884161,6.53574843],[-75.06881371,6.53576078],[-75.0687533,6.53579256],[-75.0687455,6.53579686],[-75.06873428,6.53580378],[-75.06866763,6.53584763],[-75.06862787,6.5358738],[-75.06851687,6.53594337],[-75.06847586,6.53596908],[-75.06842116,6.53600483],[-75.06837091,6.53603768],[-75.06830377,6.53608155],[-75.06805344,6.53625043],[-75.06793819,6.53632484],[-75.06782555,6.53639757],[-75.06771613,6.53646821],[-75.06763973,6.53651753],[-75.06743047,6.53665546],[-75.0673082,6.53671142],[-75.06723516,6.53674485],[-75.06714781,6.53677901],[-75.0671462,6.53677963],[-75.06706104,6.53681293],[-75.06693116,6.53684201],[-75.06674132,6.53686808],[-75.06655538,6.53689707],[-75.06632313,6.5369114],[-75.06631192,6.53691237],[-75.06627716,6.53691626],[-75.06600955,6.5369462],[-75.06596024,6.53695013],[-75.06581328,6.53696183],[-75.06574728,6.53696709],[-75.06565394,6.53696499],[-75.06559509,6.53696367],[-75.06548467,6.53694757],[-75.06530166,6.53691875],[-75.06513309,6.5368869]]],[[[-75.07779661,6.53750517],[-75.07746382,6.53742015],[-75.07708575,6.53733089],[-75.07707216,6.53732811],[-75.07706721,6.53732732],[-75.07697499,6.53731355],[-75.07695935,6.53731176],[-75.07692981,6.53730944],[-75.07684821,6.53730301],[-75.07683187,6.53730232],[-75.07667142,6.53730133],[-75.07664555,6.53730278],[-75.07657041,6.53731136],[-75.07655515,6.53731363],[-75.07654449,6.53731563],[-75.07633424,6.53735501],[-75.076326,6.53735672],[-75.07626888,6.53736963],[-75.07624054,6.53737802],[-75.0762049,6.53739483],[-75.0761971,6.53740033],[-75.07614655,6.53741321],[-75.07597991,6.53744005],[-75.0759672,6.53744258],[-75.0759087,6.53745606],[-75.07584369,6.5374586],[-75.07572999,6.53745055],[-75.07568066,6.53744188],[-75.07561387,6.53742761],[-75.07552286,6.53739159],[-75.07541663,6.53733932],[-75.07535247,6.53730421],[-75.07527685,6.53725932],[-75.07527224,6.53725667],[-75.07518111,6.53720631],[-75.07522899,6.53719913],[-75.07523972,6.53719721],[-75.07531696,6.53721949],[-75.07535118,6.53722047],[-75.07540103,6.53721461],[-75.07547225,6.53719821],[-75.07552636,6.53718286],[-75.07553937,6.5371783],[-75.07559619,6.5371584],[-75.07568531,6.53711437],[-75.07568567,6.53711419],[-75.07572686,6.53709385],[-75.07583734,6.53701503],[-75.07586187,6.53699257],[-75.07587768,6.5369781],[-75.07593654,6.53692207],[-75.075972,6.53690558],[-75.07602166,6.53688005],[-75.0760808,6.53687109],[-75.07612155,6.53687134],[-75.07614531,6.53688075],[-75.07617026,6.53689047],[-75.07618805,6.5368974],[-75.07623778,6.53691283],[-75.07626743,6.53693001],[-75.07631823,6.53693008],[-75.07632733,6.53693359],[-75.07634661,6.53694107],[-75.07635824,6.53694663],[-75.07636975,6.53695246],[-75.07637515,6.53695537],[-75.07638054,6.53695831],[-75.0763851,6.53696083],[-75.07638963,6.53696344],[-75.07639481,6.53696785],[-75.07639921,6.53697316],[-75.07640679,6.5369843],[-75.07641434,6.53699552],[-75.07642273,6.5370059],[-75.07643227,6.53701495],[-75.07643983,6.53701929],[-75.07645984,6.53702612],[-75.07648012,6.53703156],[-75.0764844,6.53703254],[-75.07648865,6.53703366],[-75.07650044,6.53703947],[-75.07651143,6.53704682],[-75.07651975,6.53705333],[-75.07652829,6.53705947],[-75.07653083,6.53706082],[-75.07653342,6.53706205],[-75.07656385,6.53708138],[-75.07658804,6.53709489],[-75.07661285,6.53710734],[-75.076637,6.53711989],[-75.07666187,6.53713091],[-75.07666629,6.53713206],[-75.07667076,6.537133],[-75.07667868,6.53713514],[-75.07667949,6.53713539],[-75.07668655,6.53713752],[-75.07669367,6.53714042],[-75.0767005,6.537144],[-75.07671714,6.53715495],[-75.07673335,6.53716649],[-75.07674477,6.53717315],[-75.07678112,6.53719046],[-75.07681788,6.53720694],[-75.07686485,6.53722735],[-75.0769123,6.53724668],[-75.07692938,6.53725294],[-75.07694665,6.53725852],[-75.07698176,6.53726737],[-75.07700558,6.53727137],[-75.07706201,6.53727853],[-75.07711846,6.53728536],[-75.07713699,6.53728662],[-75.07714413,6.53728722],[-75.07715546,6.53728817],[-75.07716737,6.53729098],[-75.07720518,6.5373037],[-75.07725772,6.53732137],[-75.0772689,6.53732632],[-75.07728,6.53733144],[-75.077292,6.53733682],[-75.07730401,6.53734219],[-75.0773164,6.53734807],[-75.07732891,6.53735367],[-75.07734234,6.53735855],[-75.07735586,6.5373632],[-75.07736607,6.5373669],[-75.07737629,6.5373706],[-75.07738302,6.53737209],[-75.07738999,6.53737233],[-75.07740417,6.53737153],[-75.07741341,6.53737206],[-75.07741847,6.53737343],[-75.07742588,6.53737628],[-75.07743328,6.53737913],[-75.07744208,6.53738249],[-75.0774509,6.53738583],[-75.07745557,6.53738745],[-75.07746036,6.53738866],[-75.07747607,6.53739138],[-75.07749181,6.53739384],[-75.07750056,6.53739495],[-75.07750923,6.53739641],[-75.07752394,6.53739994],[-75.07753864,6.53740347],[-75.07754282,6.53740464],[-75.07754703,6.53740574],[-75.07755682,6.53740745],[-75.07756673,6.53740837],[-75.07757769,6.5374091],[-75.07758864,6.53740923],[-75.07760452,6.53740755],[-75.07761068,6.53740697],[-75.07762038,6.53740606],[-75.07762608,6.53740608],[-75.07763176,6.53740619],[-75.0776346,6.53740627],[-75.07763745,6.53740636],[-75.07764029,6.53740638],[-75.07764315,6.53740631],[-75.07764736,6.53740604],[-75.07765157,6.53740557],[-75.07765579,6.53740496],[-75.07766,6.53740436],[-75.07766421,6.53740378],[-75.07766844,6.53740321],[-75.07767266,6.5374028],[-75.07767689,6.53740265],[-75.07770279,6.53740304],[-75.07772869,6.53740467],[-75.07774892,6.53740669],[-75.07776446,6.53740825],[-75.07780021,6.53741188],[-75.07781096,6.53741276],[-75.07782172,6.53741325],[-75.07782945,6.53741305],[-75.07783719,6.53741253],[-75.07785017,6.5374119],[-75.07786306,6.53741006],[-75.07788609,6.53740327],[-75.07790873,6.53739606],[-75.07791772,6.5373935],[-75.07792661,6.53739079],[-75.07793269,6.53738816],[-75.07793866,6.53738513],[-75.07794206,6.53738331],[-75.07794551,6.53738157],[-75.07795467,6.53737833],[-75.07796407,6.53737616],[-75.07798325,6.53737316],[-75.07800645,6.53736974],[-75.07802967,6.53736742],[-75.07804513,6.53736704],[-75.07806533,6.53736854],[-75.0780855,6.53737198],[-75.07809887,6.53737483],[-75.07811198,6.53737837],[-75.07812613,6.53738295],[-75.07814026,6.53738755],[-75.07815329,6.53739192],[-75.07816639,6.53739608],[-75.07818331,6.53740011],[-75.07820048,6.53740291],[-75.07823499,6.53740765],[-75.07825149,6.53741032],[-75.078268,6.53741298],[-75.07828081,6.53741517],[-75.0782825,6.53741546],[-75.07829701,6.53741787],[-75.07830721,6.5374193],[-75.07831743,6.53742063],[-75.07832957,6.53742244],[-75.07837363,6.537429],[-75.07842983,6.53743704],[-75.07844539,6.53743779],[-75.07846102,6.53743676],[-75.07849224,6.53743274],[-75.07850052,6.53743127],[-75.07850878,6.53742993],[-75.07852237,6.5374294],[-75.07853604,6.53742995],[-75.07856335,6.53743343],[-75.078577,6.5374361],[-75.07858802,6.53743941],[-75.0785903,6.5374401],[-75.07860103,6.53744442],[-75.07861149,6.53744922],[-75.07861987,6.53745341],[-75.0786294,6.53745846],[-75.07865981,6.53747457],[-75.07870239,6.53748652],[-75.07874015,6.5374949],[-75.07877009,6.53749007],[-75.07877317,6.53749051],[-75.07877688,6.53749099],[-75.07878059,6.53749147],[-75.07878782,6.5374926],[-75.07879498,6.53749421],[-75.07880053,6.53749665],[-75.07880562,6.53750013],[-75.07881012,6.53750367],[-75.07881425,6.5375076],[-75.07882121,6.53751558],[-75.07882744,6.5375241],[-75.07882869,6.53752606],[-75.07882978,6.53752809],[-75.07883075,6.5375302],[-75.07883173,6.53753231],[-75.07883271,6.53753443],[-75.07883369,6.53753655],[-75.07883479,6.53753862],[-75.07883608,6.5375406],[-75.07883895,6.53754388],[-75.07884259,6.53754637],[-75.07884524,6.53754744],[-75.07884798,6.53754797],[-75.0788552,6.53754856],[-75.07886242,6.53754914],[-75.07886542,6.53754943],[-75.07886842,6.53754984],[-75.07887431,6.53755135],[-75.07888005,6.53755334],[-75.0788857,6.53755545],[-75.07889136,6.53755753],[-75.07889627,6.53755922],[-75.07890121,6.53756084],[-75.07890875,6.53756316],[-75.0789163,6.53756547],[-75.07892477,6.53756806],[-75.07893326,6.53757062],[-75.0789474,6.53757407],[-75.07896176,6.53757653],[-75.07896945,6.53757764],[-75.07897716,6.53757853],[-75.0789849,6.53757923],[-75.07899263,6.53757993],[-75.07900037,6.53758066],[-75.07900809,6.53758141],[-75.07901579,6.53758236],[-75.07902345,6.53758365],[-75.07905206,6.53758953],[-75.07908042,6.53759646],[-75.07910319,6.53760269],[-75.07912593,6.53760901],[-75.07913156,6.53761041],[-75.07913719,6.53761185],[-75.07914416,6.53761462],[-75.0791506,6.53761859],[-75.07915637,6.53762391],[-75.07916173,6.53762887],[-75.07917608,6.5376453],[-75.0791929,6.53766394],[-75.07920152,6.53767123],[-75.07920808,6.53767568],[-75.07920121,6.53767473],[-75.07914418,6.53766679],[-75.0791352,6.53766573],[-75.07910001,6.53766226],[-75.07899866,6.53765227],[-75.07897952,6.5376512],[-75.07887041,6.53764974],[-75.07875336,6.53764268],[-75.07874255,6.53764229],[-75.07851513,6.53763947],[-75.07844736,6.53763495],[-75.07840727,6.53763227],[-75.07830742,6.53761912],[-75.07813402,6.53758209],[-75.07803166,6.53755941],[-75.07797971,6.5375479],[-75.07786901,6.53752206],[-75.07779661,6.53750517]]],[[[-75.06237869,6.54064634],[-75.06237445,6.54064614],[-75.062371,6.54064631],[-75.06236756,6.54064674],[-75.06236411,6.54064739],[-75.06236071,6.54064826],[-75.06235678,6.54064954],[-75.06235774,6.54064658],[-75.06235785,6.54064207],[-75.0623579,6.54063983],[-75.06236152,6.54063735],[-75.06237683,6.54062396],[-75.06240363,6.54061249],[-75.06242871,6.54060936],[-75.06243424,6.54060868],[-75.06246677,6.5406106],[-75.06247115,6.54061006],[-75.06247839,6.54060916],[-75.06249739,6.54060679],[-75.06251844,6.54060285],[-75.06252801,6.54060106],[-75.06254679,6.54059573],[-75.06255199,6.54060197],[-75.06256568,6.54062238],[-75.06257601,6.54064468],[-75.06258274,6.54066832],[-75.0625857,6.54069272],[-75.06258481,6.54071729],[-75.06258009,6.54074141],[-75.06257312,6.54076125],[-75.06256355,6.54077997],[-75.06255157,6.54079725],[-75.06254246,6.54080769],[-75.0625264,6.54082234],[-75.06250846,6.54083464],[-75.06249679,6.54084332],[-75.06244802,6.54075045],[-75.06243146,6.54071038],[-75.06242578,6.54069664],[-75.06242572,6.54069646],[-75.06242415,6.54069235],[-75.06242246,6.54068828],[-75.06242069,6.54068427],[-75.06241882,6.5406803],[-75.06241685,6.54067638],[-75.06241478,6.54067255],[-75.06241255,6.54066884],[-75.06241012,6.54066529],[-75.06240771,6.54066225],[-75.06240596,6.54066033],[-75.06240511,6.5406594],[-75.0624038,6.54065815],[-75.06240233,6.54065675],[-75.06239937,6.54065436],[-75.06239646,6.54065239],[-75.06239341,6.54065067],[-75.06239024,6.54064921],[-75.06238697,6.54064802],[-75.06238288,6.54064697],[-75.06237869,6.54064634]]],[[[-75.07356706,6.55249854],[-75.07353415,6.5524839],[-75.07352964,6.55248425],[-75.07350509,6.55248617],[-75.07349264,6.55248136],[-75.07345786,6.55247097],[-75.0734568,6.55247082],[-75.07345011,6.55246986],[-75.07343144,6.55246849],[-75.07341455,6.55246102],[-75.07340591,6.55245459],[-75.07340371,6.55244132],[-75.07340653,6.55242875],[-75.07341583,6.55241902],[-75.07342549,6.55241181],[-75.07342687,6.55240681],[-75.07342949,6.55239727],[-75.07341427,6.5523872],[-75.07337117,6.55237875],[-75.07332222,6.55238244],[-75.07332186,6.55238238],[-75.07327554,6.55238546],[-75.07312717,6.55239211],[-75.07301938,6.55238961],[-75.07294914,6.55238799],[-75.07287618,6.55239057],[-75.07273765,6.55239548],[-75.07259316,6.55239718],[-75.07258643,6.55239725],[-75.07257231,6.55239399],[-75.07252209,6.55237603],[-75.07250802,6.55236578],[-75.07250551,6.55236075],[-75.07248276,6.55231507],[-75.07246439,6.55226346],[-75.07246609,6.55220698],[-75.07248605,6.55216957],[-75.07249742,6.55213795],[-75.0724925,6.55210446],[-75.07246841,6.55206052],[-75.07244154,6.55204052],[-75.07241461,6.55200425],[-75.07239817,6.55195933],[-75.07235572,6.55186952],[-75.0723192,6.55183126],[-75.07229709,6.55180811],[-75.0721792,6.55175714],[-75.07205236,6.55170484],[-75.07199495,6.55170123],[-75.0719519,6.55169762],[-75.07194228,6.55169699],[-75.07190341,6.55169444],[-75.07178701,6.55168682],[-75.07170512,6.5516699],[-75.07163036,6.55164146],[-75.07156136,6.55161731],[-75.07150827,6.55162612],[-75.07144224,6.55162637],[-75.07127983,6.55160921],[-75.07123637,6.55160462],[-75.07123077,6.55160403],[-75.07120342,6.55159275],[-75.07118651,6.55158578],[-75.07118058,6.55158179],[-75.07110998,6.55153423],[-75.07109569,6.5515246],[-75.07109429,6.55152366],[-75.0708791,6.5513787],[-75.07084984,6.55135897],[-75.07083222,6.55134709],[-75.07082712,6.55134365],[-75.07081809,6.55133902],[-75.07079921,6.55132934],[-75.07078877,6.55132097],[-75.07077029,6.55130617],[-75.07075514,6.55129403],[-75.07074805,6.55128835],[-75.07074068,6.55127653],[-75.07073323,6.55126456],[-75.07070463,6.5512187],[-75.07067977,6.55117559],[-75.07066607,6.55113735],[-75.07066133,6.5510841],[-75.07072379,6.55074016],[-75.07073531,6.55069723],[-75.07074842,6.55061543],[-75.07075683,6.5505629],[-75.07076477,6.55051334],[-75.07077576,6.55037978],[-75.07077413,6.55019559],[-75.07075607,6.55019743],[-75.07050204,6.55022329],[-75.07020905,6.5502531],[-75.07006931,6.55026732],[-75.0698469,6.55028996],[-75.06971004,6.55029809],[-75.06966882,6.55029414],[-75.06965905,6.55029107],[-75.06935516,6.55019538],[-75.06917397,6.55012919],[-75.06913165,6.55011374],[-75.06904486,6.55007515],[-75.06866536,6.54990644],[-75.06866182,6.54990486],[-75.06858575,6.54987105],[-75.06851109,6.54983786],[-75.06841822,6.54980054],[-75.06825089,6.5497333],[-75.06823896,6.54972851],[-75.06823587,6.54972726],[-75.06815316,6.54968176],[-75.06807888,6.54964348],[-75.06798814,6.54961211],[-75.06795906,6.54960495],[-75.06783839,6.54958387],[-75.06777379,6.54958411],[-75.06771754,6.54959558],[-75.06770124,6.5495989],[-75.06769435,6.54957934],[-75.06767883,6.54953525],[-75.06766556,6.54949752],[-75.06763566,6.54942576],[-75.06761174,6.54936596],[-75.06756989,6.54924635],[-75.06752803,6.54917458],[-75.06751759,6.54915021],[-75.06749216,6.54909086],[-75.06744433,6.54898321],[-75.06742362,6.54892995],[-75.06733774,6.54877194],[-75.06730639,6.54871427],[-75.06725004,6.54852834],[-75.06720421,6.54837713],[-75.06718934,6.5483312],[-75.06717391,6.54828355],[-75.06716177,6.54825011],[-75.06713556,6.54819165],[-75.06711053,6.5481034],[-75.0670955,6.54805039],[-75.06704443,6.54782523],[-75.0670057,6.54768537],[-75.06698083,6.54757205],[-75.06694718,6.54741856],[-75.06690212,6.54728307],[-75.06688375,6.54723984],[-75.0668637,6.54719263],[-75.0668169,6.54710695],[-75.06680231,6.54708223],[-75.06673916,6.54696773],[-75.06670293,6.54689008],[-75.06668365,6.5468377],[-75.0666552,6.54676038],[-75.06663837,6.54668657],[-75.06663432,6.54666881],[-75.06662391,6.54662316],[-75.06661668,6.54659144],[-75.06658933,6.54653126],[-75.0665681,6.54649941],[-75.06655298,6.54647673],[-75.06642187,6.54634306],[-75.06624548,6.54615762],[-75.06623994,6.5461513],[-75.06615114,6.54605],[-75.06612383,6.54601952],[-75.06610143,6.54599453],[-75.0660497,6.54592498],[-75.06600597,6.54586619],[-75.06589723,6.54572211],[-75.06577578,6.54555771],[-75.06571522,6.54547574],[-75.06570494,6.54546183],[-75.06569749,6.54545174],[-75.06569063,6.54544385],[-75.06558752,6.54532527],[-75.06558165,6.54531853],[-75.06557521,6.54531011],[-75.06554778,6.54527422],[-75.06550939,6.54522402],[-75.06550323,6.54521521],[-75.0654951,6.54520359],[-75.06549341,6.5452019],[-75.06548534,6.54519383],[-75.06546947,6.54517796],[-75.06546459,6.54517308],[-75.0654353,6.54514379],[-75.06540519,6.54509977],[-75.06538057,6.54506377],[-75.06535757,6.54503016],[-75.06532178,6.54499436],[-75.06530376,6.54497633],[-75.06527984,6.54492849],[-75.06526964,6.54490197],[-75.06526157,6.54488096],[-75.06524995,6.54485074],[-75.06520809,6.54479094],[-75.06520335,6.54478026],[-75.06519655,6.54476497],[-75.06518417,6.54473712],[-75.065184,6.54473542],[-75.0651782,6.54467731],[-75.06517804,6.54467652],[-75.06517628,6.54466774],[-75.06517222,6.54464741],[-75.06515083,6.54459928],[-75.0651483,6.54459359],[-75.06513635,6.54450388],[-75.06511841,6.54442614],[-75.06509332,6.54438096],[-75.0650903,6.54437553],[-75.06507971,6.54436224],[-75.06505865,6.54433818],[-75.06504988,6.54432815],[-75.06504666,6.54432447],[-75.06498687,6.54428261],[-75.06497451,6.54427785],[-75.06497207,6.54427691],[-75.06497103,6.54427651],[-75.0649526,6.54426942],[-75.06490913,6.5442527],[-75.06487021,6.54423473],[-75.0648654,6.54423251],[-75.0648314,6.54421682],[-75.06477758,6.54421083],[-75.06476444,6.54420725],[-75.06476373,6.54420608],[-75.06474655,6.54417274],[-75.06473946,6.544159],[-75.06468771,6.54405865],[-75.06466898,6.54402456],[-75.0646661,6.54401931],[-75.06463532,6.54396329],[-75.06459789,6.54389515],[-75.06459574,6.54389147],[-75.06458366,6.54387072],[-75.06455643,6.54382397],[-75.06452421,6.54377852],[-75.06448511,6.54374503],[-75.06446058,6.54372014],[-75.06443265,6.5436918],[-75.06441491,6.54367513],[-75.0643997,6.54366085],[-75.06436519,6.54362843],[-75.06433788,6.54360278],[-75.06428864,6.5435523],[-75.06426454,6.54350905],[-75.06426331,6.54350684],[-75.06424488,6.54347515],[-75.06423245,6.5434531],[-75.06420852,6.54343062],[-75.06418737,6.54341733],[-75.06416401,6.54340651],[-75.06415473,6.54340222],[-75.06404557,6.54335841],[-75.06397681,6.54333082],[-75.06393202,6.54331494],[-75.0638697,6.54329285],[-75.06382249,6.54328681],[-75.06381282,6.54328557],[-75.06378469,6.54328197],[-75.06370795,6.54327705],[-75.0636203,6.5432667],[-75.06360028,6.54326433],[-75.06355833,6.54325938],[-75.06352781,6.54325577],[-75.0635142,6.5432531],[-75.06347679,6.54324575],[-75.06344462,6.54323799],[-75.0634202,6.54323137],[-75.06341428,6.54322977],[-75.06339911,6.54321968],[-75.06338255,6.54320592],[-75.06337195,6.54318755],[-75.06335768,6.54316275],[-75.06335762,6.54316261],[-75.06334437,6.54312485],[-75.06331574,6.54304327],[-75.0633014,6.54300241],[-75.0632949,6.54296151],[-75.06329327,6.54294599],[-75.06329031,6.54291785],[-75.06328978,6.54291279],[-75.06328466,6.54286177],[-75.06328006,6.54281764],[-75.06327953,6.54281259],[-75.06327,6.54276271],[-75.06326935,6.54275929],[-75.06326241,6.54272896],[-75.06329757,6.54274646],[-75.06336961,6.54277253],[-75.06344354,6.54278629],[-75.06353363,6.54276923],[-75.0636941,6.54273884],[-75.06376095,6.54261391],[-75.06376105,6.54261373],[-75.06377702,6.54258388],[-75.06381763,6.54250799],[-75.06378351,6.54245464],[-75.06373311,6.54241776],[-75.06366929,6.54240314],[-75.06366064,6.54240116],[-75.06343454,6.5423632],[-75.0633509,6.54223085],[-75.06333019,6.54219058],[-75.06321924,6.54197483],[-75.06316439,6.54191341],[-75.06307966,6.54178932],[-75.06306461,6.5417621],[-75.06299755,6.54164073],[-75.06288426,6.5414378],[-75.06262361,6.54127432],[-75.06261937,6.54124524],[-75.06259864,6.5412039],[-75.0625889,6.54118585],[-75.06257965,6.54116869],[-75.06257883,6.54116716],[-75.06257006,6.54113638],[-75.06256265,6.54110053],[-75.06255789,6.54104148],[-75.06255564,6.54101366],[-75.06255052,6.54097],[-75.06254069,6.54093],[-75.06253918,6.54092668],[-75.06253577,6.54091922],[-75.06253002,6.5409066],[-75.06251946,6.54088649],[-75.06251817,6.54088404],[-75.06252135,6.54088141],[-75.06254033,6.5408677],[-75.062555,6.54085646],[-75.06257876,6.54083296],[-75.0625984,6.54080592],[-75.0626134,6.54077605],[-75.06262337,6.54074414],[-75.06262799,6.54071178],[-75.06262742,6.5406791],[-75.06262168,6.54064691],[-75.06261091,6.54061605],[-75.06259538,6.54058728],[-75.06259391,6.54058499],[-75.06259954,6.54058076],[-75.06261754,6.54056724],[-75.06266487,6.54053171],[-75.06279318,6.54043536],[-75.06280199,6.54042874],[-75.06289499,6.54035892],[-75.06300733,6.54027457],[-75.06315052,6.54016706],[-75.06316988,6.54015251],[-75.06317234,6.54015067],[-75.06314352,6.54012334],[-75.06311508,6.54009638],[-75.0631042,6.54008605],[-75.06301455,6.53998913],[-75.06296957,6.53993798],[-75.06293565,6.5398994],[-75.06291393,6.53987661],[-75.06288212,6.53984325],[-75.06286034,6.53982042],[-75.06282081,6.53978082],[-75.06274866,6.53970854],[-75.06274688,6.53970675],[-75.06266321,6.53961402],[-75.06258905,6.53946459],[-75.06257344,6.53943312],[-75.06248705,6.53925904],[-75.0624182,6.5391203],[-75.06240515,6.53908566],[-75.06239832,6.53906752],[-75.06237734,6.53901185],[-75.06235104,6.53894203],[-75.06225712,6.53885293],[-75.06221406,6.53881207],[-75.06217623,6.53877618],[-75.06211417,6.53871808],[-75.06204061,6.53864921],[-75.06199429,6.53860585],[-75.06195467,6.53856876],[-75.06194007,6.53855509],[-75.06192258,6.53853804],[-75.06185568,6.53847282],[-75.06174474,6.53836465],[-75.06173322,6.53835342],[-75.06173173,6.53835197],[-75.06172341,6.53820716],[-75.06172152,6.5381744],[-75.06171904,6.53813122],[-75.06171799,6.53811286],[-75.06171606,6.5380944],[-75.06171301,6.53806508],[-75.06170765,6.53801365],[-75.06170686,6.53800606],[-75.06169883,6.53797385],[-75.06169469,6.53795726],[-75.06168578,6.53793182],[-75.06168186,6.53792063],[-75.06167788,6.53790927],[-75.0616735,6.53789676],[-75.0616643,6.53787049],[-75.06165813,6.53785677],[-75.06164417,6.53781854],[-75.06164006,6.53780731],[-75.06163404,6.53779081],[-75.06163353,6.53778942],[-75.06165985,6.53777149],[-75.06166982,6.53776448],[-75.06168527,6.53775361],[-75.06169214,6.53774878],[-75.06172684,6.53772129],[-75.06173771,6.53771446],[-75.06175325,6.53770469],[-75.06179388,6.53767916],[-75.06181139,6.53766815],[-75.06182202,6.53766148],[-75.06183632,6.53765378],[-75.06187178,6.53763471],[-75.06190431,6.53762133],[-75.06194077,6.53760949],[-75.06194259,6.5376089],[-75.06197556,6.53760093],[-75.0619777,6.53760041],[-75.06201766,6.53758824],[-75.06202376,6.53758639],[-75.06207677,6.53757025],[-75.06210289,6.53755992],[-75.06215023,6.53753628],[-75.06222001,6.53748537],[-75.06223091,6.53747233],[-75.0622467,6.53745343],[-75.06225888,6.53741504],[-75.06226572,6.53737806],[-75.06226683,6.53734956],[-75.0622649,6.53730906],[-75.06226368,6.53728354],[-75.06225861,6.53725356],[-75.06225475,6.53723077],[-75.06225024,6.53720211],[-75.0622433,6.53715804],[-75.06223319,6.53712812],[-75.06220126,6.53703364],[-75.0621808,6.53698774],[-75.06215592,6.53694409],[-75.06215365,6.53694056],[-75.06214904,6.53693357],[-75.06214189,6.53692323],[-75.06211893,6.53689324],[-75.06211139,6.53688433],[-75.06209088,6.53686179],[-75.06207441,6.53683614],[-75.06206671,6.53681966],[-75.0620607,6.5368025],[-75.06205929,6.53679749],[-75.06205865,6.536795],[-75.06205675,6.5367865],[-75.06205556,6.53677993],[-75.06205662,6.53675814],[-75.06205967,6.53673655],[-75.06206023,6.53673369],[-75.06206133,6.5367285],[-75.06206307,6.5367213],[-75.0620652,6.53671356],[-75.06206612,6.53671063],[-75.06206628,6.53671011],[-75.0620676,6.5367059],[-75.06210427,6.53670904],[-75.06217048,6.53670905],[-75.06222454,6.53670906],[-75.06225436,6.53670708],[-75.06245416,6.5366805],[-75.06246749,6.53667873],[-75.06248539,6.53667561],[-75.06252192,6.53666442],[-75.06275463,6.53657093],[-75.06278177,6.53656003],[-75.06279188,6.53655568],[-75.06291962,6.53649699],[-75.06299217,6.53646365],[-75.06302058,6.53645059],[-75.06319477,6.53637349],[-75.06324589,6.5363535],[-75.06332377,6.53632305],[-75.06335904,6.53630925],[-75.06343057,6.53629239],[-75.06348887,6.53628829],[-75.06360059,6.53629509],[-75.06367316,6.53631395],[-75.06368894,6.53632163],[-75.06376155,6.53635699],[-75.06385914,6.5364381],[-75.06398686,6.53664107],[-75.06405565,6.53675024],[-75.06408956,6.53680404],[-75.06410762,6.53682881],[-75.06411779,6.53684014],[-75.06419697,6.53692254],[-75.0642146,6.5369409],[-75.06423229,6.53695744],[-75.06424653,6.53696845],[-75.06427135,6.53698612],[-75.06429674,6.53700419],[-75.06432802,6.53702645],[-75.06434605,6.53703804],[-75.0643684,6.53704934],[-75.06451514,6.53711362],[-75.06451728,6.53711455],[-75.06453064,6.5371199],[-75.06454512,6.53712463],[-75.06464611,6.53715386],[-75.06475205,6.53718453],[-75.06475677,6.53718583],[-75.06496548,6.53724138],[-75.06519053,6.53732287],[-75.06535452,6.53738104],[-75.06539081,6.53739061],[-75.06539747,6.53739168],[-75.06554358,6.53741298],[-75.0655711,6.53741529],[-75.06574864,6.53741928],[-75.06575371,6.53741934],[-75.06577166,6.53741863],[-75.06580152,6.53741625],[-75.06584752,6.53741259],[-75.06597912,6.5374021],[-75.06604903,6.53739654],[-75.06605621,6.53739585],[-75.06620111,6.53737964],[-75.06635657,6.53736225],[-75.06656688,6.53734927],[-75.06659372,6.53734762],[-75.06661465,6.53734534],[-75.06680689,6.53731535],[-75.067002,6.53728857],[-75.06701051,6.53728724],[-75.06702065,6.53728521],[-75.06715441,6.53725527],[-75.06717662,6.53725029],[-75.06720454,6.53724212],[-75.06720955,6.53724024],[-75.06740569,6.53716354],[-75.06740833,6.53716242],[-75.06741053,6.53716149],[-75.06741382,6.5371601],[-75.06741745,6.53715856],[-75.06741776,6.53715842],[-75.06742119,6.53715685],[-75.06746955,6.53713472],[-75.06748922,6.53712571],[-75.06751192,6.53711532],[-75.06751555,6.53711366],[-75.06753095,6.53710661],[-75.06761181,6.5370696],[-75.06763437,6.53705928],[-75.06765332,6.5370495],[-75.0676647,6.53704247],[-75.0676925,6.53702415],[-75.06788667,6.53689616],[-75.06815316,6.53672409],[-75.06817746,6.53670841],[-75.06830242,6.53662772],[-75.06832213,6.53661443],[-75.06855381,6.53645814],[-75.06861217,6.53641999],[-75.06871951,6.53634983],[-75.06886363,6.53625951],[-75.06886999,6.53625553],[-75.06887421,6.53625282],[-75.06897347,6.53618751],[-75.06900404,6.53617143],[-75.0690249,6.53616533],[-75.06903597,6.5361621],[-75.06903756,6.53616202],[-75.06905123,6.53616132],[-75.06907278,6.53616022],[-75.06909114,6.53616044],[-75.06915628,6.53616121],[-75.069264,6.53617987],[-75.06933085,6.53620298],[-75.0694044,6.53624423],[-75.06949474,6.53631726],[-75.06949483,6.53631733],[-75.06949513,6.53631757],[-75.06950607,6.53632642],[-75.06951676,6.53633579],[-75.06952092,6.53634032],[-75.06963643,6.53646637],[-75.06964017,6.53647036],[-75.06977053,6.53660588],[-75.06977747,6.53661236],[-75.06978812,6.53662231],[-75.06979909,6.53663096],[-75.06983245,6.53665561],[-75.06994419,6.53673818],[-75.06996306,6.53675071],[-75.07005504,6.53680536],[-75.07007225,6.53681558],[-75.07010917,6.53683295],[-75.07011853,6.53683613],[-75.07017955,6.53685536],[-75.07020824,6.53686238],[-75.07022522,6.53686472],[-75.07037676,6.53687972],[-75.07039909,6.53688083],[-75.07056139,6.53688072],[-75.07061337,6.53688069],[-75.07062332,6.53688047],[-75.07092463,6.536867],[-75.07111132,6.53685866],[-75.0712382,6.53686118],[-75.07124741,6.53686109],[-75.07127376,6.53686028],[-75.07142907,6.53685551],[-75.07153685,6.53685911],[-75.07169813,6.53686753],[-75.07178832,6.53689615],[-75.07191212,6.53696273],[-75.07201164,6.53704862],[-75.07201463,6.53705115],[-75.07216881,6.5371787],[-75.07220087,6.53720085],[-75.07224582,6.53722639],[-75.0723112,6.53726353],[-75.07242533,6.53732836],[-75.07258151,6.53740757],[-75.07261399,6.53742151],[-75.07273163,6.53746139],[-75.07308678,6.53757772],[-75.07323362,6.53762939],[-75.07325002,6.53763447],[-75.07339218,6.53767264],[-75.07341153,6.53767694],[-75.07345089,6.53768037],[-75.0735486,6.53768028],[-75.07356699,6.53767951],[-75.07364593,6.53767299],[-75.07370483,6.53766813],[-75.07387563,6.53760953],[-75.07390357,6.53759995],[-75.0739536,6.53758069],[-75.07406215,6.5375389],[-75.07421048,6.53748181],[-75.0742573,6.53746698],[-75.07426928,6.53746318],[-75.07427098,6.53746265],[-75.07427743,6.5374606],[-75.0742882,6.53745962],[-75.07432622,6.53744926],[-75.07433093,6.53744739],[-75.07437348,6.53743363],[-75.0743776,6.53743267],[-75.07439353,6.53742896],[-75.0744287,6.53742077],[-75.07444075,6.53741936],[-75.07446792,6.53741617],[-75.07447073,6.53741584],[-75.07447526,6.53741531],[-75.07449241,6.53741619],[-75.07451065,6.53741713],[-75.074537,6.53741848],[-75.07454581,6.53741894],[-75.07456542,6.53742193],[-75.07461769,6.53742992],[-75.07466229,6.53744418],[-75.07468107,6.53745255],[-75.07469149,6.5374574],[-75.07473828,6.53747914],[-75.07475003,6.53748542],[-75.07476423,6.53749299],[-75.07484283,6.53753496],[-75.07488871,6.53756099],[-75.0749125,6.5375745],[-75.07497417,6.53760857],[-75.07501557,6.53763145],[-75.0750491,6.53764998],[-75.07505578,6.53765394],[-75.07512669,6.53769601],[-75.07513196,6.537699],[-75.0751476,6.53770755],[-75.07520389,6.53773836],[-75.07521262,6.53774289],[-75.07526302,6.5377677],[-75.07530815,6.5377899],[-75.07533141,6.53780135],[-75.07534803,6.53780871],[-75.07546502,6.53785501],[-75.0754661,6.53785542],[-75.07547176,6.53785756],[-75.07548801,6.53786219],[-75.07550098,6.53786589],[-75.07559023,6.53788496],[-75.07559832,6.53788653],[-75.07566363,6.53789801],[-75.07568641,6.53790079],[-75.07572715,6.53790368],[-75.07582416,6.53791054],[-75.07584105,6.5379111],[-75.07584895,6.53791093],[-75.07588223,6.53790963],[-75.07589576,6.5379091],[-75.07591578,6.53790832],[-75.07594759,6.53790708],[-75.07597893,6.53790365],[-75.0759895,6.53790148],[-75.07606132,6.53788493],[-75.07609925,6.53787883],[-75.0761015,6.53787846],[-75.07612958,6.53787394],[-75.07623055,6.53785768],[-75.07624833,6.53785392],[-75.07635118,6.53782771],[-75.07635401,6.53782699],[-75.07636569,6.53782336],[-75.07637639,6.53782003],[-75.07640445,6.5378068],[-75.07641203,6.53780323],[-75.07641928,6.53779923],[-75.07651973,6.53778037],[-75.07660287,6.53776476],[-75.07662972,6.53775972],[-75.07663342,6.53775929],[-75.07668335,6.5377536],[-75.07669441,6.53775366],[-75.07668299,6.53775639],[-75.07666446,6.53776562],[-75.07665716,6.53776926],[-75.07663871,6.53778712],[-75.07662645,6.53779899],[-75.0766177,6.53780746],[-75.07653853,6.53790982],[-75.07649244,6.53797918],[-75.07648517,6.53799751],[-75.07648049,6.53801812],[-75.07648225,6.53803969],[-75.07648835,6.53805839],[-75.07649665,6.53806627],[-75.07650714,6.53807028],[-75.07651368,6.53807278],[-75.07652785,6.53807571],[-75.07654151,6.53807943],[-75.07654721,6.53808399],[-75.07655012,6.53809296],[-75.07654917,6.53810016],[-75.07654539,6.53810817],[-75.07653339,6.53811627],[-75.07651365,6.53812399],[-75.07651112,6.53812498],[-75.07647524,6.53813615],[-75.0764583,6.53813864],[-75.07644656,6.53814198],[-75.07644421,6.53814265],[-75.07643669,6.5381482],[-75.07640823,6.53816924],[-75.0763759,6.53820963],[-75.07630828,6.53829408],[-75.07624505,6.53835619],[-75.07613278,6.53846646],[-75.07596521,6.53860949],[-75.07586522,6.53867835],[-75.07585275,6.53868764],[-75.07577626,6.53874464],[-75.07577293,6.53874713],[-75.07556106,6.53892966],[-75.07554492,6.53895859],[-75.07554157,6.53896897],[-75.07553943,6.5389756],[-75.0755331,6.53900956],[-75.07551675,6.53917304],[-75.07551854,6.53935226],[-75.07552458,6.53954129],[-75.07552601,6.53958636],[-75.0755242,6.53961],[-75.07551622,6.53963473],[-75.07550361,6.53965747],[-75.07549881,6.53966087],[-75.07545515,6.53969188],[-75.075445,6.5396998],[-75.07532824,6.53979082],[-75.07532066,6.53980374],[-75.0753152,6.53982228],[-75.07531138,6.53985193],[-75.07531043,6.53985931],[-75.07530967,6.53988602],[-75.07531012,6.53993121],[-75.07531161,6.53997741],[-75.07530979,6.54005241],[-75.07529673,6.54008234],[-75.07528008,6.54011282],[-75.07523984,6.54014663],[-75.07519902,6.54017377],[-75.07513962,6.5401929],[-75.07506013,6.54020556],[-75.07498126,6.54021549],[-75.07495752,6.54021847],[-75.07490379,6.54023908],[-75.07480826,6.54029197],[-75.07472525,6.54036424],[-75.07467432,6.54040793],[-75.07461901,6.5404758],[-75.0745775,6.54053684],[-75.07448753,6.54068366],[-75.07446064,6.54071681],[-75.07444096,6.54075297],[-75.07443861,6.54075937],[-75.07441496,6.54082361],[-75.07438657,6.54091327],[-75.0743672,6.54097973],[-75.0743395,6.5410291],[-75.07432632,6.54105258],[-75.07431948,6.54107131],[-75.07429882,6.54112785],[-75.0742948,6.54113951],[-75.07428085,6.54117991],[-75.07427516,6.54121605],[-75.07427463,6.54121939],[-75.07426829,6.54125965],[-75.07426383,6.54130321],[-75.07425893,6.54135116],[-75.07425421,6.54136857],[-75.07425052,6.5413822],[-75.07424456,6.54140421],[-75.07421494,6.54147232],[-75.07411819,6.54160893],[-75.07409955,6.54164559],[-75.07409484,6.54166566],[-75.07408992,6.54168659],[-75.07408674,6.54170017],[-75.07408339,6.54173067],[-75.07408168,6.54174632],[-75.07407497,6.54180763],[-75.07407191,6.54182139],[-75.07406924,6.54183339],[-75.07406842,6.54183705],[-75.07406694,6.54184344],[-75.07406522,6.54185088],[-75.07406036,6.54186072],[-75.07405166,6.54187768],[-75.07404502,6.54189365],[-75.0740447,6.54189443],[-75.07403735,6.54191935],[-75.07403147,6.54194553],[-75.07402823,6.54196828],[-75.07402737,6.54197431],[-75.07402728,6.54197496],[-75.07402175,6.54203937],[-75.07401901,6.54207125],[-75.07401673,6.54208981],[-75.07401088,6.54211128],[-75.07400987,6.54211498],[-75.07399976,6.54214283],[-75.07399697,6.54214787],[-75.07398342,6.54217232],[-75.07395904,6.54220659],[-75.07395883,6.54220688],[-75.07395174,6.54221913],[-75.07394396,6.54223259],[-75.07394149,6.54223685],[-75.07392932,6.54226913],[-75.07392597,6.54228117],[-75.07392355,6.54228983],[-75.07392327,6.54229084],[-75.07392156,6.5423047],[-75.07392045,6.54232699],[-75.07392132,6.54234931],[-75.07392158,6.542351],[-75.07392333,6.54236273],[-75.07392421,6.54236681],[-75.07392679,6.54237876],[-75.07389348,6.5424092],[-75.07389171,6.54241081],[-75.0738904,6.54241536],[-75.07388864,6.54242145],[-75.07388087,6.54243698],[-75.07387887,6.54244097],[-75.07385015,6.54248402],[-75.0738288,6.54251719],[-75.07380707,6.54255098],[-75.07379153,6.54258547],[-75.07373759,6.54274852],[-75.07373633,6.54275232],[-75.07369999,6.54286217],[-75.07369691,6.54287148],[-75.07366333,6.54305877],[-75.07365526,6.54314056],[-75.0736493,6.54320108],[-75.07363924,6.54330315],[-75.07363434,6.54371792],[-75.07364473,6.54384556],[-75.07365051,6.54391656],[-75.07365915,6.54402279],[-75.0735701,6.54433137],[-75.0735034,6.54454173],[-75.07350201,6.54454611],[-75.07350192,6.54454638],[-75.07350522,6.54455548],[-75.07350852,6.54456457],[-75.07352069,6.54459815],[-75.0735392,6.54464921],[-75.07353933,6.54465006],[-75.07354713,6.54469998],[-75.07354744,6.54470198],[-75.07354998,6.5447182],[-75.07355277,6.54473604],[-75.07355332,6.54474077],[-75.07356247,6.54481932],[-75.07356506,6.54484158],[-75.07356801,6.54486689],[-75.07357002,6.54491716],[-75.07357134,6.54495023],[-75.07357291,6.54498947],[-75.07357471,6.54503452],[-75.07357481,6.54503707],[-75.07358119,6.54505303],[-75.07358936,6.54506448],[-75.07360939,6.54509256],[-75.07361348,6.54509639],[-75.07362428,6.54510654],[-75.07363008,6.54511198],[-75.07363136,6.54511319],[-75.07375109,6.54522559],[-75.07377662,6.54526535],[-75.07378216,6.54527971],[-75.07379169,6.54530439],[-75.07380524,6.54533465],[-75.07380689,6.54534862],[-75.07381366,6.54540627],[-75.07381839,6.54544647],[-75.07383992,6.5455613],[-75.07384106,6.54557962],[-75.07384141,6.54558521],[-75.07384439,6.54563292],[-75.07386297,6.5457873],[-75.07386426,6.54579632],[-75.07386861,6.54582682],[-75.07387825,6.54588788],[-75.07389013,6.54596317],[-75.0738907,6.54596991],[-75.07389731,6.54604929],[-75.07389816,6.54606107],[-75.07391059,6.54623298],[-75.07391384,6.54627799],[-75.07392955,6.54649522],[-75.07393309,6.5465442],[-75.07393645,6.54659067],[-75.07393887,6.54662418],[-75.07394034,6.5466521],[-75.07394034,6.54666807],[-75.07394034,6.54668213],[-75.07394034,6.54678845],[-75.07393815,6.54680669],[-75.07393677,6.54681819],[-75.07392446,6.54692072],[-75.07392148,6.54693739],[-75.07391845,6.5469543],[-75.07391472,6.5469751],[-75.0738996,6.54705951],[-75.0738933,6.54709466],[-75.07388081,6.54716438],[-75.0738785,6.54717726],[-75.0738776,6.54718227],[-75.07387292,6.54720843],[-75.07386737,6.54723938],[-75.07385628,6.54730128],[-75.07385055,6.54733329],[-75.07384204,6.54738079],[-75.07383525,6.54741868],[-75.07382887,6.54745462],[-75.07377909,6.54773535],[-75.07377752,6.54779589],[-75.07377407,6.54792888],[-75.07377679,6.5479839],[-75.0737933,6.5480541],[-75.07383567,6.54823429],[-75.07385458,6.5482803],[-75.07383113,6.54839525],[-75.07377654,6.54850316],[-75.07375204,6.54852445],[-75.07369453,6.54855502],[-75.07369451,6.54861245],[-75.07369449,6.54865559],[-75.07370162,6.54875607],[-75.0737231,6.54888525],[-75.07372329,6.54888985],[-75.07372481,6.54892497],[-75.0737264,6.54896203],[-75.07372857,6.54901251],[-75.0737302,6.5490503],[-75.07373014,6.54918666],[-75.07373187,6.54920924],[-75.07373728,6.54927995],[-75.07373727,6.54929962],[-75.07373724,6.54937324],[-75.07373722,6.54943908],[-75.0737372,6.54947371],[-75.07374681,6.54955083],[-75.0737515,6.54958854],[-75.07375837,6.5496575],[-75.07375865,6.54966031],[-75.07376578,6.54976078],[-75.0737693,6.54980139],[-75.0737787,6.54991005],[-75.07378007,6.54992584],[-75.07379167,6.55004238],[-75.07379436,6.55006937],[-75.073823,6.55022008],[-75.07382862,6.55023246],[-75.07384344,6.55026507],[-75.07388146,6.55034873],[-75.07399876,6.55060686],[-75.07400626,6.55062337],[-75.07402732,6.55066972],[-75.07410963,6.55085084],[-75.07411744,6.55086803],[-75.07414377,6.5509271],[-75.07430226,6.55128257],[-75.07432305,6.55134343],[-75.07432876,6.55136018],[-75.07433742,6.55138553],[-75.07436054,6.55143032],[-75.07436223,6.55143247],[-75.07438224,6.55145788],[-75.07441622,6.55152451],[-75.07443443,6.5515948],[-75.07443822,6.55164719],[-75.07443412,6.55170319],[-75.07442496,6.55174917],[-75.07441992,6.55178788],[-75.07441931,6.55179255],[-75.07441743,6.55180252],[-75.07439855,6.55190238],[-75.07439656,6.55191532],[-75.07439644,6.55191539],[-75.07439149,6.55193587],[-75.07439154,6.55193861],[-75.07437481,6.55198577],[-75.07436449,6.55200494],[-75.07432055,6.5520541],[-75.0742427,6.55211761],[-75.07424047,6.55211942],[-75.07420931,6.55214229],[-75.07414227,6.55219151],[-75.07394072,6.55233041],[-75.07393175,6.5523366],[-75.07389784,6.552361],[-75.07375282,6.55246535],[-75.07374234,6.55247237],[-75.07365765,6.552529],[-75.07365201,6.55253277],[-75.07361327,6.55251909],[-75.07356706,6.55249854]]]]}},{"type":"Feature","properties":{"Proyecto":"Puente Cisneros","Municipio":"Cisneros","sector":"U","Matricula":"038-19832","terreno_co":"051900100001700070001000000000","Propietari":null,"ABS":null,"Area_Total":0,"Area_Req":250.994867504,"Area_Rem":0,"AreaSobran":0,"Shape_Leng":0,"Shape_Area":0},"geometry":{"type":"Polygon","coordinates":[[[-75.07860724,6.53725469],[-75.07860313,6.53725429],[-75.07859423,6.53725485],[-75.07858533,6.5372553],[-75.07857065,6.53725449],[-75.07855599,6.53725313],[-75.07854931,6.53725221],[-75.07854264,6.53725129],[-75.07853662,6.53725058],[-75.07853059,6.53725004],[-75.0785217,6.53724992],[-75.07851281,6.53725052],[-75.07850053,6.53725194],[-75.07848829,6.53725359],[-75.07847943,6.5372554],[-75.07847063,6.53725686],[-75.07846701,6.53725467],[-75.07846426,6.5372517],[-75.07846195,6.53724851],[-75.07845888,6.537243],[-75.07845584,6.53723748],[-75.07845346,6.53723376],[-75.07845057,6.5372304],[-75.07844481,6.53722611],[-75.07843866,6.53722248],[-75.07843243,6.53721885],[-75.07842601,6.53721564],[-75.07842494,6.53721521],[-75.07840373,6.53720951],[-75.07839818,6.53720897],[-75.07839254,6.53720921],[-75.07838156,6.53720944],[-75.07837058,6.53720974],[-75.07836178,6.53721003],[-75.07835298,6.5372105],[-75.07834093,6.53721184],[-75.07832893,6.53721365],[-75.07830306,6.53721784],[-75.07827732,6.53722282],[-75.07825455,6.53722835],[-75.0782211,6.53723905],[-75.07818858,6.53725253],[-75.07817935,6.53725738],[-75.07817014,6.53726222],[-75.07816316,6.53726538],[-75.07815614,6.53726846],[-75.07814613,6.5372727],[-75.07813575,6.53727632],[-75.07813052,6.53727713],[-75.07812527,6.53727723],[-75.0781182,6.53727729],[-75.07811114,6.53727665],[-75.07810614,6.53727535],[-75.07810129,6.53727356],[-75.07809439,6.53727072],[-75.07808774,6.53726737],[-75.0780718,6.53725676],[-75.07805673,6.53724507],[-75.07804583,6.53723518],[-75.07803059,6.53721909],[-75.07802252,6.5372114],[-75.07801358,6.53720451],[-75.07800696,6.53720131],[-75.07799988,6.53719946],[-75.0779938,6.53719842],[-75.0779877,6.53719768],[-75.07798183,6.53719726],[-75.07797596,6.53719759],[-75.07796762,6.53720039],[-75.07796059,6.53720576],[-75.07795559,6.53721126],[-75.07795072,6.53721679],[-75.07793253,6.53723785],[-75.07791428,6.5372589],[-75.07790854,6.53726448],[-75.07790193,6.53726944],[-75.07789488,6.537273],[-75.07788752,6.53727484],[-75.07788081,6.53727552],[-75.07787036,6.53727465],[-75.07786543,6.53727302],[-75.07786096,6.5372704],[-75.0778535,6.53726416],[-75.07784654,6.53725761],[-75.0778312,6.53724276],[-75.07781586,6.53722791],[-75.07779806,6.53721051],[-75.07778856,6.53720234],[-75.07777788,6.53719499],[-75.07777378,6.53719435],[-75.07776955,6.53719517],[-75.07776406,6.53719586],[-75.07775887,6.53719765],[-75.07774345,6.53720845],[-75.07772868,6.5372196],[-75.07771505,6.53723005],[-75.07770125,6.53724046],[-75.07769385,6.53724497],[-75.07768175,6.53724973],[-75.07766904,6.53725242],[-75.07766083,6.53725295],[-75.07765265,6.53725239],[-75.07764481,6.53725097],[-75.07763697,6.53724958],[-75.07762684,6.53724872],[-75.07761671,6.53724872],[-75.07760658,6.53725089],[-75.07759649,6.53725327],[-75.07758562,6.53725332],[-75.07757475,6.53725208],[-75.07756489,6.53724867],[-75.07755749,6.53724628],[-75.07752256,6.53722025],[-75.07750425,6.53720902],[-75.07747427,6.53720196],[-75.07745596,6.53720539],[-75.07745337,6.53721305],[-75.07745466,6.5372303],[-75.07744855,6.53723088],[-75.07743973,6.53723157],[-75.07743092,6.53723224],[-75.07742891,6.53723258],[-75.07739893,6.53720914],[-75.07737499,6.53719904],[-75.0773227,6.53718845],[-75.07725987,6.53717438],[-75.07725715,6.53717246],[-75.07725023,6.53716776],[-75.07723574,6.53716055],[-75.07722112,6.53715361],[-75.07721693,6.5371512],[-75.07721271,6.53714883],[-75.07720821,6.53714683],[-75.07720356,6.53714521],[-75.07719918,6.5371439],[-75.07719474,6.53714286],[-75.07718795,6.53714163],[-75.07718115,6.53714046],[-75.07717442,6.53713939],[-75.07716771,6.53713826],[-75.0771671,6.53713814],[-75.07715528,6.53713579],[-75.07714287,6.53713323],[-75.07712826,6.53713052],[-75.07711368,6.53712763],[-75.07710115,6.53712383],[-75.07708299,6.53711614],[-75.07706472,6.53710872],[-75.07705716,6.53710617],[-75.0770496,6.53710365],[-75.0770066,6.53708877],[-75.07699748,6.53708646],[-75.0769917,6.53708589],[-75.07693239,6.53705682],[-75.07686484,6.53702456],[-75.07682779,6.53700617],[-75.07680591,6.53699253],[-75.07678133,6.53697608],[-75.07675176,6.53695568],[-75.07670628,6.53692374],[-75.07663887,6.53687756],[-75.07660291,6.53684565],[-75.07659768,6.53684102],[-75.0765606,6.53680975],[-75.07652802,6.53678643],[-75.07649033,6.5367477],[-75.07646802,6.5367205],[-75.07644727,6.53669475],[-75.07642247,6.53667211],[-75.07639885,6.53665632],[-75.07637525,6.53664802],[-75.07634111,6.5366442],[-75.0763171,6.53664757],[-75.07630839,6.53664121],[-75.07629905,6.53663582],[-75.07628679,6.53663009],[-75.07627407,6.53662563],[-75.07625806,6.53662154],[-75.07624187,6.53661864],[-75.0762406,6.53661849],[-75.07622196,6.53661624],[-75.07620201,6.53661411],[-75.07618164,6.53661203],[-75.07616127,6.53661092],[-75.07614231,6.536612],[-75.07611403,6.53661699],[-75.07608591,6.53662371],[-75.07604944,6.53663276],[-75.07604771,6.53658779],[-75.0760453,6.53652534],[-75.07604555,6.53652444],[-75.07604985,6.53651053],[-75.07605717,6.53648405],[-75.07605739,6.53648326],[-75.07606614,6.53645162],[-75.07607471,6.53642063],[-75.07607511,6.53641918],[-75.07607896,6.53640529],[-75.0760858,6.53638056],[-75.07608663,6.5363785],[-75.07608951,6.53637132],[-75.07609675,6.5363533],[-75.07611775,6.53629668],[-75.07611811,6.53622997],[-75.07611821,6.53621012],[-75.07611823,6.53620666],[-75.07612723,6.53620545],[-75.07613988,6.53620376],[-75.07617442,6.53619272],[-75.0761861,6.53619022],[-75.07628182,6.53616721],[-75.07635788,6.53615289],[-75.0764629,6.53613638],[-75.07647836,6.53613013],[-75.07649987,6.53612144],[-75.07659157,6.53611316],[-75.07663535,6.53611155],[-75.07671444,6.53610993],[-75.07679996,6.53610885],[-75.07679971,6.5361134],[-75.07679895,6.53612706],[-75.0767973,6.53615252],[-75.07679659,6.53616343],[-75.07679557,6.53617918],[-75.07680611,6.53618133],[-75.07682832,6.53618585],[-75.07681809,6.53625408],[-75.07681645,6.53626508],[-75.07682508,6.53626588],[-75.07683267,6.53626659],[-75.07685349,6.53626853],[-75.07685549,6.53626871],[-75.0768879,6.53627173],[-75.07688747,6.53627478],[-75.07688605,6.53628483],[-75.07694491,6.53629504],[-75.07694625,6.53629527],[-75.0769496,6.5362862],[-75.07697027,6.53623016],[-75.07697681,6.53620777],[-75.07699417,6.5361438],[-75.07699568,6.53613824],[-75.07699965,6.53612364],[-75.07700016,6.53612174],[-75.07700228,6.53611393],[-75.0770094,6.53611403],[-75.07703848,6.53611446],[-75.07736769,6.53614212],[-75.07750121,6.53615333],[-75.07812547,6.53620577],[-75.07810035,6.5364175],[-75.0780331,6.53698419],[-75.07810947,6.53699759],[-75.07821585,6.53700815],[-75.07821656,6.53700822],[-75.07822008,6.53700857],[-75.07829575,6.53701608],[-75.07829485,6.53702508],[-75.07830044,6.53702563],[-75.07832572,6.53702814],[-75.07833436,6.53702824],[-75.07838802,6.53702882],[-75.07846582,6.53703693],[-75.07849416,6.53703988],[-75.07850301,6.5370406],[-75.07860525,6.53704897],[-75.0786053,6.53704897],[-75.07866466,6.53705661],[-75.07872163,6.53706278],[-75.07877254,6.5370683],[-75.07876708,6.53708498],[-75.07876461,6.53709254],[-75.0787531,6.53712773],[-75.07874882,6.53714081],[-75.07872843,6.53720314],[-75.07872584,6.53721105],[-75.0787233,6.53721882],[-75.07871118,6.53725589],[-75.07868367,6.5373233],[-75.07867429,6.53731624],[-75.07864875,6.53729396],[-75.07864727,6.53729216],[-75.07864287,6.53728623],[-75.0786385,6.53728029],[-75.07863621,6.53727723],[-75.0786339,6.53727419],[-75.0786319,6.53727164],[-75.07862983,6.53726913],[-75.07862719,6.53726624],[-75.07862432,6.53726355],[-75.07862178,6.53726158],[-75.07861909,6.53725981],[-75.07861531,6.53725761],[-75.07861128,6.5372558],[-75.07860724,6.53725469]]]}},{"type":"Feature","properties":{"Proyecto":"Puente Cisneros","Municipio":"El Santuario","sector":"U","Matricula":"038-12732","terreno_co":"051900100001700060008900000000","Propietari":null,"ABS":null,"Area_Total":72,"Area_Req":72,"Area_Rem":0,"AreaSobran":0,"Shape_Leng":0,"Shape_Area":0},"geometry":{"type":"Polygon","coordinates":[[[-75.07810947,6.53699759],[-75.07811353,6.53695674],[-75.07811483,6.53694359],[-75.07812234,6.53694434],[-75.07819696,6.53695175],[-75.07820912,6.53695296],[-75.07822189,6.53695423],[-75.07822294,6.53695434],[-75.07822293,6.5369544],[-75.07822192,6.53696294],[-75.07822175,6.53696436],[-75.07821688,6.53700552],[-75.07821656,6.53700822],[-75.07821585,6.53700815],[-75.07810947,6.53699759]]]}},{"type":"Feature","properties":{"Proyecto":"Puente Cisneros","Municipio":"El Santuario","sector":"U","Matricula":"038-4956","terreno_co":"051900100001700060009000000000","Propietari":null,"ABS":null,"Area_Total":72,"Area_Req":72,"Area_Rem":0,"AreaSobran":0,"Shape_Leng":0,"Shape_Area":0},"geometry":{"type":"Polygon","coordinates":[[[-75.07811483,6.53694359],[-75.07811909,6.53690072],[-75.0781202,6.53688959],[-75.07821653,6.53689918],[-75.07822006,6.53689953],[-75.07822358,6.53689988],[-75.07822794,6.53690031],[-75.07822889,6.53690041],[-75.07822932,6.53690045],[-75.07822873,6.53690542],[-75.07822846,6.53690768],[-75.07822791,6.53691232],[-75.07822756,6.53691527],[-75.07822587,6.53692957],[-75.07822498,6.53693707],[-75.07822309,6.53695306],[-75.07822294,6.53695434],[-75.07822189,6.53695423],[-75.07820912,6.53695296],[-75.07819696,6.53695175],[-75.07812234,6.53694434],[-75.07811483,6.53694359]]]}},{"type":"Feature","properties":{"Proyecto":"Puente Cisneros","Municipio":"Cisneros","sector":"U","Matricula":"038-4957","terreno_co":"051900100001700060010000000000","Propietari":null,"ABS":null,"Area_Total":72,"Area_Req":72,"Area_Rem":0,"AreaSobran":0,"Shape_Leng":0,"Shape_Area":0},"geometry":{"type":"Polygon","coordinates":[[[-75.0781202,6.53688959],[-75.07812442,6.53684714],[-75.07812557,6.53683559],[-75.078137,6.53683666],[-75.07813949,6.53683689],[-75.07814089,6.53683702],[-75.07815387,6.53683824],[-75.07815723,6.53683855],[-75.0781804,6.53684071],[-75.07821378,6.53684383],[-75.07821804,6.53684423],[-75.07822943,6.53684529],[-75.07823405,6.53684572],[-75.07823442,6.53684576],[-75.07823036,6.53688925],[-75.07823016,6.53689139],[-75.07822962,6.53689718],[-75.07822945,6.53689897],[-75.07822944,6.53689913],[-75.0782294,6.53689952],[-75.07822932,6.53690045],[-75.07822889,6.53690041],[-75.07822794,6.53690031],[-75.07822358,6.53689988],[-75.07822006,6.53689953],[-75.07821653,6.53689918],[-75.0781202,6.53688959]]]}},{"type":"Feature","properties":{"Proyecto":"Puente Cisneros","Municipio":"Cisneros","sector":"U","Matricula":"038-12732","terreno_co":"051900100001700060008900000000","Propietari":null,"ABS":null,"Area_Total":91,"Area_Req":91,"Area_Rem":0,"AreaSobran":0,"Shape_Leng":0,"Shape_Area":0},"geometry":{"type":"Polygon","coordinates":[[[-75.07810947,6.53699759],[-75.07811353,6.53695674],[-75.07811483,6.53694359],[-75.07812234,6.53694434],[-75.07819696,6.53695175],[-75.07820912,6.53695296],[-75.07822189,6.53695423],[-75.07822294,6.53695434],[-75.07822293,6.5369544],[-75.07822192,6.53696294],[-75.07822175,6.53696436],[-75.07821688,6.53700552],[-75.07821656,6.53700822],[-75.07821585,6.53700815],[-75.07810947,6.53699759]]]}},{"type":"Feature","properties":{"Proyecto":"Puente El Volcan","Municipio":"Urrao","sector":"R","Matricula":"035-4921","terreno_co":"058470001000000230021000000000","Propietari":null,"ABS":null,"Area_Total":0,"Area_Req":0,"Area_Rem":0,"AreaSobran":0,"Shape_Leng":0,"Shape_Area":1864903.15911},"geometry":{"type":"MultiPolygon","coordinates":[[[[-76.13013731,6.28145338],[-76.1301895,6.28119007],[-76.13021233,6.28108708],[-76.13025054,6.28077547],[-76.13025896,6.28058415],[-76.1303075,6.28043965],[-76.13031331,6.28042238],[-76.13043565,6.28046295],[-76.13050508,6.28048644],[-76.13058396,6.28049075],[-76.13063657,6.28049761],[-76.13070362,6.28052111],[-76.13079009,6.28054635],[-76.13087598,6.28057507],[-76.13091421,6.28057484],[-76.13098103,6.2805601],[-76.13105255,6.28053337],[-76.13114822,6.28047698],[-76.13121218,6.28045507],[-76.13123291,6.28043698],[-76.13133027,6.28097244],[-76.13138979,6.28129977],[-76.13139249,6.2813146],[-76.13166204,6.28124808],[-76.13167719,6.28132903],[-76.1316845,6.28136807],[-76.13178358,6.28189738],[-76.13194808,6.2827618],[-76.13202412,6.28316971],[-76.13209302,6.28350403],[-76.13213445,6.28371801],[-76.13217941,6.28396392],[-76.13211124,6.28407192],[-76.13190642,6.28440491],[-76.13166027,6.28465849],[-76.13138779,6.28490459],[-76.13136806,6.28492241],[-76.13122121,6.28506216],[-76.13113361,6.28514553],[-76.13108113,6.28519548],[-76.13104796,6.28522704],[-76.13100478,6.28526814],[-76.13090907,6.2853619],[-76.13077086,6.2854973],[-76.13050896,6.28578267],[-76.13049413,6.28579929],[-76.13046024,6.28578057],[-76.13039065,6.28573078],[-76.13037741,6.28571769],[-76.13032815,6.28566899],[-76.13026802,6.2856024],[-76.13023414,6.28553088],[-76.13020981,6.28545929],[-76.13021167,6.28537082],[-76.13021355,6.28528473],[-76.13023421,6.28514355],[-76.13026831,6.28506875],[-76.1303145,6.28500781],[-76.13038527,6.2849576],[-76.13039961,6.28494399],[-76.13039982,6.28494379],[-76.1304117,6.28493251],[-76.13042558,6.28491933],[-76.13043279,6.28491249],[-76.13044599,6.28489578],[-76.13045911,6.28487916],[-76.13048022,6.28485243],[-76.13053052,6.28477143],[-76.13055695,6.28469656],[-76.13057732,6.28460678],[-76.13057977,6.2845171],[-76.13060579,6.28437349],[-76.13063221,6.28429563],[-76.13067896,6.284122],[-76.13066637,6.28401449],[-76.13060531,6.28379369],[-76.13050237,6.28356119],[-76.13041151,6.28335253],[-76.13032613,6.28306015],[-76.13024665,6.28275579],[-76.13017855,6.28235571],[-76.13013524,6.28210492],[-76.13011016,6.28190782],[-76.13012086,6.28169855],[-76.13013731,6.28145338]]],[[[-76.13132418,6.28576142],[-76.13110227,6.2857027],[-76.13092711,6.28575305],[-76.1308562,6.28578423],[-76.13084498,6.28578544],[-76.13076065,6.28581211],[-76.13074481,6.28581712],[-76.13066125,6.28582958],[-76.13058473,6.28582047],[-76.13053995,6.28581576],[-76.13054342,6.28581189],[-76.13080358,6.28552847],[-76.13103601,6.28530078],[-76.1313986,6.2849557],[-76.13144519,6.28491362],[-76.13169182,6.28469086],[-76.13194172,6.28443332],[-76.13214896,6.28409677],[-76.13222719,6.28397297],[-76.13217874,6.28370925],[-76.13213731,6.28349521],[-76.13206782,6.28316184],[-76.13199238,6.28275307],[-76.13182793,6.28188888],[-76.1316929,6.28116753],[-76.13168692,6.28113561],[-76.13158587,6.28059116],[-76.13157364,6.28052523],[-76.13158388,6.28042884],[-76.13162609,6.28028096],[-76.13162743,6.28027629],[-76.13162768,6.2802754],[-76.1316675,6.28018903],[-76.13170121,6.28014158],[-76.13180534,6.28007571],[-76.13202325,6.27994775],[-76.13222341,6.27983022],[-76.13246059,6.27969095],[-76.13268488,6.27956415],[-76.13311863,6.27931585],[-76.13316103,6.27929157],[-76.13345586,6.27912164],[-76.13359994,6.2790386],[-76.13366846,6.27900101],[-76.13400144,6.27886364],[-76.13400493,6.27886243],[-76.13408254,6.27883562],[-76.13429316,6.27876286],[-76.13431458,6.27875572],[-76.13438519,6.27873218],[-76.13475452,6.27860908],[-76.13504919,6.27851239],[-76.13506824,6.27850614],[-76.13507477,6.27853934],[-76.1350913,6.27860769],[-76.13513431,6.27861291],[-76.13515942,6.27861008],[-76.13517665,6.27860294],[-76.13519173,6.27859148],[-76.13521186,6.27856496],[-76.13521977,6.27855565],[-76.13523842,6.27854922],[-76.13527286,6.27854283],[-76.13531016,6.27853859],[-76.13532196,6.27853765],[-76.13532805,6.27853716],[-76.13533337,6.27853673],[-76.13534531,6.27853578],[-76.13537832,6.27852794],[-76.13539912,6.27852511],[-76.13541766,6.2785208],[-76.13545724,6.27851158],[-76.1354931,6.27851164],[-76.13553686,6.27850957],[-76.1355885,6.27850536],[-76.13565236,6.27849471],[-76.13568328,6.27849023],[-76.13568913,6.27848303],[-76.13569374,6.27847498],[-76.135697,6.27846629],[-76.13569882,6.2784572],[-76.13569916,6.27844792],[-76.135698,6.27843872],[-76.13569812,6.27843262],[-76.13574279,6.27845595],[-76.13575775,6.27846222],[-76.13582248,6.27848935],[-76.13587241,6.27850378],[-76.13588875,6.27850851],[-76.13592919,6.27851312],[-76.1359689,6.27850811],[-76.1360057,6.27849938],[-76.13605595,6.278495],[-76.13613403,6.27849595],[-76.13619966,6.27849478],[-76.13625681,6.27849377],[-76.13630894,6.27849009],[-76.13634804,6.27848733],[-76.1364278,6.27846876],[-76.13650284,6.278435],[-76.13657114,6.2784142],[-76.13661956,6.27838656],[-76.13667155,6.27835327],[-76.13672473,6.27833792],[-76.13679332,6.27831458],[-76.13681065,6.27830869],[-76.13681912,6.27830618],[-76.13686593,6.27829231],[-76.13689838,6.27827817],[-76.13694222,6.27825296],[-76.13696907,6.2782379],[-76.13699452,6.27822363],[-76.13703897,6.27820894],[-76.13707227,6.2782049],[-76.13710665,6.27820601],[-76.13713911,6.27821127],[-76.13715491,6.27822177],[-76.13719772,6.27824549],[-76.13729807,6.27829494],[-76.13740542,6.27830911],[-76.13751872,6.27835873],[-76.1375403,6.27833831],[-76.13756305,6.27831679],[-76.1376459,6.27824839],[-76.13772194,6.27818556],[-76.13781819,6.27811328],[-76.13789085,6.27805478],[-76.13795257,6.27801017],[-76.13797796,6.27799182],[-76.13807408,6.27792811],[-76.13808234,6.27792444],[-76.13815434,6.27789244],[-76.13824748,6.27782794],[-76.13847567,6.27780387],[-76.13856798,6.27772074],[-76.13868701,6.2777004],[-76.13877981,6.27773977],[-76.13904115,6.27773212],[-76.13928587,6.27770136],[-76.13935993,6.27769102],[-76.13936774,6.27768993],[-76.13953207,6.27767858],[-76.13980141,6.27762958],[-76.13996845,6.27759919],[-76.14026854,6.27754525],[-76.14048673,6.27750604],[-76.14049176,6.27750513],[-76.14054163,6.27749076],[-76.14095722,6.27737095],[-76.1411495,6.27733818],[-76.14117527,6.27733379],[-76.14157556,6.27728097],[-76.14167417,6.27726148],[-76.1418436,6.27722799],[-76.14201032,6.27718063],[-76.1421804,6.27713232],[-76.14231235,6.2771117],[-76.14234998,6.2771001],[-76.1423847,6.2771004],[-76.1424658,6.27708772],[-76.14263382,6.27708578],[-76.14283782,6.27708341],[-76.14338341,6.27723798],[-76.1433996,6.27724257],[-76.1434106,6.27724568],[-76.14355515,6.27728528],[-76.14384184,6.27736382],[-76.14384689,6.27736555],[-76.14420757,6.27748843],[-76.14430164,6.27749608],[-76.1446665,6.27752576],[-76.14468772,6.27752749],[-76.14468992,6.27732298],[-76.14469035,6.27728242],[-76.14469488,6.27686044],[-76.14469309,6.27655932],[-76.14469277,6.27650457],[-76.14468979,6.27594471],[-76.14468939,6.2758689],[-76.144697,6.27523993],[-76.14468754,6.27496346],[-76.14468417,6.27457712],[-76.1446949,6.27439577],[-76.14469425,6.27432951],[-76.1447222,6.27432302],[-76.14480818,6.27431533],[-76.14488349,6.27432324],[-76.1449684,6.27433827],[-76.14500872,6.27433808],[-76.14509341,6.27433731],[-76.14509487,6.27433685],[-76.1451499,6.2743195],[-76.14515784,6.27430849],[-76.14517484,6.2742849],[-76.1451893,6.27422806],[-76.14521637,6.27417048],[-76.14524926,6.27412444],[-76.14527106,6.27408891],[-76.14529157,6.27405547],[-76.14536487,6.27396653],[-76.14543453,6.27391348],[-76.14553245,6.27386792],[-76.14561063,6.2738382],[-76.14570254,6.27380831],[-76.14583487,6.27377227],[-76.14591959,6.27373111],[-76.14598943,6.27369067],[-76.14605346,6.27364093],[-76.1461584,6.27359347],[-76.14624591,6.2735526],[-76.14633372,6.27347387],[-76.14638761,6.27340973],[-76.14639626,6.27339944],[-76.14644811,6.27332885],[-76.1464918,6.27326214],[-76.14651592,6.27316124],[-76.14660042,6.2731437],[-76.14664192,6.27312538],[-76.14671879,6.27309792],[-76.14678903,6.27307015],[-76.14687198,6.27304258],[-76.14690452,6.27302936],[-76.14694063,6.27300898],[-76.14699844,6.27297735],[-76.14705636,6.27295249],[-76.14710536,6.27292486],[-76.14712645,6.27287934],[-76.14713506,6.27284106],[-76.14714719,6.2728028],[-76.14717753,6.27274893],[-76.14722349,6.272685],[-76.14726776,6.2726098],[-76.14731073,6.27254843],[-76.14736939,6.27248849],[-76.1474,6.27245832],[-76.14742906,6.27244194],[-76.1474433,6.27243392],[-76.14747482,6.27243342],[-76.14750079,6.27243506],[-76.14752811,6.27243535],[-76.14754627,6.27243004],[-76.14756962,6.27241771],[-76.14759672,6.27238536],[-76.147634,6.2723486],[-76.14768076,6.27233356],[-76.14772831,6.27232286],[-76.14776977,6.27231226],[-76.14778768,6.27230555],[-76.14783342,6.27233076],[-76.14791497,6.27234456],[-76.14797933,6.27235529],[-76.14804697,6.27235743],[-76.14806382,6.27235381],[-76.14809154,6.27234785],[-76.14812568,6.27233665],[-76.14815244,6.27232787],[-76.14818995,6.2723087],[-76.14822099,6.27228668],[-76.14824437,6.2722701],[-76.14825482,6.27225755],[-76.14827674,6.27223123],[-76.14831113,6.2721905],[-76.14831226,6.27218851],[-76.14834978,6.27221193],[-76.14840194,6.27224924],[-76.14845675,6.27227605],[-76.1485162,6.27230261],[-76.14857636,6.27232467],[-76.14863642,6.27233909],[-76.14872528,6.27235134],[-76.14877531,6.27235623],[-76.14878043,6.27235582],[-76.14887622,6.27234806],[-76.14909889,6.27232692],[-76.14971701,6.27226823],[-76.15030929,6.27218938],[-76.15116922,6.27211904],[-76.15219168,6.27205761],[-76.15383516,6.27193635],[-76.15388005,6.27193221],[-76.15386239,6.27207119],[-76.1538152,6.27222081],[-76.15370843,6.27241251],[-76.15354233,6.27270606],[-76.15334783,6.27292023],[-76.153205,6.27305469],[-76.15307191,6.27323694],[-76.15294902,6.27358173],[-76.15289236,6.2737541],[-76.15279769,6.27398401],[-76.15273154,6.27417555],[-76.15270381,6.27441476],[-76.15270472,6.27464429],[-76.1527249,6.274912],[-76.15277378,6.27518916],[-76.1527844,6.27545691],[-76.1527467,6.27559095],[-76.15261353,6.27575407],[-76.15252857,6.2760222],[-76.15241547,6.27642433],[-76.15236965,6.27692184],[-76.15236229,6.27747658],[-76.15231548,6.27772542],[-76.15225991,6.27817515],[-76.15215518,6.27860153],[-76.1519426,6.27917419],[-76.15179566,6.27948082],[-76.15164873,6.27978745],[-76.15144057,6.28032386],[-76.15111794,6.2809181],[-76.15066117,6.2814268],[-76.15033519,6.2815915],[-76.1502796,6.28161959],[-76.14995528,6.28178346],[-76.14988939,6.28204194],[-76.14974678,6.28223379],[-76.14964167,6.28224377],[-76.14946869,6.28240162],[-76.14932832,6.28255584],[-76.14913542,6.28267298],[-76.14907286,6.28271507],[-76.14900952,6.28273859],[-76.14898338,6.2827483],[-76.1489117,6.28274858],[-76.14884295,6.2827369],[-76.14878311,6.28271024],[-76.14877687,6.28268324],[-76.14876903,6.28266594],[-76.14875825,6.28265821],[-76.14873733,6.28265411],[-76.14868325,6.2826572],[-76.14861561,6.28265112],[-76.14859702,6.28264792],[-76.14853893,6.28263756],[-76.14850286,6.28263948],[-76.14846805,6.28265051],[-76.14840087,6.28267832],[-76.14832291,6.28268552],[-76.14822928,6.28269545],[-76.14817384,6.28269567],[-76.14803271,6.28265674],[-76.14798053,6.28263523],[-76.14788289,6.28259927],[-76.1478121,6.28258234],[-76.14772979,6.28255588],[-76.14758781,6.28252924],[-76.14752629,6.2825262],[-76.14745543,6.28253675],[-76.14741169,6.28255728],[-76.14739679,6.28256825],[-76.14737604,6.28258191],[-76.1473527,6.28258563],[-76.14732574,6.2825698],[-76.14729826,6.2825711],[-76.14724817,6.28259401],[-76.14720205,6.28263536],[-76.14715279,6.2826446],[-76.14710983,6.28265792],[-76.14707522,6.28266643],[-76.14703826,6.2826857],[-76.14701085,6.28270374],[-76.14697768,6.28276012],[-76.1469486,6.28279389],[-76.14691164,6.28281436],[-76.14684001,6.28282899],[-76.14675636,6.28282334],[-76.14668106,6.28281647],[-76.1465764,6.28281664],[-76.1465071,6.28281453],[-76.14646408,6.28281231],[-76.14634865,6.28280918],[-76.14630444,6.28280935],[-76.14623805,6.28281218],[-76.1462168,6.28287355],[-76.14621575,6.28287657],[-76.14620309,6.28291313],[-76.14620273,6.28291416],[-76.14606702,6.28319233],[-76.14597722,6.28327995],[-76.14595882,6.28328828],[-76.14585079,6.28333721],[-76.14554268,6.28327569],[-76.14542065,6.28326953],[-76.14528378,6.28332969],[-76.1451422,6.28341252],[-76.14500594,6.28352947],[-76.14465227,6.2836334],[-76.14461558,6.28364418],[-76.14450902,6.28367549],[-76.1444907,6.28368088],[-76.14448882,6.28368143],[-76.14448631,6.28368217],[-76.1444801,6.28367655],[-76.14134477,6.28239602],[-76.14009869,6.28299684],[-76.13976473,6.28332923],[-76.13865019,6.28372648],[-76.13795892,6.28406468],[-76.13783072,6.28411901],[-76.13782666,6.28410079],[-76.13774643,6.28389411],[-76.13720523,6.28410848],[-76.13659353,6.28435946],[-76.13637124,6.28445067],[-76.13570441,6.28471617],[-76.13570728,6.28472021],[-76.13550617,6.28481636],[-76.13550691,6.28482233],[-76.13549822,6.2848259],[-76.13537479,6.28487664],[-76.1317062,6.28638473],[-76.13171919,6.28632832],[-76.13173343,6.28621168],[-76.13171479,6.28609224],[-76.13168442,6.28600874],[-76.13162428,6.28594036],[-76.13148631,6.28584555],[-76.13139304,6.28580489],[-76.13132418,6.28576142]]]]}},{"type":"Feature","properties":{"Proyecto":"Puente El Volcan","Municipio":"Urrao","sector":"R","Matricula":"035-5624","terreno_co":"058470001000000220011000000000","Propietari":null,"ABS":null,"Area_Total":0,"Area_Req":0,"Area_Rem":0,"AreaSobran":0,"Shape_Leng":0,"Shape_Area":37450.9768607},"geometry":{"type":"MultiPolygon","coordinates":[[[[-76.1293056,6.27957755],[-76.13034157,6.27955888],[-76.13031632,6.2796242],[-76.13027058,6.2797533],[-76.13004074,6.28027242],[-76.12995968,6.28050244],[-76.12991772,6.28067842],[-76.12989349,6.28082203],[-76.12990446,6.28101938],[-76.1299008,6.28104462],[-76.12983503,6.28149867],[-76.12980593,6.28172393],[-76.12978261,6.28181971],[-76.12975928,6.28191309],[-76.12975733,6.28198722],[-76.12976727,6.28205172],[-76.12979865,6.28210413],[-76.12983015,6.28217806],[-76.12985203,6.2822401],[-76.12986448,6.28232371],[-76.12987725,6.2824623],[-76.12988515,6.28258419],[-76.12990246,6.28268212],[-76.12991032,6.28279684],[-76.12991358,6.28294266],[-76.12991168,6.28302397],[-76.12992889,6.28310516],[-76.12996285,6.28319103],[-76.13005927,6.28333151],[-76.13013901,6.28347927],[-76.13020461,6.28366059],[-76.13026284,6.28380848],[-76.13028976,6.28391352],[-76.13031685,6.28404964],[-76.13033684,6.28419537],[-76.13033045,6.28432452],[-76.13030034,6.28448489],[-76.13029328,6.28451722],[-76.13027941,6.28458065],[-76.13024168,6.28466408],[-76.13019201,6.28475148],[-76.13017647,6.28477883],[-76.13016922,6.28479158],[-76.13016142,6.28480531],[-76.13011734,6.28488287],[-76.13009145,6.28491769],[-76.1299863,6.28505914],[-76.12988435,6.28519135],[-76.12981192,6.28538203],[-76.12980935,6.28541153],[-76.12972005,6.28527863],[-76.1296282,6.28513767],[-76.1295831,6.28506584],[-76.12955784,6.28500663],[-76.12953407,6.28494165],[-76.12951664,6.2848874],[-76.12951597,6.2848853],[-76.12950314,6.28483671],[-76.12949833,6.2848185],[-76.12949006,6.28475302],[-76.12948744,6.2847206],[-76.1294834,6.28467064],[-76.12947876,6.28461329],[-76.12947668,6.28458748],[-76.12947617,6.28457546],[-76.12946725,6.2843649],[-76.1294432,6.28371399],[-76.12943043,6.28330553],[-76.12942845,6.28324211],[-76.12941554,6.28287473],[-76.12940272,6.28253054],[-76.12939458,6.28228247],[-76.12938324,6.28194838],[-76.12936656,6.2813514],[-76.12934921,6.28094961],[-76.12933579,6.2805575],[-76.12933141,6.28042934],[-76.12932137,6.28006218],[-76.12932056,6.28003703],[-76.12930667,6.27960425],[-76.1293056,6.27957755]]],[[[-76.11969568,6.28637615],[-76.11969484,6.28631361],[-76.11964065,6.28624221],[-76.11957189,6.28613144],[-76.11952442,6.28598468],[-76.11947712,6.28586661],[-76.11945864,6.28577347],[-76.11946163,6.28567303],[-76.11947519,6.28554384],[-76.11948537,6.28544695],[-76.11947028,6.28532151],[-76.119427,6.28527515],[-76.11937266,6.28517864],[-76.11936449,6.28501132],[-76.11935434,6.28481382],[-76.11943144,6.28472794],[-76.11953869,6.28465579],[-76.119622,6.28457177],[-76.11980071,6.28443957],[-76.12035765,6.28421128],[-76.12064399,6.28410615],[-76.12084092,6.28405158],[-76.12086553,6.28392954],[-76.12090045,6.2836927],[-76.12094975,6.28346655],[-76.12099091,6.28326332],[-76.12103829,6.28315554],[-76.12114526,6.28301166],[-76.12143223,6.28257457],[-76.12167368,6.28223314],[-76.12167704,6.28209443],[-76.12171215,6.28209106],[-76.12190786,6.28202833],[-76.12201718,6.28197147],[-76.12211451,6.28190523],[-76.12212434,6.28189855],[-76.12220947,6.28185636],[-76.122291,6.28183248],[-76.12245389,6.2817731],[-76.12256506,6.28174481],[-76.12268527,6.28173327],[-76.12277204,6.28173235],[-76.12286445,6.28174356],[-76.12298852,6.28176771],[-76.12303227,6.28177622],[-76.12310108,6.28179022],[-76.12325236,6.281821],[-76.1233566,6.28185145],[-76.12353318,6.28188605],[-76.12365325,6.28191032],[-76.12381032,6.2819055],[-76.12391493,6.28190228],[-76.12409644,6.28190013],[-76.12413404,6.28189968],[-76.12428438,6.28193819],[-76.12440329,6.28199034],[-76.12453474,6.28206696],[-76.12466374,6.28215632],[-76.12478359,6.28223399],[-76.12486781,6.28227654],[-76.12510427,6.28236595],[-76.12531138,6.28243328],[-76.12546249,6.28250125],[-76.12561474,6.28256923],[-76.12578106,6.28263151],[-76.12597078,6.28268699],[-76.12611292,6.28271401],[-76.12624448,6.2827491],[-76.12638636,6.28280414],[-76.12649439,6.28285887],[-76.12662553,6.28293951],[-76.12683035,6.28309088],[-76.12692971,6.28316838],[-76.12703367,6.28325771],[-76.12712088,6.28334663],[-76.12712464,6.28335046],[-76.12723025,6.28345335],[-76.1273069,6.28350296],[-76.12738435,6.28353077],[-76.12754235,6.28353753],[-76.12769013,6.28351587],[-76.12780689,6.28346673],[-76.12788514,6.28343142],[-76.12797005,6.28337844],[-76.12802787,6.28335178],[-76.12807286,6.28334924],[-76.12811412,6.2833659],[-76.12814614,6.28338958],[-76.12817484,6.28342064],[-76.12819945,6.28344721],[-76.12822845,6.28347797],[-76.12825596,6.28350961],[-76.1282851,6.28352526],[-76.12832382,6.28352888],[-76.12835722,6.28353096],[-76.12839201,6.28354313],[-76.12844541,6.28357545],[-76.12846512,6.28358941],[-76.12848887,6.28359927],[-76.12851536,6.2835995],[-76.12854366,6.28359651],[-76.12858341,6.28360325],[-76.12860613,6.28361206],[-76.12863248,6.2836277],[-76.12865204,6.28364092],[-76.12865658,6.28364405],[-76.1286797,6.28365999],[-76.1286956,6.28366933],[-76.12875622,6.283712],[-76.12876882,6.28371938],[-76.12886262,6.28370244],[-76.12893421,6.28367825],[-76.12900578,6.28364808],[-76.12912526,6.28364761],[-76.12923286,6.28366512],[-76.12931511,6.28365554],[-76.12933295,6.28365553],[-76.12933489,6.28371768],[-76.12935896,6.2843692],[-76.12936849,6.28459415],[-76.12938223,6.2847642],[-76.12939171,6.28483924],[-76.12941192,6.28491576],[-76.12943155,6.2849769],[-76.12945705,6.28504658],[-76.12948678,6.28511627],[-76.12953691,6.28519613],[-76.12958586,6.28527125],[-76.12962969,6.2853385],[-76.12972127,6.2854748],[-76.12979234,6.28559603],[-76.12985396,6.28570571],[-76.12989266,6.28580077],[-76.1298975,6.28582576],[-76.12990695,6.28587457],[-76.12990745,6.28588831],[-76.12991151,6.28599842],[-76.12990096,6.28619076],[-76.12988682,6.28640168],[-76.12988411,6.28644211],[-76.12988048,6.28649622],[-76.1298738,6.28659593],[-76.12980722,6.28654552],[-76.1297549,6.2865113],[-76.12968849,6.28648102],[-76.1295929,6.28645468],[-76.12956384,6.28644981],[-76.12948067,6.28643588],[-76.12937648,6.28644758],[-76.12927652,6.28645881],[-76.12920149,6.28646225],[-76.12911536,6.28645199],[-76.12903649,6.28642289],[-76.12898243,6.28639285],[-76.12891722,6.28635678],[-76.12881364,6.28631741],[-76.1287211,6.28629645],[-76.12865178,6.28629546],[-76.12860418,6.28629478],[-76.12845873,6.28635061],[-76.12838539,6.28637877],[-76.12834473,6.28640914],[-76.12831852,6.28642872],[-76.12825149,6.2864969],[-76.12819596,6.28659341],[-76.12815986,6.28668422],[-76.12813062,6.28679684],[-76.12811626,6.28688902],[-76.12810236,6.28699415],[-76.12809271,6.28703272],[-76.12808449,6.28705973],[-76.1264588,6.28701005],[-76.1258304,6.28698833],[-76.12531838,6.28697248],[-76.12171417,6.28686088],[-76.12035042,6.2868597],[-76.12016196,6.28675226],[-76.11955354,6.28669232],[-76.11955333,6.28663776],[-76.11962422,6.28655403],[-76.11969059,6.2864822],[-76.11969568,6.28637615]]]]}},{"type":"Feature","properties":{"Proyecto":"PAP El Tres - San Pedro","Municipio":"Turbo","sector":"R","Matricula":"034-13299","terreno_co":"058370010000000190062000000000","Propietari":null,"ABS":null,"Area_Total":0,"Area_Req":0,"Area_Rem":0,"AreaSobran":0,"Shape_Leng":0,"Shape_Area":0},"geometry":{"type":"Polygon","coordinates":[[[-76.60840268,8.1102383],[-76.6082626,8.11026194],[-76.60817259,8.11027297],[-76.60816456,8.11027409],[-76.60785176,8.11031782],[-76.60790711,8.10963552],[-76.60828968,8.10971859],[-76.60859736,8.10977152],[-76.60879077,8.10978927],[-76.60880815,8.10996454],[-76.60877307,8.11027651],[-76.60862702,8.1102007],[-76.60842165,8.11023512],[-76.60840268,8.1102383]]]}},{"type":"Feature","properties":{"Proyecto":"PAP El Tres - San Pedro","Municipio":"Turbo","sector":"R","Matricula":"034-3534","terreno_co":"058370010000000190032000000000","Propietari":null,"ABS":null,"Area_Total":0,"Area_Req":0,"Area_Rem":0,"AreaSobran":0,"Shape_Leng":0,"Shape_Area":2912841.21767},"geometry":{"type":"MultiPolygon","coordinates":[[[[-76.60049896,8.11028247],[-76.60040498,8.10996262],[-76.60042421,8.10966172],[-76.60031155,8.10917257],[-76.60016926,8.10904465],[-76.60012048,8.10898797],[-76.59998287,8.10889304],[-76.59983868,8.1088079],[-76.59970422,8.10881101],[-76.59958287,8.10883047],[-76.59945489,8.10889895],[-76.59945112,8.10890174],[-76.59937792,8.10866365],[-76.59945489,8.1074224],[-76.59941775,8.10691454],[-76.59917307,8.10635001],[-76.59889046,8.10593589],[-76.59879282,8.10594887],[-76.59758192,8.10628923],[-76.59639262,8.10647214],[-76.59575838,8.10652405],[-76.59377819,8.10517871],[-76.59319724,8.10486203],[-76.59258981,8.10459797],[-76.59222035,8.10420253],[-76.59211501,8.10391275],[-76.59222109,8.10359688],[-76.59261773,8.10336036],[-76.5929351,8.10312374],[-76.59245973,8.10291251],[-76.59208982,8.10288573],[-76.59166736,8.1026219],[-76.59145651,8.10217399],[-76.59127206,8.10175244],[-76.59100798,8.10162046],[-76.5907177,8.10130412],[-76.5902955,8.10082962],[-76.58982057,8.10024972],[-76.59040498,8.09988177],[-76.5909125,8.09963936],[-76.59214448,8.09905091],[-76.59216476,8.09904123],[-76.5924262,8.09919987],[-76.59314995,8.09963901],[-76.59402844,8.10038159],[-76.59516378,8.10128627],[-76.59755198,8.10100598],[-76.59760646,8.10069595],[-76.59770146,8.10045337],[-76.59797168,8.09939925],[-76.59797438,8.0993887],[-76.59805913,8.09859545],[-76.59843361,8.09785126],[-76.59875387,8.09789598],[-76.59928523,8.09808087],[-76.59980122,8.09823503],[-76.60017853,8.09839671],[-76.60052149,8.09846121],[-76.60054825,8.09846624],[-76.60093162,8.09851078],[-76.6009488,8.09851278],[-76.60131072,8.09865908],[-76.60163417,8.09876695],[-76.60187547,8.09879456],[-76.6019731,8.09880573],[-76.60231985,8.09890911],[-76.60241509,8.09901614],[-76.60265892,8.09927844],[-76.60294029,8.09955951],[-76.60307137,8.09987783],[-76.60316479,8.10028968],[-76.60316446,8.10057041],[-76.60316415,8.10083243],[-76.60320133,8.10115064],[-76.60322046,8.10113774],[-76.60322035,8.10122838],[-76.60464205,8.10024583],[-76.60475579,8.10012017],[-76.6047801,8.10010441],[-76.60451835,8.09911218],[-76.60519454,8.09901939],[-76.6054943,8.09963736],[-76.60577598,8.0996564],[-76.60618899,8.09978789],[-76.60656435,8.0999942],[-76.60739014,8.10046305],[-76.60763406,8.10065049],[-76.60774592,8.10071069],[-76.60787805,8.10078179],[-76.60790368,8.10082276],[-76.60797177,8.10093162],[-76.60799858,8.10096252],[-76.6084594,8.10149366],[-76.60815859,8.10177404],[-76.60766971,8.1022788],[-76.60733119,8.10269015],[-76.60712423,8.10300808],[-76.6070112,8.10330739],[-76.60691695,8.10360674],[-76.60689803,8.10371901],[-76.60691668,8.10383132],[-76.60693928,8.10394458],[-76.60695403,8.10401852],[-76.60687862,8.10426174],[-76.60684077,8.104505],[-76.60684051,8.10472959],[-76.60689656,8.10497296],[-76.60710304,8.10506678],[-76.60742229,8.10508586],[-76.60781676,8.10501146],[-76.60800474,8.10486195],[-76.60841804,8.10475014],[-76.60862473,8.1046568],[-76.60875626,8.1046008],[-76.60885017,8.10460091],[-76.60898156,8.10465721],[-76.60909416,8.1047322],[-76.60928187,8.10480728],[-76.60945085,8.10484491],[-76.6096011,8.10484508],[-76.609695,8.10484519],[-76.60982649,8.10482663],[-76.60982583,8.1048226],[-76.60979072,8.10460484],[-76.6097764,8.10449107],[-76.60975056,8.10428573],[-76.6098086,8.10405927],[-76.60986657,8.10395557],[-76.60986393,8.10389616],[-76.60987858,8.10375891],[-76.60988601,8.1036072],[-76.60992058,8.10348374],[-76.60996504,8.10344294],[-76.61024966,8.10344685],[-76.61023019,8.10370665],[-76.61018238,8.10434445],[-76.61025754,8.10434948],[-76.61158176,8.1044381],[-76.61165093,8.10483371],[-76.61165133,8.10483995],[-76.61165446,8.10488867],[-76.61173527,8.10584563],[-76.61183819,8.10636157],[-76.61198543,8.10691809],[-76.61202222,8.10708024],[-76.61202557,8.10738237],[-76.61197358,8.1075739],[-76.61188461,8.10778013],[-76.61176242,8.10793842],[-76.61157738,8.10809295],[-76.61132197,8.10835425],[-76.61125208,8.10840288],[-76.61083118,8.10878536],[-76.61050716,8.10904513],[-76.61016643,8.10931322],[-76.6098403,8.10960421],[-76.60963904,8.1099174],[-76.60942226,8.11015297],[-76.60927412,8.11024233],[-76.60909456,8.11029364],[-76.60892211,8.11033056],[-76.60877307,8.11027651],[-76.60880815,8.10996454],[-76.60879077,8.10978927],[-76.60859736,8.10977152],[-76.60828968,8.10971859],[-76.60792927,8.10963932],[-76.60790711,8.10963552],[-76.60756885,8.10957756],[-76.60741939,8.10956863],[-76.60721716,8.10956839],[-76.60705008,8.10958572],[-76.60675112,8.10959413],[-76.60656648,8.10959392],[-76.60638187,8.10955866],[-76.60605661,8.1095057],[-76.60578401,8.10953167],[-76.60513332,8.10956596],[-76.60480796,8.10959187],[-76.60464089,8.10960043],[-76.60413095,8.10958231],[-76.60374409,8.10956433],[-76.60327805,8.10959884],[-76.60283843,8.10958956],[-76.60232844,8.10960648],[-76.60209982,8.10961498],[-76.60200302,8.10968496],[-76.60198537,8.10973751],[-76.6019413,8.10982508],[-76.60186205,8.10993013],[-76.60179164,8.10998262],[-76.60165968,8.1100438],[-76.60151014,8.11010496],[-76.60150133,8.11011989],[-76.60149948,8.11009557],[-76.60123503,8.11028334],[-76.60102727,8.11041475],[-76.60083502,8.11042461],[-76.60066865,8.11043314],[-76.60049896,8.11028247]]],[[[-76.6031326,8.11716304],[-76.60294552,8.11651803],[-76.60284202,8.11578991],[-76.60294702,8.11524924],[-76.60288534,8.11445877],[-76.6026774,8.11379293],[-76.60215727,8.11237793],[-76.60211609,8.11189949],[-76.6020745,8.11177464],[-76.60169941,8.1112542],[-76.60170783,8.11125218],[-76.60172904,8.11122757],[-76.60193336,8.11100055],[-76.60213771,8.1107496],[-76.60233004,8.1105106],[-76.60248622,8.11039117],[-76.60276244,8.11025992],[-76.60278082,8.11027546],[-76.60284313,8.11026518],[-76.60293258,8.11027315],[-76.60310094,8.11029695],[-76.60322721,8.11031807],[-76.60333242,8.1103418],[-76.60345603,8.11038914],[-76.60356382,8.11045743],[-76.60364793,8.11053095],[-76.60374254,8.11062021],[-76.6038056,8.11069369],[-76.6038897,8.11077507],[-76.60396593,8.11083809],[-76.60402903,8.11087487],[-76.60411057,8.11089594],[-76.60417896,8.11091176],[-76.60438669,8.1110195],[-76.60451554,8.11107996],[-76.60462597,8.11114826],[-76.60473642,8.11119034],[-76.6048548,8.11120621],[-76.60493111,8.11120368],[-76.60499953,8.11118802],[-76.60511535,8.11114883],[-76.60522592,8.11109127],[-76.60531018,8.11103631],[-76.60539712,8.11094202],[-76.60549987,8.11082678],[-76.60558688,8.11073562],[-76.60579592,8.11056936],[-76.60598399,8.11047593],[-76.6061929,8.11042414],[-76.60640181,8.11037235],[-76.60666295,8.11029981],[-76.60677784,8.11027914],[-76.60714335,8.11024834],[-76.60757222,8.11039392],[-76.60790225,8.11039569],[-76.60825689,8.11034569],[-76.60858467,8.11029394],[-76.60876156,8.11035211],[-76.60892891,8.11041991],[-76.6091743,8.11038779],[-76.60945169,8.11025604],[-76.60967673,8.11003858],[-76.6098802,8.10974477],[-76.60998805,8.1095617],[-76.61012515,8.10945811],[-76.61018678,8.10951967],[-76.61025408,8.10956822],[-76.61036248,8.10966157],[-76.61048218,8.10969527],[-76.61057946,8.10970657],[-76.6108526,8.10971807],[-76.6110352,8.10971828],[-76.61117724,8.10958792],[-76.6112375,8.10937269],[-76.61118975,8.10914537],[-76.61102201,8.10889399],[-76.61091357,8.10881066],[-76.61133278,8.10846335],[-76.61159497,8.10823077],[-76.61179039,8.10805119],[-76.61190885,8.10791574],[-76.61200959,8.10777143],[-76.61208372,8.10760645],[-76.61214017,8.10739356],[-76.61213685,8.10706195],[-76.612078,8.10680398],[-76.61196019,8.10636908],[-76.61183879,8.10584943],[-76.61175832,8.1051014],[-76.61173119,8.10488095],[-76.61172685,8.10484574],[-76.61339711,8.10516413],[-76.61391502,8.10529895],[-76.6138121,8.10549215],[-76.613781,8.10563087],[-76.61385786,8.10606267],[-76.61388869,8.10615521],[-76.6140743,8.10620167],[-76.6142135,8.10623267],[-76.61436813,8.10630994],[-76.61453819,8.10641806],[-76.61459998,8.10649522],[-76.61470807,8.10668036],[-76.61480019,8.10680689],[-76.61483164,8.1068501],[-76.61495524,8.10700442],[-76.61509429,8.10717417],[-76.61524873,8.10740562],[-76.61546508,8.10762172],[-76.61565051,8.10782236],[-76.61586683,8.1080693],[-76.61597479,8.10836236],[-76.61603586,8.10907166],[-76.6161129,8.10934927],[-76.61613093,8.10939564],[-76.61602646,8.10941633],[-76.61584553,8.10952874],[-76.61561899,8.11000144],[-76.6154605,8.110249],[-76.61536987,8.11045159],[-76.61527921,8.11067671],[-76.61521112,8.11092438],[-76.6151429,8.11128465],[-76.61496169,8.11164479],[-76.61478047,8.11200494],[-76.61455402,8.11238755],[-76.61441821,8.11256757],[-76.61428235,8.11279264],[-76.61403343,8.11306262],[-76.61382977,8.1132876],[-76.61371661,8.1134226],[-76.61353545,8.1137377],[-76.61335436,8.11398524],[-76.61319592,8.11418775],[-76.61283397,8.11448012],[-76.61265285,8.11475018],[-76.61256224,8.11493025],[-76.61256206,8.1150879],[-76.6125618,8.11531312],[-76.61258406,8.11560593],[-76.61249327,8.11594366],[-76.6123347,8.11625878],[-76.61228508,8.1162999],[-76.61213514,8.11632688],[-76.61199108,8.11635064],[-76.61158295,8.11637409],[-76.61129487,8.11637376],[-76.61088674,8.11639721],[-76.61062265,8.11642083],[-76.61021449,8.1164682],[-76.6099023,8.11656353],[-76.60959014,8.11663494],[-76.60915797,8.11668228],[-76.60853403,8.11649018],[-76.60829406,8.11641813],[-76.60800598,8.11641779],[-76.60771791,8.11641746],[-76.60742973,8.11651281],[-76.60706952,8.11660808],[-76.60680534,8.11670347],[-76.60661321,8.11677501],[-76.60632502,8.11687037],[-76.60613292,8.11691799],[-76.60605808,8.1169179],[-76.60605948,8.11694213],[-76.60604863,8.11693749],[-76.60580537,8.11688524],[-76.60549254,8.11686756],[-76.60519714,8.11681525],[-76.60483222,8.11676287],[-76.6044325,8.11674508],[-76.60411955,8.11683131],[-76.60391078,8.11700426],[-76.60359753,8.11735029],[-76.60342371,8.11736741],[-76.60323245,8.11743646],[-76.6032128,8.11744035],[-76.6031326,8.11716304]]]]}},{"type":"Feature","properties":{"Proyecto":"Puente San Fermín - Briceño","Municipio":"Briceño","sector":"R","Matricula":"N/A","terreno_co":"051070001000000070012000000000","Propietari":null,"ABS":null,"Area_Total":0,"Area_Req":0,"Area_Rem":0,"AreaSobran":0,"Shape_Leng":0,"Shape_Area":0},"geometry":{"type":"Polygon","coordinates":[[[-75.50531985,7.09847385],[-75.50541611,7.0984096],[-75.50559931,7.09828733],[-75.50569185,7.0981568],[-75.5057828,7.09802851],[-75.50598957,7.09790749],[-75.50630556,7.09777478],[-75.50653532,7.09765371],[-75.50661551,7.09749273],[-75.50673011,7.09728574],[-75.5068851,7.09715333],[-75.50698258,7.09701529],[-75.50715479,7.09686562],[-75.50729239,7.09666432],[-75.50735524,7.09645743],[-75.50742942,7.09616435],[-75.50761888,7.09601465],[-75.50784306,7.09597975],[-75.50799862,7.09614028],[-75.50815994,7.09630653],[-75.50852788,7.0962771],[-75.50857062,7.09624008],[-75.50908589,7.09641961],[-75.50988573,7.09672822],[-75.51056851,7.09709605],[-75.51032953,7.09726727],[-75.51003132,7.09767566],[-75.50987674,7.09801484],[-75.50978548,7.0983941],[-75.5095501,7.0985841],[-75.50918236,7.09871692],[-75.50875163,7.09898197],[-75.50864294,7.09926937],[-75.50847096,7.09953965],[-75.5082013,7.09983885],[-75.50781017,7.10007939],[-75.50770996,7.10014298],[-75.50769713,7.10004544],[-75.50768096,7.09995217],[-75.50765297,7.09989287],[-75.5076114,7.0998326],[-75.50756059,7.09980158],[-75.5074522,7.0997448],[-75.50733977,7.09971151],[-75.50724623,7.09969585],[-75.50714523,7.09965206],[-75.50696217,7.09959151],[-75.50675971,7.0995149],[-75.5066644,7.09946274],[-75.50656495,7.09941582],[-75.5064588,7.09938614],[-75.50633551,7.09937064],[-75.50620815,7.09937654],[-75.50606468,7.09939609],[-75.5057748,7.09947172],[-75.50562152,7.09951062],[-75.50551035,7.09951852],[-75.50543043,7.09951061],[-75.50535619,7.09949119],[-75.50532524,7.09946843],[-75.50529926,7.0994455],[-75.50524303,7.09939587],[-75.50507151,7.09925054],[-75.50487812,7.0991614],[-75.50487799,7.09916135],[-75.50483348,7.09914085],[-75.504674,7.09902327],[-75.50467183,7.09897356],[-75.50475177,7.09892701],[-75.50488306,7.09882413],[-75.50488306,7.09882405],[-75.50493546,7.09878313],[-75.50531985,7.09847385]]]}},{"type":"Feature","properties":{"Proyecto":"Puente La Loma Urrao","Municipio":"Urrao","sector":"R","Matricula":"035-5037","terreno_co":"058470001000000470018000000000","Propietari":null,"ABS":null,"Area_Total":0,"Area_Req":0,"Area_Rem":0,"AreaSobran":0,"Shape_Leng":0,"Shape_Area":0},"geometry":{"type":"Polygon","coordinates":[[[-76.20644517,6.37091854],[-76.20643917,6.37088424],[-76.20644516,6.37078149],[-76.20645395,6.37076093],[-76.20648303,6.37069287],[-76.20653031,6.37056596],[-76.20654661,6.37046308],[-76.20659144,6.37032183],[-76.20663406,6.37022602],[-76.2067053,6.37015228],[-76.20673728,6.3701317],[-76.20675546,6.37011986],[-76.20675664,6.37012416],[-76.20676,6.37014149],[-76.20676562,6.37018347],[-76.20677155,6.37024101],[-76.2067716,6.37024992],[-76.2067724,6.37037931],[-76.20677241,6.37037966],[-76.20677273,6.37043212],[-76.20679351,6.37046033],[-76.20679417,6.37046122],[-76.20684082,6.37051308],[-76.20686811,6.3705465],[-76.20688691,6.37056954],[-76.20692238,6.37063576],[-76.20697695,6.37073947],[-76.20703646,6.37083537],[-76.20708057,6.37088724],[-76.20711354,6.37090977],[-76.20715715,6.37091677],[-76.20721581,6.37091221],[-76.20727857,6.37089806],[-76.20733668,6.37088606],[-76.20743229,6.37085809],[-76.2074826,6.37083885],[-76.20751912,6.37081158],[-76.20752341,6.37080838],[-76.20755125,6.37078017],[-76.20758784,6.37075656],[-76.20762177,6.37074501],[-76.20763676,6.37074355],[-76.20765945,6.37074135],[-76.20769262,6.37074114],[-76.20773045,6.37074631],[-76.20776224,6.37075172],[-76.20779243,6.37075756],[-76.20781243,6.37076143],[-76.20786139,6.37076113],[-76.20792895,6.37075872],[-76.20794965,6.3707546],[-76.20794868,6.37075862],[-76.20792213,6.37079321],[-76.20788402,6.37081449],[-76.207823,6.37083973],[-76.20774476,6.37086126],[-76.20769928,6.37089193],[-76.20761136,6.37096086],[-76.20756999,6.37104022],[-76.20754935,6.37110346],[-76.20752669,6.3711495],[-76.20750209,6.37118982],[-76.20749269,6.37121474],[-76.20750815,6.37124142],[-76.20753492,6.37124317],[-76.20756168,6.37124109],[-76.20757279,6.37123579],[-76.20766861,6.37120229],[-76.20766776,6.37120625],[-76.207663,6.37121172],[-76.20764817,6.37123634],[-76.20763447,6.37126419],[-76.2076288,6.37128897],[-76.2076255,6.37131558],[-76.20761699,6.37134386],[-76.20759326,6.37141044],[-76.20757153,6.37145601],[-76.2075425,6.37150933],[-76.20752407,6.3715387],[-76.20749981,6.37156756],[-76.20748908,6.37157848],[-76.20747975,6.37158618],[-76.20746095,6.3716017],[-76.20742392,6.37161586],[-76.20739706,6.37161603],[-76.20736555,6.37160654],[-76.20733228,6.37159082],[-76.20722983,6.3715333],[-76.20712169,6.37146873],[-76.20708716,6.37144419],[-76.20705182,6.37141906],[-76.20699036,6.37136386],[-76.20693194,6.37130191],[-76.20687153,6.37123815],[-76.20686882,6.37123529],[-76.20670361,6.37104487],[-76.20665613,6.37100083],[-76.20663044,6.37097701],[-76.20659956,6.37095566],[-76.20657015,6.3709372],[-76.20656561,6.37093434],[-76.20653935,6.37092305],[-76.20650669,6.37091295],[-76.20647115,6.37091317],[-76.20644517,6.37091854]]]}},{"type":"Feature","properties":{"Proyecto":"Puente La Loma Urrao","Municipio":"Urrao","sector":"R","Matricula":"035-11464","terreno_co":"058470001000000470019000000000","Propietari":null,"ABS":null,"Area_Total":0,"Area_Req":0,"Area_Rem":0,"AreaSobran":0,"Shape_Leng":0,"Shape_Area":0},"geometry":{"type":"MultiPolygon","coordinates":[[[[-76.20953137,6.37066668],[-76.20948408,6.37064339],[-76.20944435,6.37063438],[-76.20940179,6.37062714],[-76.20937384,6.37062486],[-76.20933213,6.37062146],[-76.20923729,6.37061613],[-76.20918379,6.37060866],[-76.20914069,6.37059308],[-76.20911719,6.37058458],[-76.20903755,6.37056271],[-76.20899485,6.3705578],[-76.20895444,6.3705567],[-76.20892262,6.37056383],[-76.20888577,6.37057535],[-76.20887921,6.3705774],[-76.20879738,6.37059899],[-76.20874367,6.37060848],[-76.2087397,6.3706088],[-76.20869606,6.37061227],[-76.20864374,6.37061616],[-76.20857897,6.37062023],[-76.20852422,6.37063032],[-76.20849805,6.37063404],[-76.20841781,6.37063427],[-76.20831062,6.37063918],[-76.20830293,6.37064046],[-76.20819138,6.37065918],[-76.20818604,6.37065976],[-76.20809718,6.37066939],[-76.20803116,6.37068341],[-76.20797023,6.37069524],[-76.20792266,6.3707047],[-76.20786025,6.37070692],[-76.20781745,6.37070719],[-76.20777193,6.37069837],[-76.20773866,6.37069271],[-76.20772974,6.37069149],[-76.20776224,6.3705561],[-76.20776955,6.37052235],[-76.20778803,6.37043704],[-76.20783228,6.37029938],[-76.20786469,6.37019166],[-76.20787617,6.37007805],[-76.20786389,6.37001083],[-76.20786089,6.36999443],[-76.20784269,6.36992576],[-76.2078305,6.36986903],[-76.20783317,6.36979131],[-76.20784486,6.3697285],[-76.20784026,6.3696098],[-76.20785432,6.3695428],[-76.20790163,6.36955255],[-76.20790009,6.36951651],[-76.20789069,6.36946785],[-76.20790249,6.36944132],[-76.20793166,6.36945179],[-76.20796424,6.369456],[-76.20799125,6.36945949],[-76.20801231,6.36943159],[-76.20800769,6.36941732],[-76.2079922,6.36936944],[-76.20801066,6.36935083],[-76.20804376,6.36935466],[-76.2080878,6.36936491],[-76.20812579,6.36934638],[-76.20815219,6.36932773],[-76.2081481,6.36929994],[-76.20810173,6.36928954],[-76.20807888,6.36926015],[-76.2080658,6.36924334],[-76.20808674,6.36918499],[-76.20810781,6.36915842],[-76.20812771,6.36917025],[-76.20816504,6.36916589],[-76.2081751,6.3691065],[-76.20819086,6.36907597],[-76.2082291,6.36904139],[-76.20825973,6.36904055],[-76.20828601,6.36903983],[-76.20832162,6.36900923],[-76.20828313,6.36898422],[-76.20823338,6.36896194],[-76.20821285,6.36895273],[-76.20823121,6.36891293],[-76.20828535,6.36884696],[-76.20829973,6.36889034],[-76.20833074,6.36887587],[-76.20837851,6.3688685],[-76.20840949,6.36884924],[-76.20843039,6.36881712],[-76.20843036,6.36880899],[-76.20842986,6.36880229],[-76.20842357,6.36878511],[-76.20842975,6.36877647],[-76.20843642,6.36877071],[-76.20844882,6.36876444],[-76.20846408,6.3687572],[-76.20848175,6.36875331],[-76.20850755,6.36875033],[-76.20851763,6.36876129],[-76.20852197,6.36877036],[-76.20852438,6.36877417],[-76.20853729,6.36877699],[-76.20855067,6.36877645],[-76.20856309,6.36877353],[-76.2085782,6.36875146],[-76.20859633,6.36880064],[-76.20868017,6.36884811],[-76.20874015,6.36890465],[-76.20878219,6.36895827],[-76.20880929,6.36900897],[-76.20882747,6.36907165],[-76.20884862,6.36913134],[-76.20886983,6.36920298],[-76.20889179,6.36924449],[-76.20894828,6.36928478],[-76.20908011,6.36934851],[-76.20921909,6.3694098],[-76.2093892,6.36948047],[-76.20954001,6.36952256],[-76.20965392,6.36954083],[-76.20968354,6.36954558],[-76.20980799,6.36957588],[-76.20993492,6.36962052],[-76.21004987,6.36966044],[-76.21015114,6.36967634],[-76.21025621,6.36967062],[-76.21037088,6.36966513],[-76.21045203,6.36967287],[-76.21051196,6.36967859],[-76.21058852,6.3696939],[-76.210648,6.36972795],[-76.21070755,6.36977348],[-76.21077092,6.36981899],[-76.2108131,6.36983977],[-76.21085909,6.3698567],[-76.21090581,6.36986876],[-76.21093808,6.36987132],[-76.21094741,6.36994793],[-76.21093589,6.37005257],[-76.21094806,6.37010632],[-76.21095271,6.37027067],[-76.21095366,6.37030414],[-76.21094438,6.37037352],[-76.21093277,6.37045486],[-76.21088327,6.37058902],[-76.21085657,6.37063396],[-76.21082098,6.37069687],[-76.21080612,6.37072408],[-76.21079283,6.3707501],[-76.2107742,6.37074],[-76.21074356,6.37073046],[-76.21070474,6.37072401],[-76.21066353,6.37072427],[-76.21062691,6.3707363],[-76.21055383,6.37075535],[-76.21052613,6.37075979],[-76.21049991,6.37075995],[-76.21047045,6.37075405],[-76.21043947,6.37074145],[-76.21038256,6.37071054],[-76.21031975,6.37067288],[-76.2102813,6.37065856],[-76.21024453,6.37064926],[-76.21018953,6.37064826],[-76.21016391,6.37065331],[-76.2101363,6.37066462],[-76.21011485,6.37067454],[-76.21008153,6.37069458],[-76.20996934,6.37076099],[-76.20993091,6.37077554],[-76.20988713,6.37078788],[-76.2098485,6.37079027],[-76.20980657,6.37078826],[-76.20976673,6.37078396],[-76.20976532,6.37078368],[-76.20976395,6.37078368],[-76.2097629,6.37078319],[-76.20973034,6.3707767],[-76.20970067,6.37076314],[-76.20962871,6.37072281],[-76.20961189,6.37071545],[-76.20958598,6.37069879],[-76.20953586,6.37066889],[-76.20953137,6.37066668]]],[[[-76.20819878,6.37071291],[-76.20825333,6.37070376],[-76.20824766,6.37070696],[-76.20819723,6.37079184],[-76.20817599,6.37081695],[-76.20811682,6.37088159],[-76.20807418,6.37091895],[-76.20801198,6.37097127],[-76.20795669,6.37101269],[-76.20788925,6.3710575],[-76.20784211,6.37108645],[-76.20775362,6.37114104],[-76.20768475,6.37118675],[-76.20766861,6.37120229],[-76.20757279,6.37123579],[-76.20756168,6.37124109],[-76.20753492,6.37124317],[-76.20750815,6.37124142],[-76.20749269,6.37121474],[-76.20750209,6.37118982],[-76.20752669,6.3711495],[-76.20754935,6.37110346],[-76.20756999,6.37104022],[-76.20761136,6.37096086],[-76.20769928,6.37089193],[-76.20774476,6.37086126],[-76.207823,6.37083973],[-76.20788402,6.37081449],[-76.20792213,6.37079321],[-76.20794868,6.37075862],[-76.20794965,6.3707546],[-76.20798067,6.37074843],[-76.20804195,6.37073655],[-76.20810575,6.37072299],[-76.20815205,6.37071797],[-76.20819878,6.37071291]]],[[[-76.20911006,6.37205905],[-76.2090049,6.37205732],[-76.20891177,6.37206746],[-76.20882353,6.3720967],[-76.20872113,6.37215472],[-76.20860444,6.37221999],[-76.2084451,6.37234291],[-76.20830248,6.37246573],[-76.20819798,6.37256918],[-76.20808158,6.37268227],[-76.20800779,6.37272815],[-76.20796961,6.37273795],[-76.20787164,6.37273856],[-76.20778794,6.37272952],[-76.20772085,6.37270125],[-76.20764403,6.37264435],[-76.20755992,6.37256837],[-76.20749243,6.37247555],[-76.2074034,6.37237808],[-76.2072323,6.37214725],[-76.20719321,6.37211018],[-76.20715413,6.37205372],[-76.20705816,6.37196146],[-76.2069381,6.37182448],[-76.20672224,6.37163709],[-76.20668998,6.37157808],[-76.20668311,6.37156552],[-76.20656584,6.37138071],[-76.20651142,6.37122254],[-76.20645581,6.37115192],[-76.20643635,6.37112721],[-76.20642707,6.37104954],[-76.20643242,6.3709823],[-76.20644797,6.37097332],[-76.20647686,6.37096735],[-76.20649808,6.37096722],[-76.20649867,6.37096721],[-76.2065206,6.37097399],[-76.20654035,6.37098249],[-76.20656974,6.37100094],[-76.20659645,6.3710194],[-76.20666461,6.37108263],[-76.20667766,6.37109767],[-76.20682101,6.3712629],[-76.20682867,6.37127173],[-76.20689256,6.37133916],[-76.20695249,6.3714027],[-76.20701792,6.37146147],[-76.20707056,6.37149889],[-76.20709207,6.37151418],[-76.20720268,6.37158022],[-76.20722853,6.37159474],[-76.20730002,6.37163488],[-76.20730742,6.37163903],[-76.20734606,6.37165729],[-76.20735936,6.3716613],[-76.20736282,6.37166234],[-76.20738925,6.37167029],[-76.20743408,6.37167002],[-76.20748859,6.37164918],[-76.20753243,6.37161298],[-76.20756797,6.37157072],[-76.20758929,6.37153673],[-76.20761981,6.37148066],[-76.20764337,6.37143127],[-76.20766849,6.37136079],[-76.20767871,6.3713268],[-76.20768224,6.37129838],[-76.20768588,6.37128246],[-76.20769577,6.37126235],[-76.20770697,6.37124377],[-76.2077208,6.37122788],[-76.20778283,6.37118671],[-76.2078705,6.37113262],[-76.20796201,6.37107643],[-76.20804568,6.37101375],[-76.20810948,6.37096009],[-76.20815477,6.3709204],[-76.20821666,6.37085279],[-76.20827974,6.37077824],[-76.20831031,6.37075154],[-76.20835565,6.37072742],[-76.20840307,6.37071127],[-76.20846385,6.37069365],[-76.20853294,6.37068384],[-76.20858561,6.37067414],[-76.20864745,6.37067025],[-76.20870022,6.37066632],[-76.20875054,6.37066232],[-76.20880902,6.37065199],[-76.2088942,6.37062951],[-76.20893665,6.37061625],[-76.20895971,6.37061108],[-76.20899101,6.37061193],[-76.20902722,6.37061609],[-76.20910079,6.37063629],[-76.2091707,6.37066157],[-76.20923202,6.37067013],[-76.20932841,6.37067555],[-76.20939504,6.37068098],[-76.20943381,6.37068758],[-76.20946587,6.37069485],[-76.20950998,6.37071657],[-76.20956093,6.37074696],[-76.20967613,6.37081153],[-76.20971356,6.37082863],[-76.20975851,6.3708376],[-76.20980237,6.37084234],[-76.20984888,6.37084456],[-76.20989625,6.37084163],[-76.20994789,6.37082708],[-76.2099929,6.37081003],[-76.21010928,6.37074114],[-76.21014025,6.37072252],[-76.21017528,6.37070633],[-76.21019432,6.37070257],[-76.21023731,6.37070336],[-76.21026516,6.3707104],[-76.21029617,6.37072194],[-76.21035569,6.37075763],[-76.21041627,6.37079054],[-76.21045478,6.3708062],[-76.2104947,6.3708142],[-76.21053061,6.37081398],[-76.21056498,6.37080847],[-76.21064221,6.37078833],[-76.21067236,6.37077843],[-76.21070045,6.37077825],[-76.21073101,6.37078333],[-76.21075304,6.37079019],[-76.21076627,6.37079737],[-76.21073204,6.37086161],[-76.21066957,6.37092462],[-76.21064548,6.37094084],[-76.21060701,6.37096673],[-76.21050272,6.37103291],[-76.21048114,6.37105596],[-76.21045313,6.37108587],[-76.21045216,6.37108691],[-76.21040461,6.37114688],[-76.21033935,6.37125773],[-76.21031264,6.37129968],[-76.21027995,6.37134165],[-76.21027418,6.37139248],[-76.21028337,6.37144624],[-76.21028661,6.37150899],[-76.2102629,6.37155391],[-76.21022744,6.37164671],[-76.2101978,6.37170361],[-76.21015357,6.37184426],[-76.21016306,6.37197273],[-76.21018002,6.37203005],[-76.21016596,6.37209705],[-76.21015906,6.37216163],[-76.21015451,6.37221664],[-76.21018826,6.37228823],[-76.210217,6.37230246],[-76.21026247,6.372319],[-76.21029611,6.37236429],[-76.21030006,6.37244441],[-76.21026762,6.37245639],[-76.21024977,6.37247439],[-76.21022613,6.37253725],[-76.21019949,6.37259713],[-76.21017292,6.37267196],[-76.21010449,6.37274098],[-76.21005988,6.37278898],[-76.20997639,6.37282519],[-76.20997069,6.37283587],[-76.20995826,6.37280447],[-76.20993396,6.37274007],[-76.20989064,6.37269013],[-76.20982829,6.37265466],[-76.20977307,6.37261436],[-76.20971535,6.37255495],[-76.20964547,6.37246215],[-76.20958755,6.37237166],[-76.20952738,6.3723027],[-76.2094649,6.37224571],[-76.20937364,6.37217456],[-76.20928012,6.37212255],[-76.20921302,6.37209188],[-76.20911006,6.37205905]]]]}},{"type":"Feature","properties":{"Proyecto":"Puente La Loma Urrao","Municipio":"Urrao","sector":"R","Matricula":"035-10276","terreno_co":"058470001000000470137000000000","Propietari":null,"ABS":null,"Area_Total":0,"Area_Req":0,"Area_Rem":0,"AreaSobran":0,"Shape_Leng":0,"Shape_Area":0},"geometry":{"type":"Polygon","coordinates":[[[-76.20727599,6.37395985],[-76.20736849,6.37388199],[-76.20742067,6.373835],[-76.20745948,6.3737972],[-76.20746191,6.3737941],[-76.20749293,6.37375067],[-76.20751125,6.3737159],[-76.20752783,6.37368442],[-76.20755042,6.37361361],[-76.20755486,6.37358829],[-76.20755772,6.37357198],[-76.20755943,6.37356222],[-76.20756218,6.37350998],[-76.20756031,6.37346814],[-76.20755686,6.37345374],[-76.20754884,6.37342032],[-76.20752661,6.3733611],[-76.20751541,6.37334328],[-76.20749817,6.37331587],[-76.20745623,6.37325968],[-76.20740207,6.37319725],[-76.20734904,6.37315068],[-76.20726978,6.37307521],[-76.20725938,6.37306597],[-76.2071251,6.37294656],[-76.20705004,6.37288094],[-76.20664674,6.37250809],[-76.20638126,6.37226908],[-76.2063378,6.37222995],[-76.20618472,6.37209727],[-76.20609548,6.37202043],[-76.20608267,6.3720094],[-76.20598352,6.37193886],[-76.2059155,6.37189068],[-76.20581735,6.37183939],[-76.20567241,6.37178023],[-76.20564572,6.37176857],[-76.2057163,6.37139694],[-76.20603032,6.37121472],[-76.20616345,6.37113777],[-76.20618599,6.37117579],[-76.20640468,6.37154459],[-76.20656893,6.37178668],[-76.20675276,6.37196469],[-76.20697424,6.37217785],[-76.20717599,6.37241978],[-76.20732243,6.37262443],[-76.20748042,6.37277344],[-76.20750181,6.37279363],[-76.2076766,6.37291649],[-76.20796164,6.37303008],[-76.20808295,6.37302516],[-76.20829454,6.37297794],[-76.2084286,6.37285601],[-76.20860415,6.37263017],[-76.2088083,6.37238656],[-76.20895142,6.37231976],[-76.20914988,6.37230128],[-76.20934025,6.3724594],[-76.20945365,6.37267521],[-76.20956406,6.37278049],[-76.20962419,6.37283782],[-76.20972398,6.37296321],[-76.20979283,6.37307548],[-76.20980044,6.37331601],[-76.20980108,6.3734727],[-76.20974859,6.37358106],[-76.20954166,6.37367988],[-76.20951072,6.37370009],[-76.20942014,6.37375785],[-76.20936302,6.37381546],[-76.20928674,6.3738636],[-76.20922956,6.37390687],[-76.2091772,6.37395968],[-76.20912001,6.37399817],[-76.20906277,6.3740271],[-76.20899595,6.37405129],[-76.20895295,6.37405624],[-76.2089242,6.37403724],[-76.20889534,6.37399432],[-76.20886169,6.37394664],[-76.20878028,6.37390872],[-76.20867503,6.37388525],[-76.20856988,6.37388568],[-76.20819736,6.37395894],[-76.20809256,6.37404545],[-76.20799248,6.37411759],[-76.20792579,6.37417046],[-76.20785433,6.37422814],[-76.20778757,6.37426667],[-76.20772093,6.37433389],[-76.20769733,6.37440571],[-76.20769273,6.37444877],[-76.2076882,6.37451095],[-76.2075121,6.37469339],[-76.20748648,6.37472895],[-76.20743606,6.3747989],[-76.2073933,6.37486124],[-76.20735532,6.37492356],[-76.2073077,6.37496679],[-76.20725526,6.37500048],[-76.2072124,6.37503891],[-76.20714094,6.37509659],[-76.20706951,6.37515905],[-76.20705554,6.37524996],[-76.2070223,6.37530269],[-76.20700816,6.37535057],[-76.20699887,6.37541755],[-76.20700389,6.37547492],[-76.20700417,6.37554186],[-76.20700934,6.37563747],[-76.20702393,6.37569958],[-76.20704801,6.37574251],[-76.20705767,6.37576638],[-76.2070722,6.37581414],[-76.20708185,6.37589781],[-76.20707946,6.37589301],[-76.20689302,6.37588661],[-76.20677827,6.37587632],[-76.20659891,6.37584837],[-76.20647527,6.37582098],[-76.2064043,6.37580525],[-76.20637645,6.37579908],[-76.20622998,6.37575684],[-76.2062293,6.37575665],[-76.20622027,6.37575432],[-76.20622474,6.37574321],[-76.2062563,6.37569387],[-76.2063251,6.3756085],[-76.20638399,6.37553282],[-76.20640859,6.37549839],[-76.20641529,6.37548901],[-76.20643712,6.37544943],[-76.20645956,6.37538996],[-76.20647845,6.37532299],[-76.2064943,6.37524844],[-76.20650109,6.37521649],[-76.20653009,6.37504588],[-76.20654911,6.37496339],[-76.20657798,6.37487494],[-76.20659417,6.37483278],[-76.20660239,6.37481136],[-76.20663906,6.3747424],[-76.20667995,6.3746802],[-76.20674764,6.37459762],[-76.20687025,6.37447485],[-76.20694686,6.37440164],[-76.20697889,6.37436301],[-76.20701153,6.37431487],[-76.20707841,6.37420226],[-76.20715497,6.37408367],[-76.20720508,6.37402604],[-76.20727599,6.37395985]]]}},{"type":"Feature","properties":{"Proyecto":"Puente La Loma Urrao","Municipio":"Urrao","sector":"R","Matricula":"035-3460","terreno_co":"058470001000000470140000000000","Propietari":null,"ABS":null,"Area_Total":0,"Area_Req":0,"Area_Rem":0,"AreaSobran":0,"Shape_Leng":0,"Shape_Area":0},"geometry":{"type":"MultiPolygon","coordinates":[[[[-76.20472735,6.37166439],[-76.20472621,6.37165687],[-76.20471925,6.37150965],[-76.2047157,6.37143445],[-76.20471224,6.37136108],[-76.20481751,6.37129071],[-76.20510101,6.37102912],[-76.2052769,6.37088494],[-76.20547266,6.37074509],[-76.2056845,6.37076187],[-76.2059337,6.37087736],[-76.20596299,6.37089094],[-76.2060282,6.37096512],[-76.20612922,6.37108005],[-76.2061358,6.37109114],[-76.20607709,6.37112507],[-76.20600317,6.3711678],[-76.20572968,6.37132651],[-76.20538652,6.37152564],[-76.20517985,6.37163278],[-76.20514846,6.37164108],[-76.20506378,6.37164577],[-76.204954,6.37165184],[-76.20490133,6.37165601],[-76.20487683,6.37165611],[-76.20472735,6.37166439]]],[[[-76.20541259,6.37157318],[-76.2057163,6.37139694],[-76.20564572,6.37176857],[-76.2056334,6.37176502],[-76.20555937,6.37173918],[-76.20535128,6.37167699],[-76.20530751,6.3716656],[-76.20526274,6.37165087],[-76.20541259,6.37157318]]]]}},{"type":"Feature","properties":{"Proyecto":"Puente Churimbo","Municipio":"Santa Fe de Antioquia","sector":"R","Matricula":"024-5689","terreno_co":"050420001000000340116000000000","Propietari":null,"ABS":null,"Area_Total":0,"Area_Req":0,"Area_Rem":0,"AreaSobran":0,"Shape_Leng":0,"Shape_Area":116570.346765},"geometry":{"type":"Polygon","coordinates":[[[-75.97673612,6.59976689],[-75.97674696,6.59976675],[-75.97681391,6.59979386],[-75.97688236,6.59981511],[-75.9769191,6.59982002],[-75.97691944,6.59982361],[-75.97691231,6.5998831],[-75.97691296,6.59988644],[-75.97691861,6.59991565],[-75.97691944,6.59991994],[-75.97692034,6.59997827],[-75.97697078,6.60000493],[-75.97701499,6.60004743],[-75.97703865,6.60008677],[-75.97708844,6.60012628],[-75.97712071,6.60030509],[-75.97714269,6.60054709],[-75.97727996,6.60065182],[-75.97747008,6.60080897],[-75.97754426,6.60093499],[-75.97760815,6.6011242],[-75.97768594,6.60121116],[-75.97762937,6.6012424],[-75.97743208,6.60119398],[-75.97714073,6.60123993],[-75.97679895,6.60129167],[-75.97664206,6.60131468],[-75.97657652,6.60176889],[-75.97626112,6.60160202],[-75.9760535,6.60155237],[-75.97590198,6.60151372],[-75.97577298,6.6014974],[-75.97531788,6.60149898],[-75.97508796,6.60148304],[-75.97489731,6.60147256],[-75.97468399,6.60140052],[-75.97452208,6.60143136],[-75.97428957,6.60145302],[-75.97398652,6.60137011],[-75.97372601,6.60129543],[-75.97349247,6.60118295],[-75.97337387,6.60147312],[-75.97319904,6.60188947],[-75.97312459,6.60219208],[-75.97299267,6.60229335],[-75.97281686,6.60245148],[-75.97277732,6.60245657],[-75.97277038,6.6023619],[-75.97273158,6.60229201],[-75.97269627,6.60221861],[-75.97260133,6.60212443],[-75.97252406,6.60206869],[-75.97243974,6.60200248],[-75.97236586,6.60191872],[-75.97220026,6.60175372],[-75.97211601,6.60170501],[-75.9720317,6.6016423],[-75.97198604,6.60161096],[-75.97196129,6.60155153],[-75.97192549,6.60134856],[-75.97190729,6.60121761],[-75.97187548,6.60114419],[-75.9716823,6.60123276],[-75.97159124,6.60123661],[-75.97148261,6.60122652],[-75.97134942,6.60120601],[-75.97125475,6.60118186],[-75.97113868,6.60116633],[-75.97112527,6.60096416],[-75.97108691,6.60085055],[-75.97102319,6.60071808],[-75.97098476,6.60058551],[-75.97093988,6.60042137],[-75.97091323,6.6003183],[-75.97094392,6.60020261],[-75.97090341,6.60007386],[-75.97087193,6.59998063],[-75.97083805,6.59992279],[-75.97082112,6.5998948],[-75.97079738,6.59984702],[-75.97083533,6.5998599],[-75.97092896,6.59989168],[-75.97103178,6.59993234],[-75.9711223,6.59997716],[-75.97124574,6.60004237],[-75.97143691,6.6002227],[-75.97151104,6.60027989],[-75.97160556,6.60029596],[-75.97169173,6.60027921],[-75.97179016,6.60024599],[-75.97185991,6.60022931],[-75.97195014,6.60020023],[-75.97206915,6.60017925],[-75.97215526,6.60014608],[-75.97222901,6.60010064],[-75.97229047,6.60006346],[-75.97239313,6.60006307],[-75.97248353,6.60007915],[-75.97257962,6.60004961],[-75.97264526,6.60003294],[-75.97272753,6.60006957],[-75.9728466,6.60006501],[-75.97288339,6.60001971],[-75.97293257,6.5999949],[-75.97298599,6.6000029],[-75.97303133,6.60004789],[-75.97308476,6.60006],[-75.97313809,6.60004338],[-75.97321592,6.59999382],[-75.97326913,6.59994846],[-75.97331833,6.59992775],[-75.97340053,6.59994385],[-75.97347032,6.59993948],[-75.97354411,6.59990636],[-75.97363024,6.59988926],[-75.97367653,6.59989679],[-75.97371781,6.59993774],[-75.97376153,6.59994529],[-75.97381025,6.59989626],[-75.97387093,6.5998163],[-75.97395058,6.59978786],[-75.97408199,6.59980143],[-75.97413853,6.59986687],[-75.97421866,6.59996505],[-75.97430826,6.60008665],[-75.97437856,6.60006762],[-75.97444424,6.60006737],[-75.97464271,6.59994432],[-75.97477378,6.59986878],[-75.97485343,6.59984034],[-75.97493775,6.59980719],[-75.97509268,6.59983943],[-75.97514927,6.59991425],[-75.97515893,6.59998925],[-75.97514987,6.6000737],[-75.97525774,6.60015042],[-75.97539991,6.60013092],[-75.97554265,6.60026309],[-75.97572264,6.60021501],[-75.97586455,6.60012915],[-75.97607945,6.60005155],[-75.97615366,6.6000141],[-75.97620227,6.59996514],[-75.97624622,6.59991387],[-75.97628549,6.59985332],[-75.97629016,6.59983846],[-75.97632049,6.59983494],[-75.97640463,6.59982644],[-75.97646452,6.59980377],[-75.97650512,6.59976186],[-75.97652452,6.59977576],[-75.97658491,6.59976856],[-75.97662209,6.59976842],[-75.97665038,6.59976804],[-75.97668729,6.59976755],[-75.97673612,6.59976689]]]}},{"type":"Feature","properties":{"Proyecto":"Puente Churimbo","Municipio":"Santa Fe de Antioquia","sector":"R","Matricula":"024-12770","terreno_co":"050420001000000340065000000000","Propietari":null,"ABS":null,"Area_Total":0,"Area_Req":0,"Area_Rem":0,"AreaSobran":0,"Shape_Leng":0,"Shape_Area":124124.433751},"geometry":{"type":"Polygon","coordinates":[[[-75.9769191,6.59982002],[-75.97688236,6.59981511],[-75.97681391,6.59979386],[-75.97674696,6.59976675],[-75.97673612,6.59976689],[-75.97669287,6.59976747],[-75.97662209,6.59976842],[-75.97659301,6.59976853],[-75.97658491,6.59976856],[-75.97652452,6.59977576],[-75.97650512,6.59976186],[-75.97646452,6.59980377],[-75.97640463,6.59982644],[-75.97632049,6.59983494],[-75.97629016,6.59983846],[-75.97628549,6.59985332],[-75.97624622,6.59991387],[-75.97620227,6.59996514],[-75.97615366,6.6000141],[-75.97607945,6.60005155],[-75.97586455,6.60012915],[-75.9759015,6.59986521],[-75.97590673,6.59956565],[-75.97590557,6.59925974],[-75.97586627,6.59898584],[-75.97585277,6.59878832],[-75.9759155,6.59852041],[-75.97592988,6.59846691],[-75.97599094,6.5982397],[-75.97606665,6.59796182],[-75.97613549,6.59762378],[-75.97621122,6.59741954],[-75.97624898,6.59729194],[-75.97622937,6.59716455],[-75.97602427,6.59687853],[-75.97589186,6.59661362],[-75.97554819,6.59585756],[-75.97575964,6.59555924],[-75.97609919,6.59540919],[-75.97646383,6.59512815],[-75.97679121,6.59499716],[-75.97700401,6.59538787],[-75.97730097,6.59558809],[-75.97741998,6.59572976],[-75.97761004,6.59585932],[-75.97776437,6.59594164],[-75.97810976,6.59641408],[-75.97833757,6.59712385],[-75.9784333,6.59737221],[-75.97857637,6.59760854],[-75.97881364,6.59769054],[-75.97902685,6.59767788],[-75.97945466,6.59775865],[-75.97950842,6.59783195],[-75.97942188,6.59792584],[-75.97928831,6.59795976],[-75.97916829,6.59804041],[-75.97904167,6.59814113],[-75.97898847,6.59821484],[-75.97884881,6.59840249],[-75.97877863,6.59842685],[-75.97871001,6.59844824],[-75.97860451,6.59850148],[-75.97851485,6.59854937],[-75.97843634,6.59875044],[-75.97836794,6.59882995],[-75.97829939,6.59887248],[-75.97815676,6.59888887],[-75.9780881,6.5988997],[-75.97774328,6.59904217],[-75.97771691,6.59920419],[-75.97762305,6.59936645],[-75.97743471,6.59952908],[-75.97731386,6.59969145],[-75.97715226,6.59978651],[-75.97711339,6.59983069],[-75.97698219,6.59985052],[-75.97693421,6.59982733],[-75.9769191,6.59982002]]]}},{"type":"Feature","properties":{"Proyecto":"Puente La Florida Toledo","Municipio":"Toledo\r\n","sector":"R","Matricula":"037-37853","terreno_co":"058190001000000110019000000000","Propietari":null,"ABS":null,"Area_Total":0,"Area_Req":0,"Area_Rem":0,"AreaSobran":0,"Shape_Leng":0,"Shape_Area":47766.6212086},"geometry":{"type":"Polygon","coordinates":[[[-75.70918752,7.02335839],[-75.70920639,7.02330245],[-75.70924954,7.02323469],[-75.70925831,7.02319657],[-75.70926451,7.0231832],[-75.7092714,7.0231683],[-75.70927598,7.02315842],[-75.70928863,7.02313806],[-75.70930252,7.02311007],[-75.7093367,7.02306806],[-75.70938235,7.0230298],[-75.70940635,7.02298401],[-75.70942785,7.02290454],[-75.7094684,7.02286503],[-75.70949883,7.02283953],[-75.70953817,7.02281654],[-75.70956988,7.02279358],[-75.70961685,7.02276929],[-75.70963289,7.02275329],[-75.70964947,7.0227191],[-75.70967636,7.02267852],[-75.70970171,7.02265461],[-75.70974458,7.02263541],[-75.70977161,7.02263452],[-75.70982171,7.02263911],[-75.70987345,7.02265878],[-75.70994981,7.02263507],[-75.7100381,7.02255616],[-75.71007731,7.02251345],[-75.71010662,7.02245439],[-75.71013594,7.02239534],[-75.71018484,7.02231001],[-75.71021412,7.02224113],[-75.71023844,7.02219675],[-75.71026627,7.02214597],[-75.7103183,7.02201805],[-75.710397,7.02191872],[-75.71044608,7.02188252],[-75.71048849,7.02181687],[-75.71053082,7.02172829],[-75.71061236,7.021597],[-75.71070395,7.02152463],[-75.71075291,7.02145568],[-75.71075919,7.02137705],[-75.71076212,7.02127551],[-75.71078476,7.02116693],[-75.71081441,7.02104389],[-75.71085674,7.02095531],[-75.71089586,7.0208864],[-75.71096456,7.02083375],[-75.71102346,7.02079425],[-75.71106592,7.0207417],[-75.71110502,7.0206695],[-75.71114077,7.0205744],[-75.71118313,7.02049237],[-75.71120101,7.02046469],[-75.71131096,7.02054217],[-75.71139192,7.02065329],[-75.71145768,7.0208511],[-75.71156364,7.02102093],[-75.71172599,7.02136694],[-75.71184142,7.02158934],[-75.7120848,7.02195725],[-75.71234884,7.0221389],[-75.71247627,7.02224676],[-75.71253557,7.02236723],[-75.7126025,7.02256716],[-75.71246508,7.02258248],[-75.71236855,7.02260508],[-75.71227565,7.02260169],[-75.71215272,7.02251307],[-75.71203986,7.02240972],[-75.71193543,7.02236323],[-75.71181291,7.02236365],[-75.71174526,7.02240033],[-75.7116466,7.02242657],[-75.71157609,7.02244475],[-75.71151458,7.02246419],[-75.71144664,7.02248236],[-75.71137618,7.02251336],[-75.71132624,7.02254172],[-75.71128016,7.02257391],[-75.71124691,7.02260349],[-75.71122133,7.02262792],[-75.71119317,7.02264596],[-75.71116372,7.022664],[-75.71106858,7.02271336],[-75.71099945,7.02275844],[-75.7109406,7.02280605],[-75.71090233,7.02287153],[-75.71086783,7.02291137],[-75.71079353,7.02294366],[-75.71076931,7.02298858],[-75.71075273,7.02301811],[-75.71069764,7.02304264],[-75.7106477,7.02306972],[-75.71057693,7.02312072],[-75.71050142,7.02317607],[-75.71044386,7.02322496],[-75.71040043,7.0232802],[-75.71035696,7.0233252],[-75.71030193,7.02336382],[-75.71026609,7.02338957],[-75.71016853,7.02347619],[-75.71010322,7.02351101],[-75.71006102,7.02355215],[-75.71003035,7.02358557],[-75.70995861,7.02361785],[-75.70988168,7.02363349],[-75.70978544,7.02363127],[-75.70966577,7.02364102],[-75.70959638,7.02366291],[-75.70949897,7.02369272],[-75.70939905,7.02373535],[-75.70929654,7.02377414],[-75.70918749,7.02377837],[-75.70904889,7.02376988],[-75.70900525,7.02376791],[-75.70904494,7.02367885],[-75.70907659,7.02363938],[-75.70909556,7.02360884],[-75.70912596,7.02357572],[-75.7091513,7.02354897],[-75.70917151,7.02350954],[-75.70918277,7.02345744],[-75.70918133,7.0234092],[-75.70918752,7.02335839]]]}},{"type":"Feature","properties":{"Proyecto":"Puente La Florida Toledo","Municipio":"Toledo\r\n","sector":"R","Matricula":"037-48916","terreno_co":"058190001000000110055000000000","Propietari":null,"ABS":null,"Area_Total":0,"Area_Req":0,"Area_Rem":0,"AreaSobran":0,"Shape_Leng":0,"Shape_Area":12472.8951554},"geometry":{"type":"Polygon","coordinates":[[[-75.70876495,7.02321927],[-75.70885256,7.02317636],[-75.70896546,7.02315159],[-75.70905459,7.02314923],[-75.70910213,7.02316102],[-75.70913303,7.02316102],[-75.70917224,7.02315512],[-75.70920433,7.02315748],[-75.70922691,7.0231622],[-75.7092714,7.0231683],[-75.70926451,7.0231832],[-75.70925831,7.02319657],[-75.70924954,7.02323469],[-75.70920639,7.02330245],[-75.70918752,7.02335839],[-75.70918301,7.02339542],[-75.70918133,7.0234092],[-75.70918277,7.02345744],[-75.70917151,7.02350954],[-75.7091513,7.02354897],[-75.70912596,7.02357572],[-75.70909556,7.02360884],[-75.70907659,7.02363938],[-75.70904494,7.02367885],[-75.70900525,7.02376791],[-75.70898978,7.02380261],[-75.70890858,7.02383862],[-75.70884041,7.02387784],[-75.70878847,7.0239105],[-75.70876258,7.02394957],[-75.70872376,7.02401142],[-75.70869785,7.02404399],[-75.7086948,7.02410247],[-75.70869824,7.02415443],[-75.70867562,7.02419999],[-75.70867252,7.02424222],[-75.70867265,7.0242812],[-75.70867935,7.0243364],[-75.70867298,7.0243754],[-75.70864386,7.02442098],[-75.7086192,7.02448433],[-75.70853041,7.02455073],[-75.70849858,7.02458731],[-75.70844157,7.02460346],[-75.70837086,7.0246151],[-75.70828373,7.02442407],[-75.70822646,7.02424978],[-75.70815211,7.0239148],[-75.70807545,7.02374022],[-75.70804976,7.02368172],[-75.70793524,7.02338486],[-75.70803054,7.02337889],[-75.70815533,7.02337952],[-75.70822127,7.02334815],[-75.7082549,7.02331595],[-75.70828582,7.02327573],[-75.70831457,7.02322857],[-75.7083886,7.02318268],[-75.70843031,7.02316274],[-75.70845918,7.02314981],[-75.70850205,7.02315501],[-75.70852995,7.02317095],[-75.70856858,7.02319007],[-75.70859854,7.02318141],[-75.70863846,7.02319083],[-75.70863852,7.02320902],[-75.70862466,7.02322778],[-75.70864236,7.02323521],[-75.70869537,7.02322968],[-75.70873197,7.02322421],[-75.70876495,7.02321927]]]}},{"type":"Feature","properties":{"Proyecto":"Puente El Verdun Jardin","Municipio":"Jardin","sector":"R","Matricula":"004-14015","terreno_co":"053640001000000100104000000000","Propietari":null,"ABS":null,"Area_Total":0,"Area_Req":0,"Area_Rem":0,"AreaSobran":0,"Shape_Leng":0,"Shape_Area":48275.2325398},"geometry":{"type":"Polygon","coordinates":[[[-75.85126283,5.59254267],[-75.85121095,5.59252955],[-75.85115263,5.59249693],[-75.85110984,5.5924539],[-75.85108142,5.59242529],[-75.85100379,5.59231463],[-75.85092609,5.59224297],[-75.85084832,5.5922038],[-75.85077056,5.59215814],[-75.85075136,5.5920346],[-75.8507451,5.59192409],[-75.85074931,5.59184311],[-75.85075186,5.59179411],[-75.85072611,5.59169656],[-75.85068093,5.59158597],[-75.85064869,5.5914884],[-75.85059702,5.5913778],[-75.85057771,5.59130626],[-75.85062334,5.59120236],[-75.85065586,5.59116342],[-75.85074035,5.5910921],[-75.8507486,5.59105526],[-75.85075579,5.59102313],[-75.8509178,5.59111775],[-75.85110511,5.59123426],[-75.85153066,5.5913079],[-75.85193266,5.59132073],[-75.85245091,5.59142575],[-75.85256961,5.59151804],[-75.85264521,5.59154527],[-75.85278559,5.59160512],[-75.85287192,5.59167027],[-75.85293668,5.59171372],[-75.85306086,5.59176813],[-75.85321202,5.59184424],[-75.85330928,5.59184986],[-75.85348239,5.59176359],[-75.85360851,5.59187895],[-75.85356736,5.59193597],[-75.85351476,5.5920158],[-75.85345759,5.59209791],[-75.85338218,5.59218227],[-75.85334097,5.59226442],[-75.85330664,5.59232601],[-75.85332016,5.59240371],[-75.85340212,5.5924587],[-75.85352746,5.59248637],[-75.85377719,5.59260624],[-75.8535993,5.59271675],[-75.85333948,5.59292195],[-75.8531825,5.59304615],[-75.85293916,5.59312145],[-75.85267395,5.59331581],[-75.85240937,5.59339004],[-75.85232528,5.59327287],[-75.8522022,5.59318161],[-75.85207902,5.59314235],[-75.85200158,5.59312279],[-75.85197527,5.59311614],[-75.85187804,5.59307694],[-75.85179385,5.59300526],[-75.85167073,5.5929335],[-75.85163196,5.59286193],[-75.85159323,5.59276435],[-75.85152848,5.59270571],[-75.85146785,5.5926822],[-75.85144421,5.59267304],[-75.85137299,5.59260139],[-75.85128113,5.59255243],[-75.85126283,5.59254267]]]}},{"type":"Feature","properties":{"Proyecto":"Puente El Verdun Jardin","Municipio":"Jardin","sector":"R","Matricula":"004-12937","terreno_co":"053640001000000110112000000000","Propietari":null,"ABS":null,"Area_Total":0,"Area_Req":0,"Area_Rem":0,"AreaSobran":0,"Shape_Leng":0,"Shape_Area":19773.7775906},"geometry":{"type":"Polygon","coordinates":[[[-75.85052085,5.59260961],[-75.85041571,5.59257779],[-75.85036641,5.59257924],[-75.85031841,5.59258069],[-75.85025476,5.59255618],[-75.85022092,5.59251989],[-75.85018311,5.59245891],[-75.85014128,5.59235634],[-75.85013219,5.59227387],[-75.85011338,5.59222646],[-75.85010583,5.5921413],[-75.85011755,5.59207553],[-75.85009455,5.59199034],[-75.85004836,5.59191284],[-75.84999065,5.59180048],[-75.84990964,5.59175],[-75.84987496,5.59170736],[-75.84982871,5.59165695],[-75.84976315,5.5916065],[-75.84968214,5.59154828],[-75.84964366,5.59147853],[-75.8496399,5.59143208],[-75.84964001,5.5913779],[-75.8496054,5.59130429],[-75.84960548,5.59126559],[-75.84960949,5.59119207],[-75.84963287,5.59109536],[-75.84957885,5.59106816],[-75.84950167,5.59102929],[-75.84942835,5.59099431],[-75.8493937,5.59093618],[-75.84936291,5.59088194],[-75.8493669,5.59082389],[-75.84937867,5.5907349],[-75.84934791,5.59066904],[-75.84932486,5.5906032],[-75.84932911,5.59054733],[-75.84985813,5.5905153],[-75.85055245,5.59097471],[-75.85053281,5.59105917],[-75.85050662,5.59117611],[-75.85048695,5.59127357],[-75.8504931,5.59143608],[-75.85053827,5.59155317],[-75.8505705,5.59165073],[-75.85057661,5.59183274],[-75.85059681,5.59193504],[-75.85060871,5.59199531],[-75.85062788,5.59213834],[-75.85074444,5.59224259],[-75.85084796,5.5923793],[-75.85093215,5.59245097],[-75.85101634,5.59252265],[-75.85105692,5.59255406],[-75.8510838,5.59257468],[-75.85110873,5.59259381],[-75.85109367,5.5926872],[-75.85106851,5.59274334],[-75.85102994,5.59278335],[-75.85096915,5.59279369],[-75.85083937,5.59278189],[-75.85069725,5.59271124],[-75.85061598,5.59265258],[-75.85052085,5.59260961]]]}},{"type":"Feature","properties":{"Proyecto":"Puente El Verdun Jardin","Municipio":"Jardin","sector":"R","Matricula":"004-7628","terreno_co":"053640001000000110142000000000","Propietari":null,"ABS":null,"Area_Total":0,"Area_Req":0,"Area_Rem":0,"AreaSobran":0,"Shape_Leng":0,"Shape_Area":188818.463818},"geometry":{"type":"MultiPolygon","coordinates":[[[[-75.85297138,5.59552094],[-75.85294327,5.59550599],[-75.85268003,5.595274],[-75.85264116,5.59523758],[-75.85260671,5.59519693],[-75.85257716,5.59515259],[-75.85255289,5.59510513],[-75.85253421,5.5950552],[-75.85252139,5.59500345],[-75.85251836,5.59495363],[-75.85250953,5.5949045],[-75.85249502,5.59485675],[-75.85247504,5.59481103],[-75.85244985,5.59476796],[-75.8524198,5.59472815],[-75.85201768,5.59435867],[-75.85184085,5.59423039],[-75.85175901,5.59417906],[-75.85167433,5.5941326],[-75.85158709,5.59409115],[-75.85152162,5.59406113],[-75.85145409,5.59403607],[-75.85138489,5.59401612],[-75.85131439,5.59400139],[-75.85129827,5.59399415],[-75.85128344,5.59398452],[-75.85127026,5.59397273],[-75.85125902,5.59395907],[-75.85125001,5.59394384],[-75.85124343,5.59392741],[-75.85123943,5.59391017],[-75.85123811,5.59389251],[-75.85123969,5.59387371],[-75.85124431,5.59385541],[-75.85125184,5.59383812],[-75.85126208,5.59382228],[-75.85127569,5.5938066],[-75.85128667,5.59378896],[-75.85129472,5.5937698],[-75.85129965,5.59374961],[-75.85130134,5.5937289],[-75.85129956,5.59370709],[-75.85129419,5.59368589],[-75.8514098,5.59369437],[-75.85143063,5.59369431],[-75.85143546,5.5936722],[-75.85138145,5.59358368],[-75.85129678,5.59343256],[-75.85122757,5.59327761],[-75.8511953,5.59316142],[-75.85114696,5.59300236],[-75.85109094,5.59283566],[-75.85107724,5.59280309],[-75.85106807,5.59275736],[-75.85106851,5.59274334],[-75.85108781,5.59270027],[-75.85109367,5.5926872],[-75.85110873,5.59259381],[-75.85117179,5.59263997],[-75.85121724,5.59266583],[-75.8512436,5.59268083],[-75.85132083,5.59272478],[-75.85139214,5.59275093],[-75.85139943,5.59275973],[-75.85145686,5.59282906],[-75.85148913,5.59290713],[-75.85151495,5.59297218],[-75.85157963,5.59306331],[-75.85164439,5.59312195],[-75.85178696,5.59320024],[-75.85187125,5.59321992],[-75.85190908,5.59323517],[-75.85193608,5.59324605],[-75.85200091,5.59326569],[-75.8520723,5.59325284],[-75.85215004,5.593305],[-75.8522083,5.59337012],[-75.85224706,5.5934482],[-75.85229873,5.5935588],[-75.85235044,5.59364991],[-75.85241508,5.59376704],[-75.85244088,5.59383859],[-75.85242117,5.59395555],[-75.85244682,5.5940986],[-75.85246596,5.59425464],[-75.85250461,5.59439122],[-75.85253002,5.59443812],[-75.85254338,5.5944628],[-75.85260804,5.59456693],[-75.85265986,5.59460604],[-75.85273114,5.59464518],[-75.85287382,5.59467148],[-75.85299703,5.59469774],[-75.85310731,5.59470447],[-75.8531981,5.59471766],[-75.85327588,5.59475682],[-75.85338613,5.59477655],[-75.85343788,5.59484815],[-75.85341867,5.59487497],[-75.85340924,5.59486402],[-75.85338513,5.59484237],[-75.85335809,5.59482453],[-75.85332873,5.59481089],[-75.85329767,5.59480173],[-75.85326561,5.59479727],[-75.85323323,5.5947976],[-75.85321233,5.59479924],[-75.85319198,5.59480432],[-75.85317275,5.59481269],[-75.85315516,5.59482413],[-75.8531397,5.59483833],[-75.85312679,5.59485488],[-75.85311678,5.59487334],[-75.85310995,5.5948932],[-75.85309423,5.59494361],[-75.85308287,5.59499519],[-75.85307599,5.59504755],[-75.85307361,5.59510032],[-75.85307408,5.59512562],[-75.85307802,5.59515565],[-75.85308669,5.59518466],[-75.85309986,5.59521192],[-75.8531172,5.59523673],[-75.85313825,5.59525846],[-75.8531625,5.59527655],[-75.85330165,5.59535073],[-75.85333891,5.59537774],[-75.85337298,5.59540868],[-75.85340347,5.59544317],[-75.8534071,5.5954519],[-75.85340931,5.5954611],[-75.85341004,5.59547053],[-75.85340925,5.59548009],[-75.85340694,5.59548941],[-75.85340317,5.59549823],[-75.85339803,5.59550633],[-75.85339167,5.59551351],[-75.85338425,5.59551957],[-75.85337594,5.59552435],[-75.85336698,5.59552775],[-75.8533576,5.59552966],[-75.85334803,5.59553004],[-75.85333852,5.59552888],[-75.85328843,5.59552317],[-75.85323917,5.59551243],[-75.85321059,5.59551007],[-75.85318196,5.59551179],[-75.85315386,5.59551755],[-75.85312686,5.59552725],[-75.85309609,5.59553538],[-75.85306445,5.59553884],[-75.85303265,5.59553755],[-75.8530014,5.59553154],[-75.85297138,5.59552094]]],[[[-75.85211898,5.59649644],[-75.85200477,5.59626942],[-75.85184168,5.59632048],[-75.85175463,5.59609049],[-75.85158363,5.5958544],[-75.85156995,5.5958426],[-75.85155039,5.59586537],[-75.85148055,5.59591014],[-75.8514117,5.59594361],[-75.85134575,5.59596887],[-75.85129407,5.59598945],[-75.85123894,5.59602209],[-75.85115407,5.59607626],[-75.85107117,5.5961218],[-75.85097114,5.59617249],[-75.85090067,5.59620594],[-75.85083536,5.59622257],[-75.85077793,5.59623598],[-75.85072907,5.59624462],[-75.85068303,5.5962711],[-75.85062965,5.59631104],[-75.85054244,5.59633268],[-75.85049193,5.5963535],[-75.85044865,5.5963794],[-75.85039137,5.59641804],[-75.85032395,5.59644658],[-75.85025537,5.59648076],[-75.85020205,5.59651335],[-75.85012065,5.59657208],[-75.85010737,5.59658805],[-75.85009173,5.59660171],[-75.85007412,5.5966127],[-75.85005499,5.59662075],[-75.85003482,5.59662565],[-75.85001414,5.59662728],[-75.84999346,5.5966256],[-75.84992688,5.5966021],[-75.84986642,5.59657166],[-75.84979796,5.59653546],[-75.84973168,5.59651434],[-75.84967711,5.5965107],[-75.84960745,5.59651927],[-75.8495743,5.59653027],[-75.84954691,5.59655418],[-75.84951048,5.59656838],[-75.84947568,5.59657162],[-75.8494278,5.5965804],[-75.84935658,5.59662371],[-75.84932541,5.59664382],[-75.84929047,5.59671792],[-75.84920613,5.59678943],[-75.8491531,5.59677397],[-75.84890659,5.59662831],[-75.84869777,5.59641822],[-75.84852649,5.59621897],[-75.84838091,5.59610811],[-75.84841239,5.59579573],[-75.8483879,5.59558079],[-75.84839828,5.59538591],[-75.84824875,5.59533062],[-75.84814915,5.59525546],[-75.84797986,5.59511018],[-75.84801008,5.59497031],[-75.84787462,5.59491132],[-75.84787492,5.59477156],[-75.84793452,5.59449215],[-75.84799937,5.59427189],[-75.84805858,5.59418063],[-75.84806943,5.59412152],[-75.8481235,5.59392273],[-75.84817129,5.59386772],[-75.84819342,5.59384224],[-75.84857482,5.59362802],[-75.84917379,5.59340041],[-75.84927826,5.59336071],[-75.84954069,5.5932668],[-75.84975615,5.59318969],[-75.84999249,5.59306655],[-75.85000348,5.59305779],[-75.85003598,5.59309278],[-75.85007323,5.59312264],[-75.85020172,5.59324416],[-75.85033163,5.59333828],[-75.85041453,5.59338523],[-75.8505277,5.593453],[-75.8506244,5.59348625],[-75.85072214,5.59351627],[-75.85082084,5.59354301],[-75.85114995,5.59363739],[-75.85117661,5.5936371],[-75.85120292,5.59364144],[-75.85122808,5.5936503],[-75.85125132,5.59366339],[-75.85126117,5.59367804],[-75.8512684,5.59369414],[-75.85127281,5.59371124],[-75.85127427,5.59372884],[-75.85127287,5.5937456],[-75.8512688,5.59376192],[-75.85126216,5.59377737],[-75.85125312,5.59379155],[-75.85124192,5.59380408],[-75.85122874,5.5938239],[-75.85121903,5.59384565],[-75.85121308,5.59386872],[-75.85121104,5.59389246],[-75.85121272,5.59391457],[-75.8512178,5.59393616],[-75.85122616,5.5939567],[-75.8512376,5.59397568],[-75.85125184,5.59399267],[-75.85126854,5.59400723],[-75.85128729,5.59401902],[-75.85130764,5.59402775],[-75.85137691,5.59404209],[-75.85144491,5.5940616],[-75.85151125,5.59408618],[-75.85157556,5.5941157],[-75.85166145,5.59415646],[-75.85174482,5.59420216],[-75.85182539,5.59425266],[-75.85200054,5.59437972],[-75.85240026,5.59474699],[-75.85242825,5.5947844],[-75.85245167,5.59482484],[-75.85247021,5.59486774],[-75.85248361,5.59491252],[-75.85249168,5.59495857],[-75.85249432,5.59500524],[-75.85249432,5.59500593],[-75.85250771,5.59506113],[-75.85252739,5.59511441],[-75.85255308,5.59516505],[-75.85258444,5.59521238],[-75.85262105,5.59525576],[-75.85266243,5.5952946],[-75.85292696,5.59552774],[-75.852959,5.59554511],[-75.85299328,5.59555744],[-75.85302904,5.59556444],[-75.85306543,5.59556595],[-75.85310164,5.59556193],[-75.85313683,5.59555249],[-75.85316006,5.59554398],[-75.85318427,5.59553884],[-75.85320895,5.59553718],[-75.85323362,5.59553902],[-75.85328394,5.59554991],[-75.85333509,5.59555584],[-75.85334877,5.5955572],[-75.85336249,5.59555637],[-75.85337591,5.59555339],[-75.85338869,5.59554831],[-75.85340051,5.59554127],[-75.85341106,5.59553245],[-75.85342009,5.59552207],[-75.85342737,5.59551038],[-75.85343272,5.59549769],[-75.85343599,5.59548431],[-75.85343711,5.59547059],[-75.85343589,5.59545592],[-75.85343223,5.59544168],[-75.85342621,5.59542826],[-75.85339312,5.5953905],[-75.853356,5.59535671],[-75.85331534,5.5953273],[-75.8531761,5.59525308],[-75.85315555,5.59523758],[-75.8531377,5.59521902],[-75.85312301,5.59519786],[-75.85311185,5.59517465],[-75.85310449,5.59514995],[-75.85310112,5.5951244],[-75.85310068,5.59510037],[-75.85310298,5.5950496],[-75.85310966,5.59499921],[-75.85312065,5.59494958],[-75.85313589,5.5949011],[-75.85314118,5.59488514],[-75.85314908,5.59487029],[-75.85315935,5.59485699],[-75.8531717,5.5948456],[-75.85318579,5.59483646],[-75.85320122,5.59482982],[-75.85321754,5.59482587],[-75.85323428,5.59482473],[-75.85326253,5.59482443],[-75.85329046,5.59482869],[-75.85331734,5.59483739],[-75.85334247,5.59485031],[-75.8533652,5.59486711],[-75.85338494,5.59488735],[-75.85339833,5.59490339],[-75.85337281,5.59493902],[-75.8533143,5.59499739],[-75.85328815,5.59509484],[-75.85328799,5.59517283],[-75.85337869,5.59523152],[-75.85350836,5.59527079],[-75.85355904,5.59531328],[-75.85358608,5.59533595],[-75.85365079,5.59541409],[-75.85371548,5.59550522],[-75.85371527,5.59560922],[-75.85369557,5.59571967],[-75.85369302,5.5957278],[-75.85366292,5.5958236],[-75.85363685,5.59588205],[-75.85357834,5.59594042],[-75.85350047,5.59594676],[-75.8534161,5.59595958],[-75.85333168,5.59599841],[-75.85326669,5.59605677],[-75.85320159,5.59616063],[-75.85318187,5.59628409],[-75.8531752,5.59637507],[-75.85324637,5.59646622],[-75.85334355,5.59653142],[-75.85348613,5.59660322],[-75.85362872,5.59666851],[-75.85377127,5.59675331],[-75.85388788,5.59683805],[-75.85397201,5.59693572],[-75.85403678,5.59698786],[-75.85410801,5.59705301],[-75.85410834,5.59705337],[-75.85404872,5.59708616],[-75.85396346,5.59712865],[-75.85386605,5.59715892],[-75.8537322,5.59716169],[-75.85357096,5.59717354],[-75.85343407,5.59717631],[-75.85332755,5.59720046],[-75.85323624,5.59722465],[-75.85316314,5.59727021],[-75.8530171,5.59711215],[-75.8529236,5.59708474],[-75.8528483,5.59700899],[-75.85274288,5.59690898],[-75.85259513,5.59684215],[-75.85252562,5.59679158],[-75.85239925,5.59669962],[-75.85219411,5.59665383],[-75.85211898,5.59649644]]]]}},{"type":"Feature","properties":{"Proyecto":"PAP Ituango y Carolina","Municipio":"Ituango","sector":"R","Matricula":"013-7579","terreno_co":"053610001000000140095000000000","Propietari":null,"ABS":null,"Area_Total":0,"Area_Req":0,"Area_Rem":0,"AreaSobran":0,"Shape_Leng":0,"Shape_Area":6518.8},"geometry":{"type":"Polygon","coordinates":[[[-75.74916589,7.16626943],[-75.74928264,7.16625559],[-75.74934177,7.1662404],[-75.74941912,7.16619707],[-75.74940244,7.16624129],[-75.74935064,7.16647516],[-75.74930442,7.16663306],[-75.74918224,7.16681461],[-75.74905486,7.16717144],[-75.74882122,7.16726576],[-75.74862475,7.16737083],[-75.74846503,7.16744231],[-75.74836826,7.16769741],[-75.74828976,7.16784807],[-75.74805281,7.1678978],[-75.74791123,7.16776433],[-75.74808283,7.16761441],[-75.74821921,7.16747499],[-75.74832285,7.16733576],[-75.7484065,7.16724337],[-75.7484856,7.16717125],[-75.74859146,7.16714259],[-75.74874731,7.16712919],[-75.74889063,7.16710498],[-75.74892368,7.16709133],[-75.74895638,7.16707411],[-75.74902423,7.16702163],[-75.74907534,7.1669637],[-75.7491186,7.16689647],[-75.74914619,7.16681688],[-75.74916127,7.16677138],[-75.74916591,7.16672692],[-75.74917042,7.16666068],[-75.74917289,7.16662054],[-75.74916773,7.16634112],[-75.74916589,7.16626943]]]}}]}
